<workflow-app name="ISO_PASP_EXTRACTS" xmlns="uri:oozie:workflow:0.1">
<start to="ISO_PASP_PAIDLOSS_PA_NoFault_NTX"/>


<action name="ISO_PASP_PAIDLOSS_PA_NoFault_NTX">
<ssh xmlns="uri:oozie:ssh-action:0.1">
<host>${focusNodeLogin}</host>
<command>${spark_run_script_path}</command>
<args>TABLE_NAME=paidloss_iso_pasp_auto</args>
<args>LAYER_NAME=TRANSFORMATION</args>
</ssh>
<ok to="ISO_PASP_PAID_LOSS_RES_CODES"/>
<error to="ISO_TRANSFORMATION_PASP_PAID_LOSS_LOAD_FAILURE"/>
</action>

<action name="ISO_TRANSFORMATION_PASP_PAID_LOSS_LOAD_FAILURE">
<email xmlns="uri:oozie:email-action:0.1">
<to>${failureEmailToAddress}</to>
<subject>${mode} : Failure ISO PASP PREM transformation load notification</subject>
<body>The wf ${wf:id()} for ISO PASP PREM transformation load has been failed , error message ${wf:errorMessage(wf:lastErrorNode())}</body>
</email>
<ok to="ISO_PASP_OUTLOSS_PA_NoFault_NTX"/>
<error to="KILL"/>
</action>


<action name="ISO_PASP_PAID_LOSS_RES_CODES">
<ssh xmlns="uri:oozie:ssh-action:0.1">
<host>${focusNodeLogin}</host>
<command>${spark_run_script_path}</command>
<args>TABLE_NAME=paidloss_iso_pasp_auto_resulting_codes</args>
<args>LAYER_NAME=TRANSFORMATION</args>
</ssh>
<ok to="ISO_PASP_PAID_LOSS_EXTRACT"/>
<error to="ISO_TRANSFORMATION_PASP_PAID_LOSS_RES_CODES_LOAD_FAILURE"/>
</action>

<action name="ISO_TRANSFORMATION_PASP_PAID_LOSS_RES_CODES_LOAD_FAILURE">
<email xmlns="uri:oozie:email-action:0.1">
<to>${failureEmailToAddress}</to>
<subject>${mode} : Failure ISO PASP PAID LOSS resulting codes load notification</subject>
<body>The wf ${wf:id()} for ISO PASP PAID LOSS resulting codes load has been failed , error message ${wf:errorMessage(wf:lastErrorNode())}</body>
</email>
<ok to="ISO_PASP_OUTLOSS_PA_NoFault_NTX"/>
<error to="KILL"/>
</action>

<action name="ISO_PASP_PAID_LOSS_EXTRACT">
<ssh xmlns="uri:oozie:ssh-action:0.1">
<host>${focusNodeLogin}</host>
<command>${spark_run_script_pathpasppaidloss}</command>
<args>TABLE_NAME=ISO_PASP_AUTO</args>
<args>LAYER_NAME=TRANSFORMATION</args>
</ssh>
<ok to="ISO_PASP_OUTLOSS_PA_NoFault_NTX"/>
<error to="ISO_TRANSFORMATION_PASP_PAID_LOSS_EXTRACT_FAILURE"/>
</action>

<action name="ISO_TRANSFORMATION_PASP_PAID_LOSS_EXTRACT_FAILURE">
<email xmlns="uri:oozie:email-action:0.1">
<to>${failureEmailToAddress}</to>
<subject>${mode} : Failure ISO PASP PAID LOSS Extract notification</subject>
<body>The wf ${wf:id()} for ISO PASP PAID LOSS Extract has been failed , error message ${wf:errorMessage(wf:lastErrorNode())}</body>
</email>
<ok to="ISO_PASP_OUTLOSS_PA_NoFault_NTX"/>
<error to="KILL"/>
</action>

<action name="ISO_PASP_OUTLOSS_PA_NoFault_NTX">
<ssh xmlns="uri:oozie:ssh-action:0.1">
<host>${focusNodeLogin}</host>
<command>${spark_run_script_path}</command>
<args>TABLE_NAME=outloss_iso_pasp_auto</args>
<args>LAYER_NAME=TRANSFORMATION</args>
</ssh>
<ok to="ISO_PASP_OUT_LOSS_RES_CODES"/>
<error to="ISO_TRANSFORMATION_PASP_OUT_LOSS_LOAD_FAILURE"/>
</action>

<action name="ISO_TRANSFORMATION_PASP_OUT_LOSS_LOAD_FAILURE">
<email xmlns="uri:oozie:email-action:0.1">
<to>${failureEmailToAddress}</to>
<subject>${mode} : Failure ISO PASP PREM transformation load notification</subject>
<body>The wf ${wf:id()} for ISO PASP PREM transformation load has been failed , error message ${wf:errorMessage(wf:lastErrorNode())}</body>
</email>
<ok to="ISO_PASP_PHYDAM_PREM_NONTX_LOAD"/>
<error to="KILL"/>
</action>


<action name="ISO_PASP_OUT_LOSS_RES_CODES">
<ssh xmlns="uri:oozie:ssh-action:0.1">
<host>${focusNodeLogin}</host>
<command>${spark_run_script_path}</command>
<args>TABLE_NAME=outloss_iso_pasp_auto_resulting_codes</args>
<args>LAYER_NAME=TRANSFORMATION</args>
</ssh>
<ok to="ISO_PASP_OUT_LOSS_EXTRACT"/>
<error to="ISO_TRANSFORMATION_PASP_OUT_LOSS_RES_CODES_LOAD_FAILURE"/>
</action>

<action name="ISO_TRANSFORMATION_PASP_OUT_LOSS_RES_CODES_LOAD_FAILURE">
<email xmlns="uri:oozie:email-action:0.1">
<to>${failureEmailToAddress}</to>
<subject>${mode} : Failure ISO PASP OUT LOSS resulting codes load notification</subject>
<body>The wf ${wf:id()} for ISO PASP OUT LOSS resulting codes load has been failed , error message ${wf:errorMessage(wf:lastErrorNode())}</body>
</email>
<ok to="ISO_PASP_PHYDAM_PREM_NONTX_LOAD"/>
<error to="KILL"/>
</action>

<action name="ISO_PASP_OUT_LOSS_EXTRACT">
<ssh xmlns="uri:oozie:ssh-action:0.1">
<host>${focusNodeLogin}</host>
<command>${spark_run_script_pathpaspoutloss}</command>
<args>TABLE_NAME=ISO_PASP_AUTO</args>
<args>LAYER_NAME=TRANSFORMATION</args>
</ssh>
<ok to="ISO_PASP_PHYDAM_PREM_NONTX_LOAD"/>
<error to="ISO_TRANSFORMATION_PASP_OUT_LOSS_EXTRACT_FAILURE"/>
</action>

<action name="ISO_TRANSFORMATION_PASP_OUT_LOSS_EXTRACT_FAILURE">
<email xmlns="uri:oozie:email-action:0.1">
<to>${failureEmailToAddress}</to>
<subject>${mode} : Failure ISO PASP OUT LOSS Extract notification</subject>
<body>The wf ${wf:id()} for ISO PASP OUT LOSS Extract has been failed , error message ${wf:errorMessage(wf:lastErrorNode())}</body>
</email>
<ok to="ISO_PASP_PHYDAM_PREM_NONTX_LOAD"/>
<error to="KILL"/>
</action>

<action name="ISO_PASP_PHYDAM_PREM_NONTX_LOAD">
<ssh xmlns="uri:oozie:ssh-action:0.1">
<host>${focusNodeLogin}</host>
<command>${spark_run_script_path}</command>
<args>TABLE_NAME=phntprem_iso_pasp_auto_ph</args>
<args>LAYER_NAME=TRANSFORMATION</args>
</ssh>
<ok to="ISO_PASP_PHYDAM_PREM_NONTX_EXTRACT"/>
<error to="ISO_PASP_PHYDAM_PREM_NONTX_LOAD_FAILURE"/>
</action>

<action name="ISO_PASP_PHYDAM_PREM_NONTX_LOAD_FAILURE">
<email xmlns="uri:oozie:email-action:0.1">
<to>${failureEmailToAddress}</to>
<subject>${mode} : Failure ISO PASP Physical Damage Premium Non-TX transformation load notification</subject>
<body>The wf ${wf:id()} for ISO PASP Physical Damage Premium Non-TX transformation load has been failed , error message ${wf:errorMessage(wf:lastErrorNode())}</body>
</email>
<ok to="ISO_PASP_LOAD"/>
<error to="KILL"/>
</action>

<action name="ISO_PASP_PHYDAM_PREM_NONTX_EXTRACT">
<ssh xmlns="uri:oozie:ssh-action:0.1">
<host>${focusNodeLogin}</host>
<command>${spark_run_script_pathpaspphntprem}</command>
<args>TABLE_NAME=iso_pasp_auto_ph_prem_non_tx_extract</args>
<args>LAYER_NAME=TRANSFORMATION</args>
</ssh>
<ok to="ISO_PASP_LOAD"/>
<error to="ISO_PASP_PHYDAM_PREM_NONTX_EXTRACT_FAILURE"/>
</action>

<action name="ISO_PASP_PHYDAM_PREM_NONTX_EXTRACT_FAILURE">
<email xmlns="uri:oozie:email-action:0.1">
<to>${failureEmailToAddress}</to>
<subject>${mode} : Failure ISO PASP Physical Damage Premium Non-TX extract notification</subject>
<body>The wf ${wf:id()} for ISO PASP Physical Damage Premium Non-TX extract has been failed , error message ${wf:errorMessage(wf:lastErrorNode())}</body>
</email>
<ok to="ISO_PASP_LOAD"/>
<error to="KILL"/>
</action>


<fork name="ISO_PASP_LOAD">
<path start="ISO_PASP_PREM_PA_NoFault_NTX"/>
<path start="ISO_PASP_LIAB_LOAD"/>
</fork>
<join name="ISO_PASP_LOAD_JOIN" to="ISO_EXTRACTS_COMPLETE"/>


<action name="ISO_PASP_PREM_PA_NoFault_NTX">
<ssh xmlns="uri:oozie:ssh-action:0.1">
<host>${focusNodeLogin}</host>
<command>${spark_run_script_path}</command>
<args>TABLE_NAME=prem_iso_pasp_auto</args>
<args>LAYER_NAME=TRANSFORMATION</args>
</ssh>
<ok to="ISO_PASP_PREM_RES_CODES"/>
<error to="ISO_TRANSFORMATION_PASP_PREM_LOAD_FAILURE"/>
</action>

<action name="ISO_TRANSFORMATION_PASP_PREM_LOAD_FAILURE">
<email xmlns="uri:oozie:email-action:0.1">
<to>${failureEmailToAddress}</to>
<subject>${mode} : Failure ISO PASP PREM transformation load notification</subject>
<body>The wf ${wf:id()} for ISO PASP PREM transformation load has been failed , error message ${wf:errorMessage(wf:lastErrorNode())}</body>
</email>
<ok to="ISO_PASP_LOAD_JOIN"/>
<error to="KILL"/>
</action>

<action name="ISO_PASP_PREM_RES_CODES">
<ssh xmlns="uri:oozie:ssh-action:0.1">
<host>${focusNodeLogin}</host>
<command>${spark_run_script_path}</command>
<args>TABLE_NAME=prem_iso_pasp_auto_resulting_codes</args>
<args>LAYER_NAME=TRANSFORMATION</args>
</ssh>
<ok to="ISO_PASP_PREM_EXTRACT"/>
<error to="ISO_TRANSFORMATION_PASP_PREM_RES_CODES_LOAD_FAILURE"/>
</action>

<action name="ISO_TRANSFORMATION_PASP_PREM_RES_CODES_LOAD_FAILURE">
<email xmlns="uri:oozie:email-action:0.1">
<to>${failureEmailToAddress}</to>
<subject>${mode} : Failure ISO PASP PREM resulting codes load notification</subject>
<body>The wf ${wf:id()} for ISO PASP PREM resulting codes load has been failed , error message ${wf:errorMessage(wf:lastErrorNode())}</body>
</email>
<ok to="ISO_PASP_LOAD_JOIN"/>
<error to="KILL"/>
</action>

<action name="ISO_PASP_PREM_EXTRACT">
<ssh xmlns="uri:oozie:ssh-action:0.1">
<host>${focusNodeLogin}</host>
<command>${spark_run_script_pathpaspprem}</command>
<args>TABLE_NAME=ISO_PASP_AUTO</args>
<args>LAYER_NAME=TRANSFORMATION</args>
</ssh>
<ok to="ISO_PASP_LOAD_JOIN"/>
<error to="ISO_TRANSFORMATION_PASP_PREM_EXTRACT_FAILURE"/>
</action>

<action name="ISO_TRANSFORMATION_PASP_PREM_EXTRACT_FAILURE">
<email xmlns="uri:oozie:email-action:0.1">
<to>${failureEmailToAddress}</to>
<subject>${mode} : Failure ISO PASP PREM Extract notification</subject>
<body>The wf ${wf:id()} for ISO PASP PREM Extract has been failed , error message ${wf:errorMessage(wf:lastErrorNode())}</body>
</email>
<ok to="ISO_PASP_LOAD_JOIN"/>
<error to="KILL"/>
</action>


<action name="ISO_PASP_LIAB_LOAD">
<ssh xmlns="uri:oozie:ssh-action:0.1">
<host>${focusNodeLogin}</host>
<command>${spark_run_script_path}</command>
<args>TABLE_NAME=iso_pasp_auto_liability</args>
<args>LAYER_NAME=TRANSFORMATION</args>
</ssh>
<ok to="ISO_PASP_LIAB_RES_CODES"/>
<error to="ISO_TRANSFORMATION_PASP_LIAB_LOAD_FAILURE"/>
</action>

<action name="ISO_TRANSFORMATION_PASP_LIAB_LOAD_FAILURE">
<email xmlns="uri:oozie:email-action:0.1">
<to>${failureEmailToAddress}</to>
<subject>${mode} : Failure ISO PASP Liability transformation load notification</subject>
<body>The wf ${wf:id()} for ISO PASP Liability transformation load has been failed , error message ${wf:errorMessage(wf:lastErrorNode())}</body>
</email>
<ok to="ISO_PASP_LOAD_JOIN"/>
<error to="KILL"/>
</action>

<action name="ISO_PASP_LIAB_RES_CODES">
<ssh xmlns="uri:oozie:ssh-action:0.1">
<host>${focusNodeLogin}</host>
<command>${spark_run_script_path}</command>
<args>TABLE_NAME=liab_iso_pasp_auto_resulting_codes</args>
<args>LAYER_NAME=TRANSFORMATION</args>
</ssh>
<ok to="ISO_PASP_LIAB_EXTRACT"/>
<error to="ISO_TRANSFORMATION_PASP_LIAB_RES_CODES_LOAD_FAILURE"/>
</action>

<action name="ISO_TRANSFORMATION_PASP_LIAB_RES_CODES_LOAD_FAILURE">
<email xmlns="uri:oozie:email-action:0.1">
<to>${failureEmailToAddress}</to>
<subject>${mode} : Failure ISO PASP Liability resulting codes load notification</subject>
<body>The wf ${wf:id()} for ISO PASP Liability resulting codes load has been failed , error message ${wf:errorMessage(wf:lastErrorNode())}</body>
</email>
<ok to="ISO_PASP_LOAD_JOIN"/>
<error to="KILL"/>
</action>

<action name="ISO_PASP_LIAB_EXTRACT">
<ssh xmlns="uri:oozie:ssh-action:0.1">
<host>${focusNodeLogin}</host>
<command>${spark_run_script_pathpaspliabprem}</command>
<args>TABLE_NAME=iso_pasp_auto_liability</args>
<args>LAYER_NAME=TRANSFORMATION</args>
</ssh>
<ok to="ISO_PASP_LOAD_JOIN"/>
<error to="ISO_TRANSFORMATION_PASP_LIAB_EXTRACT_FAILURE"/>
</action>

<action name="ISO_TRANSFORMATION_PASP_LIAB_EXTRACT_FAILURE">
<email xmlns="uri:oozie:email-action:0.1">
<to>${failureEmailToAddress}</to>
<subject>${mode} : Failure ISO PASP Liability Extract notification</subject>
<body>The wf ${wf:id()} for ISO PASP Liability Extract has been failed , error message ${wf:errorMessage(wf:lastErrorNode())}</body>
</email>
<ok to="ISO_PASP_LOAD_JOIN"/>
<error to="KILL"/>
</action>


<action name="ISO_EXTRACTS_COMPLETE">
<email xmlns="uri:oozie:email-action:0.1">
<to>${emailToAddress}</to>
<subject>${mode} : Success ISO Extracts notification</subject>
<body>The wf ${wf:id()} for ISO Extracts succeeded. Individual failure notifications are sent separately. Please validate</body>
</email>
<ok to="END"/>
<error to="KILL"/>
</action>

<kill name="KILL">
<!-- <message>"Killed job due to error"</message> -->
<message>Job failed for ISO Extract creation , error message[${wf:errorMessage(wf:lastErrorNode())}]</message>
</kill>
<end name="END"/>
</workflow-app>


