<workflow-app name="ISO_PLSP_EXTRACTS" xmlns="uri:oozie:workflow:0.1">
<start to="ISO_PLSP_PAID_LOSS_LOAD"/>

<action name="ISO_PLSP_PAID_LOSS_LOAD">
<ssh xmlns="uri:oozie:ssh-action:0.1">
<host>${focusNodeLogin}</host>
<command>${spark_run_script_path}</command>
<args>TABLE_NAME=paidloss_iso_ho_df_prem_loss</args>
<args>LAYER_NAME=TRANSFORMATION</args>
</ssh>
<ok to="ISO_PLSP_PAID_LOSS_RES_CODES_INT"/>
<error to="ISO_TRANSFORMATION_PLSP_PAID_LOSS_LOAD_FAILURE"/>
</action>

<action name="ISO_TRANSFORMATION_PLSP_PAID_LOSS_LOAD_FAILURE">
<email xmlns="uri:oozie:email-action:0.1">
<to>${failureEmailToAddress}</to>
<subject>${mode} : Failure ISO PLSP PAID transformation load notification</subject>
<body>The wf ${wf:id()} for ISO PLSP PAID transformation load has been failed , error message ${wf:errorMessage(wf:lastErrorNode())}</body>
</email>
<ok to="ISO_PLSP_OUT_LOSS_LOAD"/>
<error to="KILL"/>
</action>

<action name="ISO_PLSP_PAID_LOSS_RES_CODES_INT">
<ssh xmlns="uri:oozie:ssh-action:0.1">
<host>${focusNodeLogin}</host>
<command>${spark_run_script_path}</command>
<args>TABLE_NAME=paidloss_iso_ho_df_prem_loss_resulting_codes_interim</args>
<args>LAYER_NAME=TRANSFORMATION</args>
</ssh>
<ok to="ISO_PLSP_PAID_LOSS_RES_CODES"/>
<error to="ISO_TRANSFORMATION_PLSP_PAID_RES_CODES_INT_LOAD_FAILURE"/>
</action>

<action name="ISO_PLSP_PAID_LOSS_RES_CODES">
<ssh xmlns="uri:oozie:ssh-action:0.1">
<host>${focusNodeLogin}</host>
<command>${spark_run_script_path}</command>
<args>TABLE_NAME=paidloss_iso_ho_df_prem_loss_resulting_codes</args>
<args>LAYER_NAME=TRANSFORMATION</args>
</ssh>
<ok to="ISO_PLSP_PAID_LOSS_EXTRACT"/>
<error to="ISO_TRANSFORMATION_PLSP_PAID_RES_CODES_LOAD_FAILURE"/>
</action>

<action name="ISO_TRANSFORMATION_PLSP_PAID_RES_CODES_INT_LOAD_FAILURE">
<email xmlns="uri:oozie:email-action:0.1">
<to>${failureEmailToAddress}</to>
<subject>${mode} : Failure ISO PLSP PAID LOSS resulting codes interim load notification</subject>
<body>The wf ${wf:id()} for ISO PLSP PAID LOSS resulting codes interim load has been failed , error message ${wf:errorMessage(wf:lastErrorNode())}</body>
</email>
<ok to="ISO_PLSP_OUT_LOSS_LOAD"/>
<error to="KILL"/>
</action>

<action name="ISO_TRANSFORMATION_PLSP_PAID_RES_CODES_LOAD_FAILURE">
<email xmlns="uri:oozie:email-action:0.1">
<to>${failureEmailToAddress}</to>
<subject>${mode} : Failure ISO PLSP PAID LOSS resulting codes load notification</subject>
<body>The wf ${wf:id()} for ISO PLSP PAID LOSS resulting codes load has been failed , error message ${wf:errorMessage(wf:lastErrorNode())}</body>
</email>
<ok to="ISO_PLSP_OUT_LOSS_LOAD"/>
<error to="KILL"/>
</action>

<action name="ISO_PLSP_PAID_LOSS_EXTRACT">
<ssh xmlns="uri:oozie:ssh-action:0.1">
<host>${focusNodeLogin}</host>
<command>${spark_run_script_pathplsppaidloss}</command>
<args>TABLE_NAME=paidloss_iso_ho_df_prem_loss</args>
<args>LAYER_NAME=TRANSFORMATION</args>
</ssh>
<ok to="ISO_PLSP_OUT_LOSS_LOAD"/>
<error to="ISO_TRANSFORMATION_PLSP_PAID_LOSS_EXTRACT_FAILURE"/>
</action>

<action name="ISO_TRANSFORMATION_PLSP_PAID_LOSS_EXTRACT_FAILURE">
<email xmlns="uri:oozie:email-action:0.1">
<to>${failureEmailToAddress}</to>
<subject>${mode} : Failure ISO PLSP PAID LOSS Extract notification</subject>
<body>The wf ${wf:id()} for ISO PLSP PAID LOSS Extract has been failed , error message ${wf:errorMessage(wf:lastErrorNode())}</body>
</email>
<ok to="ISO_PLSP_OUT_LOSS_LOAD"/>
<error to="KILL"/>
</action>

<action name="ISO_PLSP_OUT_LOSS_LOAD">
<ssh xmlns="uri:oozie:ssh-action:0.1">
<host>${focusNodeLogin}</host>
<command>${spark_run_script_path}</command>
<args>TABLE_NAME=outloss_iso_ho_df_prem_loss</args>
<args>LAYER_NAME=TRANSFORMATION</args>
</ssh>
<ok to="ISO_PLSP_OUT_LOSS_RES_CODES_INT"/>
<error to="ISO_TRANSFORMATION_PLSP_OUT_LOSS_LOAD_FAILURE"/>
</action>

<action name="ISO_TRANSFORMATION_PLSP_OUT_LOSS_LOAD_FAILURE">
<email xmlns="uri:oozie:email-action:0.1">
<to>${failureEmailToAddress}</to>
<subject>${mode} : Failure ISO PLSP OUT transformation load notification</subject>
<body>The wf ${wf:id()} for ISO PLSP OUT transformation load has been failed , error message ${wf:errorMessage(wf:lastErrorNode())}</body>
</email>
<ok to="ISO_PLSP_PREM_LOAD"/>
<error to="KILL"/>
</action>

<action name="ISO_PLSP_OUT_LOSS_RES_CODES_INT">
<ssh xmlns="uri:oozie:ssh-action:0.1">
<host>${focusNodeLogin}</host>
<command>${spark_run_script_path}</command>
<args>TABLE_NAME=outloss_iso_ho_df_prem_loss_resulting_codes_interim</args>
<args>LAYER_NAME=TRANSFORMATION</args>
</ssh>
<ok to="ISO_PLSP_OUT_LOSS_RES_CODES"/>
<error to="ISO_TRANSFORMATION_PLSP_OUT_RES_CODES_INT_LOAD_FAILURE"/>
</action>

<action name="ISO_PLSP_OUT_LOSS_RES_CODES">
<ssh xmlns="uri:oozie:ssh-action:0.1">
<host>${focusNodeLogin}</host>
<command>${spark_run_script_path}</command>
<args>TABLE_NAME=outloss_iso_ho_df_prem_loss_resulting_codes</args>
<args>LAYER_NAME=TRANSFORMATION</args>
</ssh>
<ok to="ISO_PLSP_OUT_LOSS_EXTRACT"/>
<error to="ISO_TRANSFORMATION_PLSP_OUT_RES_CODES_LOAD_FAILURE"/>
</action>

<action name="ISO_TRANSFORMATION_PLSP_OUT_RES_CODES_INT_LOAD_FAILURE">
<email xmlns="uri:oozie:email-action:0.1">
<to>${failureEmailToAddress}</to>
<subject>${mode} : Failure ISO PLSP OUT LOSS resulting codes interim load notification</subject>
<body>The wf ${wf:id()} for ISO PLSP OUT LOSS resulting codes interim load has been failed , error message ${wf:errorMessage(wf:lastErrorNode())}</body>
</email>
<ok to="ISO_PLSP_PREM_LOAD"/>
<error to="KILL"/>
</action>

<action name="ISO_TRANSFORMATION_PLSP_OUT_RES_CODES_LOAD_FAILURE">
<email xmlns="uri:oozie:email-action:0.1">
<to>${failureEmailToAddress}</to>
<subject>${mode} : Failure ISO PLSP OUT LOSS resulting codes load notification</subject>
<body>The wf ${wf:id()} for ISO PLSP OUT LOSS resulting codes load has been failed , error message ${wf:errorMessage(wf:lastErrorNode())}</body>
</email>
<ok to="ISO_PLSP_PREM_LOAD"/>
<error to="KILL"/>
</action>

<action name="ISO_PLSP_OUT_LOSS_EXTRACT">
<ssh xmlns="uri:oozie:ssh-action:0.1">
<host>${focusNodeLogin}</host>
<command>${spark_run_script_pathplspoutloss}</command>
<args>TABLE_NAME=outloss_iso_ho_df_prem_loss</args>
<args>LAYER_NAME=TRANSFORMATION</args>
</ssh>
<ok to="ISO_PLSP_PREM_LOAD"/>
<error to="ISO_TRANSFORMATION_PLSP_OUT_LOSS_EXTRACT_FAILURE"/>
</action>

<action name="ISO_TRANSFORMATION_PLSP_OUT_LOSS_EXTRACT_FAILURE">
<email xmlns="uri:oozie:email-action:0.1">
<to>${failureEmailToAddress}</to>
<subject>${mode} : Failure ISO PLSP OUT LOSS Extract notification</subject>
<body>The wf ${wf:id()} for ISO PLSP OUT LOSS Extract has been failed , error message ${wf:errorMessage(wf:lastErrorNode())}</body>
</email>
<ok to="ISO_PLSP_PREM_LOAD"/>
<error to="KILL"/>
</action>

<action name="ISO_PLSP_PREM_LOAD">
<ssh xmlns="uri:oozie:ssh-action:0.1">
<host>${focusNodeLogin}</host>
<command>${spark_run_script_path}</command>
<args>TABLE_NAME=prem_iso_ho_df_prem_loss</args>
<args>LAYER_NAME=TRANSFORMATION</args>
</ssh>
<ok to="ISO_PLSP_PREM_RES_CODES"/>
<error to="ISO_TRANSFORMATION_PLSP_PREM_LOAD_FAILURE"/>
</action>

<action name="ISO_TRANSFORMATION_PLSP_PREM_LOAD_FAILURE">
<email xmlns="uri:oozie:email-action:0.1">
<to>${failureEmailToAddress}</to>
<subject>${mode} : Failure ISO PLSP PREM transformation load notification</subject>
<body>The wf ${wf:id()} for ISO PLSP PREM transformation load has been failed , error message ${wf:errorMessage(wf:lastErrorNode())}</body>
</email>
<ok to="ISO_PLSP_LIAB_PREM_LOAD"/>
<error to="KILL"/>
</action>

<action name="ISO_PLSP_PREM_RES_CODES">
<ssh xmlns="uri:oozie:ssh-action:0.1">
<host>${focusNodeLogin}</host>
<command>${spark_run_script_path}</command>
<args>TABLE_NAME=hoprem_iso_ho_df_prem_loss_resulting_codes</args>
<args>LAYER_NAME=TRANSFORMATION</args>
</ssh>
<ok to="ISO_PLSP_HOPREM_RES_CODES"/>
<error to="ISO_TRANSFORMATION_PLSP_PREM_RES_CODES_LOAD_FAILURE"/>
</action>

<action name="ISO_TRANSFORMATION_PLSP_PREM_RES_CODES_LOAD_FAILURE">
<email xmlns="uri:oozie:email-action:0.1">
<to>${failureEmailToAddress}</to>
<subject>${mode} : Failure ISO PLSP PREM resulting codes load notification</subject>
<body>The wf ${wf:id()} for ISO PLSP PREM resulting codes load has been failed , error message ${wf:errorMessage(wf:lastErrorNode())}</body>
</email>
<ok to="ISO_PLSP_LIAB_PREM_LOAD"/>
<error to="KILL"/>
</action>

<action name="ISO_PLSP_HOPREM_RES_CODES">
<ssh xmlns="uri:oozie:ssh-action:0.1">
<host>${focusNodeLogin}</host>
<command>${spark_run_script_path}</command>
<args>TABLE_NAME=hoprem_iso_ho_df_prem_loss</args>
<args>LAYER_NAME=TRANSFORMATION</args>
</ssh>
<ok to="ISO_PLSP_PREM_EXTRACT"/>
<error to="ISO_TRANSFORMATION_PLSP_HOPREM_RES_CODES_LOAD_FAILURE"/>
</action>

<action name="ISO_TRANSFORMATION_PLSP_HOPREM_RES_CODES_LOAD_FAILURE">
<email xmlns="uri:oozie:email-action:0.1">
<to>${failureEmailToAddress}</to>
<subject>${mode} : Failure ISO PLSP PREM resulting codes load notification</subject>
<body>The wf ${wf:id()} for ISO PLSP PREM resulting codes load has been failed , error message ${wf:errorMessage(wf:lastErrorNode())}</body>
</email>
<ok to="ISO_PLSP_LIAB_PREM_LOAD"/>
<error to="KILL"/>
</action>

<action name="ISO_PLSP_PREM_EXTRACT">
<ssh xmlns="uri:oozie:ssh-action:0.1">
<host>${focusNodeLogin}</host>
<command>${spark_run_script_pathplspprem}</command>
<args>TABLE_NAME=prem_iso_ho_df_prem_loss_extract</args>
<args>LAYER_NAME=TRANSFORMATION</args>
</ssh>
<ok to="ISO_PLSP_LIAB_PREM_LOAD"/>
<error to="ISO_TRANSFORMATION_PLSP_PREM_EXTRACT_FAILURE"/>
</action>

<action name="ISO_PLSP_LIAB_PREM_LOAD">
<ssh xmlns="uri:oozie:ssh-action:0.1">
<host>${focusNodeLogin}</host>
<command>${spark_run_script_path}</command>
<args>TABLE_NAME=liabilitypremium_iso_pl_liability_prem_loss</args>
<args>LAYER_NAME=TRANSFORMATION</args>
</ssh>
<ok to="ISO_PLSP_LIAB_PREM_RES_CODES"/>
<error to="ISO_TRANSFORMATION_PLSP_LIAB_PREM_LOAD_FAILURE"/>
</action>

<action name="ISO_TRANSFORMATION_PLSP_LIAB_PREM_LOAD_FAILURE">
<email xmlns="uri:oozie:email-action:0.1">
<to>${failureEmailToAddress}</to>
<subject>${mode} : Failure ISO PLSP_LIAB_PREM transformation load notification</subject>
<body>The wf ${wf:id()} for ISO PLSP_LIAB_PREM transformation load has been failed , error message ${wf:errorMessage(wf:lastErrorNode())}</body>
</email>
<ok to="ISO_EXTRACTS_COMPLETE"/>
<error to="KILL"/>
</action>

<action name="ISO_PLSP_LIAB_PREM_RES_CODES">
<ssh xmlns="uri:oozie:ssh-action:0.1">
<host>${focusNodeLogin}</host>
<command>${spark_run_script_path}</command>
<args>TABLE_NAME=liabilitypremium_iso_pl_liability_prem_loss_resulting_codes</args>
<args>LAYER_NAME=TRANSFORMATION</args>
</ssh>
<ok to="ISO_PLSP_LIAB_PREM_EXTRACT"/>
<error to="ISO_TRANSFORMATION_PLSP_LIAB_PREM_RES_CODES_LOAD_FAILURE"/>
</action>

<action name="ISO_TRANSFORMATION_PLSP_LIAB_PREM_RES_CODES_LOAD_FAILURE">
<email xmlns="uri:oozie:email-action:0.1">
<to>${failureEmailToAddress}</to>
<subject>${mode} : Failure ISO PLSP_LIAB_PREM resulting codes load notification</subject>
<body>The wf ${wf:id()} for ISO PLSP_LIAB_PREM resulting codes load has been failed , error message ${wf:errorMessage(wf:lastErrorNode())}</body>
</email>
<ok to="ISO_EXTRACTS_COMPLETE"/>
<error to="KILL"/>
</action>

<action name="ISO_PLSP_LIAB_PREM_EXTRACT">
<ssh xmlns="uri:oozie:ssh-action:0.1">
<host>${focusNodeLogin}</host>
<command>${spark_run_script_pathplspliabprem}</command>
<args>TABLE_NAME=PLSP_PREMIUMLIABILITY_extract</args>
<args>LAYER_NAME=TRANSFORMATION</args>
</ssh>
<ok to="ISO_EXTRACTS_COMPLETE"/>
<error to="ISO_TRANSFORMATION_PLSP_LIAB_PREM_EXTRACT_FAILURE"/>
</action>

<action name="ISO_TRANSFORMATION_PLSP_LIAB_PREM_EXTRACT_FAILURE">
<email xmlns="uri:oozie:email-action:0.1">
<to>${failureEmailToAddress}</to>
<subject>${mode} : Failure ISO PLSP_LIAB_PREM Extract notification</subject>
<body>The wf ${wf:id()} for ISO PLSP_LIAB_PREM Extract has been failed , error message ${wf:errorMessage(wf:lastErrorNode())}</body>
</email>
<ok to="ISO_EXTRACTS_COMPLETE"/>
<error to="KILL"/>
</action>


<action name="ISO_EXTRACTS_COMPLETE">
<email xmlns="uri:oozie:email-action:0.1">
<to>${emailToAddress}</to>
<subject>${mode} : Success ISO Extracts notification</subject>
<body>The wf ${wf:id()} for ISO Extracts succeeded. Individual failure notifications are sent separately. Please validate</body>
</email>
<ok to="END"/>
<error to="KILL"/>
</action>

<kill name="KILL">
<!-- <message>"Killed job due to error"</message> -->
<message>Job failed for ISO Extract creation , error message[${wf:errorMessage(wf:lastErrorNode())}]</message>
</kill>
<end name="END"/>
</workflow-app>