<workflow-app name="ISO_CSP_AAIS_EXTRACTS" xmlns="uri:oozie:workflow:0.1">
<start to="LIABILITY_ISO_CSP_IM_TX_LOAD"/>

<action name="LIABILITY_ISO_CSP_IM_TX_LOAD">
<ssh xmlns="uri:oozie:ssh-action:0.1">
<host>${focusNodeLogin}</host>
<command>${spark_run_script_path}</command>
<args>TABLE_NAME=liability_iso_csp_inland_marine_tx</args>
<args>LAYER_NAME=TRANSFORMATION</args>
</ssh>
<ok to="PREMIUM_ISO_CSP_IM_TX_LOAD"/>
<error to="LIABILITY_ISO_CSP_IM_TX_LOAD_FAILURE"/>
</action>

<action name="LIABILITY_ISO_CSP_IM_TX_LOAD_FAILURE">
<email xmlns="uri:oozie:email-action:0.1">
<to>${failureEmailToAddress}</to>
<subject>${mode} : Failure Liability ISO CSP Inland Marine TX transformation load notification</subject>
<body>The wf ${wf:id()} for Liability ISO CSP Inland Marine TX transformation load has been failed , error message ${wf:errorMessage(wf:lastErrorNode())}</body>
</email>
<ok to="PREMIUM_ISO_CSP_IM_TX_LOAD"/>
<error to="KILL"/>
</action>


<action name="PREMIUM_ISO_CSP_IM_TX_LOAD">
<ssh xmlns="uri:oozie:ssh-action:0.1">
<host>${focusNodeLogin}</host>
<command>${spark_run_script_path}</command>
<args>TABLE_NAME=premium_iso_csp_inland_marine_tx</args>
<args>LAYER_NAME=TRANSFORMATION</args>
</ssh>
<ok to="PREMIUM_ISO_CSP_IM_TX_EXTRACT"/>
<error to="PREMIUM_ISO_CSP_IM_TX_LOAD_FAILURE"/>
</action>

<action name="PREMIUM_ISO_CSP_IM_TX_LOAD_FAILURE">
<email xmlns="uri:oozie:email-action:0.1">
<to>${failureEmailToAddress}</to>
<subject>${mode} : Failure Premium ISO CSP Inland Marine TX transformation load notification</subject>
<body>The wf ${wf:id()} for Premium ISO CSP Inland Marine TX transformation load has been failed , error message ${wf:errorMessage(wf:lastErrorNode())}</body>
</email>
<ok to="PAIDLOSS_ISO_CSP_IM_TX_LOAD"/>
<error to="KILL"/>
</action>

<action name="PREMIUM_ISO_CSP_IM_TX_EXTRACT">
<ssh xmlns="uri:oozie:ssh-action:0.1">
<host>${focusNodeLogin}</host>
<command>${spark_run_script_pathcspimtx}</command>
<args>TABLE_NAME=iso_csp_inland_marine_tx</args>
<args>LAYER_NAME=TRANSFORMATION</args>
</ssh>
<ok to="PAIDLOSS_ISO_CSP_IM_TX_LOAD"/>
<error to="PREMIUM_ISO_CSP_IM_TX_EXTRACT_FAILURE"/>
</action>

<action name="PREMIUM_ISO_CSP_IM_TX_EXTRACT_FAILURE">
<email xmlns="uri:oozie:email-action:0.1">
<to>${failureEmailToAddress}</to>
<subject>${mode} : Failure ISO CSP Inland Marine TX Extract notification</subject>
<body>The wf ${wf:id()} for ISO CSP Inland Marine TX Extract has been failed , error message ${wf:errorMessage(wf:lastErrorNode())}</body>
</email>
<ok to="PAIDLOSS_ISO_CSP_IM_TX_LOAD"/>
<error to="KILL"/>
</action>

<action name="PAIDLOSS_ISO_CSP_IM_TX_LOAD">
<ssh xmlns="uri:oozie:ssh-action:0.1">
<host>${focusNodeLogin}</host>
<command>${spark_run_script_path}</command>
<args>TABLE_NAME=paidloss_iso_csp_inland_marine_tx</args>
<args>LAYER_NAME=TRANSFORMATION</args>
</ssh>
<ok to="ISO_CSP_PAIDLOSS_IM_TX_EXTRACT"/>
<error to="PAIDLOSS_ISO_CSP_IM_TX_LOAD_FAILURE"/>
</action>

<action name="PAIDLOSS_ISO_CSP_IM_TX_LOAD_FAILURE">
<email xmlns="uri:oozie:email-action:0.1">
<to>${failureEmailToAddress}</to>
<subject>${mode} : Failure Paid Loss ISO CSP Inland Marine TX transformation load notification</subject>
<body>The wf ${wf:id()} for Paid Loss ISO CSP Inland Marine TX transformation load has been failed , error message ${wf:errorMessage(wf:lastErrorNode())}</body>
</email>
<ok to="OUTLOSS_ISO_CSP_IM_TX_LOAD"/>
<error to="KILL"/>
</action>

<action name="ISO_CSP_PAIDLOSS_IM_TX_EXTRACT">
<ssh xmlns="uri:oozie:ssh-action:0.1">
<host>${focusNodeLogin}</host>
<command>${spark_run_script_pathcsppaidlossimtx}</command>
<args>TABLE_NAME=iso_csp_inland_marine_tx</args>
<args>LAYER_NAME=TRANSFORMATION</args>
</ssh>
<ok to="OUTLOSS_ISO_CSP_IM_TX_LOAD"/>
<error to="ISO_CSP_PAIDLOSS_IM_TX_EXTRACT_FAILURE"/>
</action>

<action name="ISO_CSP_PAIDLOSS_IM_TX_EXTRACT_FAILURE">
<email xmlns="uri:oozie:email-action:0.1">
<to>${failureEmailToAddress}</to>
<subject>${mode} : Failure ISO CSP Paid Loss Inland Marine TX Extract notification</subject>
<body>The wf ${wf:id()} for ISO CSP Paid Loss Inland Marine TX Extract has been failed , error message ${wf:errorMessage(wf:lastErrorNode())}</body>
</email>
<ok to="OUTLOSS_ISO_CSP_IM_TX_LOAD"/>
<error to="KILL"/>
</action>

<action name="OUTLOSS_ISO_CSP_IM_TX_LOAD">
<ssh xmlns="uri:oozie:ssh-action:0.1">
<host>${focusNodeLogin}</host>
<command>${spark_run_script_path}</command>
<args>TABLE_NAME=outloss_iso_csp_inland_marine_tx</args>
<args>LAYER_NAME=TRANSFORMATION</args>
</ssh>
<ok to="ISO_CSP_OUTLOSS_IM_TX_EXTRACT"/>
<error to="OUTLOSS_ISO_CSP_IM_TX_LOAD_FAILURE"/>
</action>

<action name="OUTLOSS_ISO_CSP_IM_TX_LOAD_FAILURE">
<email xmlns="uri:oozie:email-action:0.1">
<to>${failureEmailToAddress}</to>
<subject>${mode} : Failure Outstanding Loss ISO CSP Inland Marine TX transformation load notification</subject>
<body>The wf ${wf:id()} for Outstanding Loss ISO CSP Inland Marine TX transformation load has been failed , error message ${wf:errorMessage(wf:lastErrorNode())}</body>
</email>
<ok to="LIABILITY_ISO_CSP_LOSS_LOAD"/>
<error to="KILL"/>
</action>


<action name="ISO_CSP_OUTLOSS_IM_TX_EXTRACT">
<ssh xmlns="uri:oozie:ssh-action:0.1">
<host>${focusNodeLogin}</host>
<command>${spark_run_script_pathcspoutlossimtx}</command>
<args>TABLE_NAME=iso_csp_inland_marine_tx</args>
<args>LAYER_NAME=TRANSFORMATION</args>
</ssh>
<ok to="LIABILITY_ISO_CSP_LOSS_LOAD"/>
<error to="ISO_CSP_OUTLOSS_IM_TX_EXTRACT_FAILURE"/>
</action>

<action name="ISO_CSP_OUTLOSS_IM_TX_EXTRACT_FAILURE">
<email xmlns="uri:oozie:email-action:0.1">
<to>${failureEmailToAddress}</to>
<subject>${mode} : Failure ISO CSP Outstanding Loss Inland Marine TX Extract notification</subject>
<body>The wf ${wf:id()} for ISO CSP Outstanding Loss Inland Marine TX Extract has been failed , error message ${wf:errorMessage(wf:lastErrorNode())}</body>
</email>
<ok to="LIABILITY_ISO_CSP_LOSS_LOAD"/>
<error to="KILL"/>
</action>


<fork name ="LIABILITY_ISO_CSP_LOSS_LOAD">
<path start="LIABILITY_ISO_CSP_OUTSTANDINGLOSS_IM_TX_LOAD"/>
<path start="LIABILITY_ISO_CSP_PAIDLOSS_IM_TX_LOAD"/>
<path start="ISO_AAIS_IM_PREM_NON_TX_LOAD"/>
<path start="ISO_AAIS_IM_LOSS_NON_TX_LOAD"/>

</fork>
<join name="LIABILITY_ISO_CSP_LOSS_LOAD_JOIN" to="ISO_EXTRACTS_COMPLETE"/>


<action name="LIABILITY_ISO_CSP_OUTSTANDINGLOSS_IM_TX_LOAD">
<ssh xmlns="uri:oozie:ssh-action:0.1">
<host>${focusNodeLogin}</host>
<command>${spark_run_script_path}</command>
<args>TABLE_NAME=outlossliab_iso_csp_inland_marine_tx</args>
<args>LAYER_NAME=TRANSFORMATION</args>
</ssh>
<ok to="ISO_CSP_OUTLOSSLIAB_IM_TX_EXTRACT"/>
<error to="LIABILITY_ISO_CSP_OUTSTANDINGLOSS_IM_TX_LOAD_FAILURE"/>
</action>

<action name="LIABILITY_ISO_CSP_OUTSTANDINGLOSS_IM_TX_LOAD_FAILURE">
<email xmlns="uri:oozie:email-action:0.1">
<to>${failureEmailToAddress}</to>
<subject>${mode} : Failure Liability ISO CSP Inland Marine TX transformation load notification</subject>
<body>The wf ${wf:id()} for Liability ISO CSP Inland Marine TX transformation load has been failed , error message ${wf:errorMessage(wf:lastErrorNode())}</body>
</email>
<ok to="LIABILITY_ISO_CSP_LOSS_LOAD_JOIN"/>
<error to="KILL"/>
</action>

<action name="ISO_CSP_OUTLOSSLIAB_IM_TX_EXTRACT">
<ssh xmlns="uri:oozie:ssh-action:0.1">
<host>${focusNodeLogin}</host>
<command>${spark_run_script_pathcspoutlossliabimtx}</command>
<args>TABLE_NAME=iso_csp_inland_marine_tx</args>
<args>LAYER_NAME=TRANSFORMATION</args>
</ssh>
<ok to="LIABILITY_ISO_CSP_LOSS_LOAD_JOIN"/>
<error to="ISO_CSP_OUTLOSSLIAB_IM_TX_EXTRACT_FAILURE"/>
</action>

<action name="ISO_CSP_OUTLOSSLIAB_IM_TX_EXTRACT_FAILURE">
<email xmlns="uri:oozie:email-action:0.1">
<to>${failureEmailToAddress}</to>
<subject>${mode} : Failure ISO CSP Outstandingliab Loss Inland Marine TX Extract notification</subject>
<body>The wf ${wf:id()} for ISO CSP Outstandingliab Loss Inland Marine TX Extract has been failed , error message ${wf:errorMessage(wf:lastErrorNode())}</body>
</email>
<ok to="LIABILITY_ISO_CSP_LOSS_LOAD_JOIN"/>
<error to="KILL"/>
</action>

<action name="LIABILITY_ISO_CSP_PAIDLOSS_IM_TX_LOAD">
<ssh xmlns="uri:oozie:ssh-action:0.1">
<host>${focusNodeLogin}</host>
<command>${spark_run_script_path}</command>
<args>TABLE_NAME=paidlossliab_iso_csp_inland_marine_tx</args>
<args>LAYER_NAME=TRANSFORMATION</args>
</ssh>
<ok to="ISO_CSP_PAIDLOSSLIAB_IM_TX_EXTRACT"/>
<error to="LIABILITY_ISO_CSP_PAIDLOSS_IM_TX_LOAD_FAILURE"/>
</action>

<action name="LIABILITY_ISO_CSP_PAIDLOSS_IM_TX_LOAD_FAILURE">
<email xmlns="uri:oozie:email-action:0.1">
<to>${failureEmailToAddress}</to>
<subject>${mode} : Failure Liability ISO CSP Inland Marine TX transformation load notification</subject>
<body>The wf ${wf:id()} for Liability ISO CSP Inland Marine TX transformation load has been failed , error message ${wf:errorMessage(wf:lastErrorNode())}</body>
</email>
<ok to="LIABILITY_ISO_CSP_LOSS_LOAD_JOIN"/>
<error to="KILL"/>
</action>

<action name="ISO_CSP_PAIDLOSSLIAB_IM_TX_EXTRACT">
<ssh xmlns="uri:oozie:ssh-action:0.1">
<host>${focusNodeLogin}</host>
<command>${spark_run_script_pathcsppaidlossliabimtx}</command>
<args>TABLE_NAME=iso_csp_inland_marine_tx</args>
<args>LAYER_NAME=TRANSFORMATION</args>
</ssh>
<ok to="LIABILITY_ISO_CSP_LOSS_LOAD_JOIN"/>
<error to="ISO_CSP_PAIDLOSSLIAB_IM_TX_EXTRACT_FAILURE"/>
</action>

<action name="ISO_CSP_PAIDLOSSLIAB_IM_TX_EXTRACT_FAILURE">
<email xmlns="uri:oozie:email-action:0.1">
<to>${failureEmailToAddress}</to>
<subject>${mode} : Failure ISO CSP paidlossliab Inland Marine TX Extract notification</subject>
<body>The wf ${wf:id()} for ISO CSP paidlossliab Inland Marine TX Extract has been failed , error message ${wf:errorMessage(wf:lastErrorNode())}</body>
</email>
<ok to="LIABILITY_ISO_CSP_LOSS_LOAD_JOIN"/>
<error to="KILL"/>
</action>


<action name="ISO_AAIS_IM_PREM_NON_TX_LOAD">
<ssh xmlns="uri:oozie:ssh-action:0.1">
<host>${focusNodeLogin}</host>
<command>${spark_run_script_path}</command>
<args>TABLE_NAME=premium_aais_inland_marine_prem_loss</args>
<args>LAYER_NAME=TRANSFORMATION</args>
</ssh>
<ok to="ISO_AAIS_IM_PREM_NON_TX_EXTRACT"/>
<error to="ISO_AAIS_IM_PREM_NON_TX_LOAD_FAILURE"/>
</action>

<action name="ISO_AAIS_IM_PREM_NON_TX_LOAD_FAILURE">
<email xmlns="uri:oozie:email-action:0.1">
<to>${failureEmailToAddress}</to>
<subject>${mode} : Failure ISO AAIS Inland Marine Premium NON_TX transformation load notification</subject>
<body>The wf ${wf:id()} for ISO AAIS Inland Marine Premium NON_TX transformation load has been failed , error message ${wf:errorMessage(wf:lastErrorNode())}</body>
</email>
<ok to="LIABILITY_ISO_CSP_LOSS_LOAD_JOIN"/>
<error to="KILL"/>
</action>

<action name="ISO_AAIS_IM_PREM_NON_TX_EXTRACT">
<ssh xmlns="uri:oozie:ssh-action:0.1">
<host>${focusNodeLogin}</host>
<command>${spark_run_script_pathaaisimnontx}</command>
<args>TABLE_NAME=AAIS_INLAND_MARINE_PREM_LOSS</args>
<args>LAYER_NAME=TRANSFORMATION</args>
</ssh>
<ok to="LIABILITY_ISO_CSP_LOSS_LOAD_JOIN"/>
<error to="ISO_AAIS_IM_PREM_NON_TX_EXTRACT_FAILURE"/>
</action>

<action name="ISO_AAIS_IM_PREM_NON_TX_EXTRACT_FAILURE">
<email xmlns="uri:oozie:email-action:0.1">
<to>${failureEmailToAddress}</to>
<subject>${mode} : Failure ISO AAIS Inland Marine Premium NON_TX Extract notification</subject>
<body>The wf ${wf:id()} for ISO AAIS Inland Marine Premium NON_TX Extract has been failed , error message ${wf:errorMessage(wf:lastErrorNode())}</body>
</email>
<ok to="LIABILITY_ISO_CSP_LOSS_LOAD_JOIN"/>
<error to="KILL"/>
</action>

<action name="ISO_AAIS_IM_LOSS_NON_TX_LOAD">
<ssh xmlns="uri:oozie:ssh-action:0.1">
<host>${focusNodeLogin}</host>
<command>${spark_run_script_path}</command>
<args>TABLE_NAME=loss_aais_inland_marine_prem_loss</args>
<args>LAYER_NAME=TRANSFORMATION</args>
</ssh>
<ok to="ISO_AAIS_IM_LOSS_NON_TX_EXTRACT"/>
<error to="ISO_AAIS_IM_LOSS_NON_TX_LOAD_FAILURE"/>
</action>

<action name="ISO_AAIS_IM_LOSS_NON_TX_LOAD_FAILURE">
<email xmlns="uri:oozie:email-action:0.1">
<to>${failureEmailToAddress}</to>
<subject>${mode} : Failure ISO AAIS Inland Marine Loss NON_TX transformation load notification</subject>
<body>The wf ${wf:id()} for ISO AAIS Inland Marine Loss NON_TX transformation load has been failed , error message ${wf:errorMessage(wf:lastErrorNode())}</body>
</email>
<ok to="LIABILITY_ISO_CSP_LOSS_LOAD_JOIN"/>
<error to="KILL"/>
</action> 

<action name="ISO_AAIS_IM_LOSS_NON_TX_EXTRACT">
<ssh xmlns="uri:oozie:ssh-action:0.1">
<host>${focusNodeLogin}</host>
<command>${spark_run_script_pathaaisimlossnontx}</command>
<args>TABLE_NAME=AAIS_INLAND_MARINE_PREM_LOSS</args>
<args>LAYER_NAME=TRANSFORMATION</args>
</ssh>
<ok to="LIABILITY_ISO_CSP_LOSS_LOAD_JOIN"/>
<error to="ISO_AAIS_IM_LOSS_NON_TX_EXTRACT_FAILURE"/>
</action>

<action name="ISO_AAIS_IM_LOSS_NON_TX_EXTRACT_FAILURE">
<email xmlns="uri:oozie:email-action:0.1">
<to>${failureEmailToAddress}</to>
<subject>${mode} : Failure ISO AAIS Inland Marine Loss NON_TX Extract notification</subject>
<body>The wf ${wf:id()} for ISO AAIS Inland Marine Loss NON_TX Extract has been failed , error message ${wf:errorMessage(wf:lastErrorNode())}</body>
</email>
<ok to="LIABILITY_ISO_CSP_LOSS_LOAD_JOIN"/>
<error to="KILL"/>
</action>

<action name="ISO_EXTRACTS_COMPLETE">
<email xmlns="uri:oozie:email-action:0.1">
<to>${emailToAddress}</to>
<subject>${mode} : Success ISO Extracts notification</subject>
<body>The wf ${wf:id()} for ISO Extracts succeeded. Individual failure notifications are sent separately. Please validate</body>
</email>
<ok to="END"/>
<error to="KILL"/>
</action>

<kill name="KILL">
<!-- <message>"Killed job due to error"</message> -->
<message>Job failed for ISO Extract creation , error message[${wf:errorMessage(wf:lastErrorNode())}]</message>
</kill>
<end name="END"/>
</workflow-app>