<workflow-app name="ISO_CL_EXTRACTS" xmlns="uri:oozie:workflow:0.1">
<start to="ISO_CA_PREM_TEMP_LOAD"/>

<action name="ISO_CA_PREM_TEMP_LOAD">
<ssh xmlns="uri:oozie:ssh-action:0.1">
<host>${focusNodeLogin}</host>
<command>${spark_run_script_path}</command>
<args>TABLE_NAME=temp_iso_ca_prem</args>
<args>LAYER_NAME=TRANSFORMATION</args>
</ssh>
<ok to="ISO_CA_PREM_LOAD"/>
<error to="ISO_TRANSFORMATION_CA_TEMP_PREM_LOAD_FAILURE"/>
</action>

<action name="ISO_TRANSFORMATION_CA_TEMP_PREM_LOAD_FAILURE">
<email xmlns="uri:oozie:email-action:0.1">
<to>${failureEmailToAddress}</to>
<subject>${mode} : Failure ISO CA TEMP PREM transformation load notification</subject>
<body>The wf ${wf:id()} for ISO CA TEMP PREM transformation load has been failed , error message ${wf:errorMessage(wf:lastErrorNode())}</body>
</email>
<ok to="ISO_BOP_PREM_LOAD"/>
<error to="KILL"/>
</action>

<action name="ISO_CA_PREM_LOAD">
<ssh xmlns="uri:oozie:ssh-action:0.1">
<host>${focusNodeLogin}</host>
<command>${spark_run_script_path}</command>
<args>TABLE_NAME=iso_ca_prem</args>
<args>LAYER_NAME=TRANSFORMATION</args>
</ssh>
<ok to="ISO_CA_PREM_EXTRACT"/>
<error to="ISO_TRANSFORMATION_CA_PREM_LOAD_FAILURE"/>
</action>

<action name="ISO_TRANSFORMATION_CA_PREM_LOAD_FAILURE">
<email xmlns="uri:oozie:email-action:0.1">
<to>${failureEmailToAddress}</to>
<subject>${mode} : Failure ISO CA PREM transformation load notification</subject>
<body>The wf ${wf:id()} for ISO CA PREM transformation load has been failed , error message ${wf:errorMessage(wf:lastErrorNode())}</body>
</email>
<ok to="ISO_BOP_PREM_LOAD"/>
<error to="KILL"/>
</action>

<action name="ISO_CA_PREM_EXTRACT">
<ssh xmlns="uri:oozie:ssh-action:0.1">
<host>${focusNodeLogin}</host>
<command>${spark_run_script_pathcaprem}</command>
<args>TABLE_NAME=ISO_CA_PREM</args>
<args>LAYER_NAME=TRANSFORMATION</args>
</ssh>
<ok to="ISO_BOP_PREM_LOAD"/>
<error to="ISO_TRANSFORMATION_CA_PREM_EXTRACT_FAILURE"/>
</action>

<action name="ISO_TRANSFORMATION_CA_PREM_EXTRACT_FAILURE">
<email xmlns="uri:oozie:email-action:0.1">
<to>${failureEmailToAddress}</to>
<subject>${mode} : Failure ISO CA PREM Extract notification</subject>
<body>The wf ${wf:id()} for ISO CA PREM Extract has been failed , error message ${wf:errorMessage(wf:lastErrorNode())}</body>
</email>
<ok to="ISO_BOP_PREM_LOAD"/>
<error to="KILL"/>
</action>

<action name="ISO_BOP_PREM_LOAD">
<ssh xmlns="uri:oozie:ssh-action:0.1">
<host>${focusNodeLogin}</host>
<command>${spark_run_script_path}</command>
<args>TABLE_NAME=iso_bop_prem</args>
<args>LAYER_NAME=TRANSFORMATION</args>
</ssh>
<ok to="ISO_BOP_PREM_EXTRACT"/>
<error to="ISO_TRANSFORMATION_BOP_PREM_LOAD_FAILURE"/>
</action>

<action name="ISO_TRANSFORMATION_BOP_PREM_LOAD_FAILURE">
<email xmlns="uri:oozie:email-action:0.1">
<to>${failureEmailToAddress}</to>
<subject>${mode} : Failure ISO BOP PREM transformation load notification</subject>
<body>The wf ${wf:id()} for ISO BOP PREM transformation load has been failed , error message ${wf:errorMessage(wf:lastErrorNode())}</body>
</email>
<ok to="ISO_EQ_CUP_PREM_LOAD"/>
<error to="KILL"/>
</action>

<action name="ISO_BOP_PREM_EXTRACT">
<ssh xmlns="uri:oozie:ssh-action:0.1">
<host>${focusNodeLogin}</host>
<command>${spark_run_script_pathbopprem}</command>
<args>TABLE_NAME=ISO_BOP_PREM</args>
<args>LAYER_NAME=TRANSFORMATION</args>
</ssh>
<ok to="ISO_EQ_CUP_PREM_LOAD"/>
<error to="ISO_TRANSFORMATION_BOP_PREM_EXTRACT_FAILURE"/>
</action>

<action name="ISO_TRANSFORMATION_BOP_PREM_EXTRACT_FAILURE">
<email xmlns="uri:oozie:email-action:0.1">
<to>${failureEmailToAddress}</to>
<subject>${mode} : Failure ISO BOP PREM Extract notification</subject>
<body>The wf ${wf:id()} for ISO BOP PREM Extract has been failed , error message ${wf:errorMessage(wf:lastErrorNode())}</body>
</email>
<ok to="ISO_EQ_CUP_PREM_LOAD"/>
<error to="KILL"/>
</action>

<fork name ="ISO_EQ_CUP_PREM_LOAD">
<path start="ISO_EQ_PREM_LOAD"/>
<path start="ISO_CUP_PREM_LOAD"/>
</fork>
<join name="ISO_EQ_CUP_PREM_LOAD_JOIN" to="ISO_CA_LOSS_LOAD"/>

<action name="ISO_EQ_PREM_LOAD">
<ssh xmlns="uri:oozie:ssh-action:0.1">
<host>${focusNodeLogin}</host>
<command>${spark_run_script_path}</command>
<args>TABLE_NAME=iso_earthquake_prem</args>
<args>LAYER_NAME=TRANSFORMATION</args>
</ssh>
<ok to="ISO_EQ_PREM_EXTRACT"/>
<error to="ISO_TRANSFORMATION_EQ_PREM_LOAD_FAILURE"/>
</action>

<action name="ISO_TRANSFORMATION_EQ_PREM_LOAD_FAILURE">
<email xmlns="uri:oozie:email-action:0.1">
<to>${failureEmailToAddress}</to>
<subject>${mode} : Failure ISO EQ PREM transformation load notification</subject>
<body>The wf ${wf:id()} for ISO EQ PREM transformation load has been failed , error message ${wf:errorMessage(wf:lastErrorNode())}</body>
</email>
<ok to="ISO_EQ_CUP_PREM_LOAD_JOIN"/>
<error to="KILL"/>
</action>

<action name="ISO_EQ_PREM_EXTRACT">
<ssh xmlns="uri:oozie:ssh-action:0.1">
<host>${focusNodeLogin}</host>
<command>${spark_run_script_patheqprem}</command>
<args>TABLE_NAME=ISO_EARTHQUAKE_PREM</args>
<args>LAYER_NAME=TRANSFORMATION</args>
</ssh>
<ok to="ISO_EQ_CUP_PREM_LOAD_JOIN"/>
<error to="ISO_TRANSFORMATION_EQ_PREM_EXTRACT_FAILURE"/>
</action>

<action name="ISO_TRANSFORMATION_EQ_PREM_EXTRACT_FAILURE">
<email xmlns="uri:oozie:email-action:0.1">
<to>${failureEmailToAddress}</to>
<subject>${mode} : Failure ISO EQ PREM Extract notification</subject>
<body>The wf ${wf:id()} for ISO EQ PREM Extract has been failed , error message ${wf:errorMessage(wf:lastErrorNode())}</body>
</email>
<ok to="ISO_EQ_CUP_PREM_LOAD_JOIN"/>
<error to="KILL"/>
</action>

<action name="ISO_CUP_PREM_LOAD">
<ssh xmlns="uri:oozie:ssh-action:0.1">
<host>${focusNodeLogin}</host>
<command>${spark_run_script_path}</command>
<args>TABLE_NAME=iso_cup_prem</args>
<args>LAYER_NAME=TRANSFORMATION</args>
</ssh>
<ok to="ISO_CUP_PREM_EXTRACT_FORK"/>
<error to="ISO_TRANSFORMATION_CUP_PREM_LOAD_FAILURE"/>
</action>

<action name="ISO_TRANSFORMATION_CUP_PREM_LOAD_FAILURE">
<email xmlns="uri:oozie:email-action:0.1">
<to>${failureEmailToAddress}</to>
<subject>${mode} : Failure ISO CUP PREM transformation load notification</subject>
<body>The wf ${wf:id()} for ISO CUP PREM transformation load has been failed , error message ${wf:errorMessage(wf:lastErrorNode())}</body>
</email>
<ok to="ISO_EQ_CUP_PREM_LOAD_JOIN"/>
<error to="KILL"/>
</action>

<fork name="ISO_CUP_PREM_EXTRACT_FORK">
<path start="ISO_CUP_TX_PREM_EXTRACT"/>
<path start="ISO_CUP_NONTX_PREM_EXTRACT"/>
</fork>
<join name="ISO_CUP_PREM_EXTRACT_JOIN" to="ISO_EQ_CUP_PREM_LOAD_JOIN"/>

<action name="ISO_CUP_TX_PREM_EXTRACT">
<ssh xmlns="uri:oozie:ssh-action:0.1">
<host>${focusNodeLogin}</host>
<command>${spark_run_script_pathtxprem}</command>
<args>TABLE_NAME=ISO_TX_PREM_EXTR</args>
<args>LAYER_NAME=TRANSFORMATION</args>
</ssh>
<ok to="ISO_CUP_TX_PREM_RECON"/>
<error to="ISO_TRANSFORMATION_TX_PREM_EXTRACT_FAILURE"/>
</action>

<action name="ISO_TRANSFORMATION_TX_PREM_EXTRACT_FAILURE">
<email xmlns="uri:oozie:email-action:0.1">
<to>${failureEmailToAddress}</to>
<subject>${mode} : Failure ISO CUP PREM TX Extract notification</subject>
<body>The wf ${wf:id()} for ISO CUP PREM TX Extract has been failed , error message ${wf:errorMessage(wf:lastErrorNode())}</body>
</email>
<ok to="ISO_CUP_PREM_EXTRACT_JOIN"/>
<error to="KILL"/>
</action>

<action name="ISO_CUP_TX_PREM_RECON">
<ssh xmlns="uri:oozie:ssh-action:0.1">
<host>${focusNodeLogin}</host>
<command>${spark_run_script_pathtxrecon}</command>
<args>TABLE_NAME=iso_cup_prem</args>
<args>LAYER_NAME=TRANSFORMATION</args>
<args>PROCESS_NAME=TXPREM</args>
<args>ADHOC_LOAD=N</args>
</ssh>
<ok to="ISO_CUP_PREM_EXTRACT_JOIN"/>
<error to="ISO_TRANSFORMATION_TX_PREM_RECON_FAILURE"/>
</action>

<action name="ISO_TRANSFORMATION_TX_PREM_RECON_FAILURE">
<email xmlns="uri:oozie:email-action:0.1">
<to>${failureEmailToAddress}</to>
<subject>${mode} : Failure ISO CUP PREM TX RECON notification</subject>
<body>The wf ${wf:id()} for ISO CUP PEM TX RECON has been failed , error message ${wf:errorMessage(wf:lastErrorNode())}</body>
</email>
<ok to="ISO_CUP_PREM_EXTRACT_JOIN"/>
<error to="KILL"/>
</action>

<action name="ISO_CUP_NONTX_PREM_EXTRACT">
<ssh xmlns="uri:oozie:ssh-action:0.1">
<host>${focusNodeLogin}</host>
<command>${spark_run_script_pathnontxprem}</command>
<args>TABLE_NAME=ISO_NON_TX_PREM_EXTR</args>
<args>LAYER_NAME=TRANSFORMATION</args>
</ssh>
<ok to="ISO_CUP_NONTX_PREM_RECON"/>
<error to="ISO_TRANSFORMATION_CUP_PREM_NON_TX_EXTRACT_FAILURE"/>
</action>

<action name="ISO_TRANSFORMATION_CUP_PREM_NON_TX_EXTRACT_FAILURE">
<email xmlns="uri:oozie:email-action:0.1">
<to>${failureEmailToAddress}</to>
<subject>${mode} : Failure ISO CUP PREM NON TX Extract notification</subject>
<body>The wf ${wf:id()} for ISO CUP PREM NON TX Extract has been failed , error message ${wf:errorMessage(wf:lastErrorNode())}</body>
</email>
<ok to="ISO_CUP_PREM_EXTRACT_JOIN"/>
<error to="KILL"/>
</action>

<action name="ISO_CUP_NONTX_PREM_RECON">
<ssh xmlns="uri:oozie:ssh-action:0.1">
<host>${focusNodeLogin}</host>
<command>${spark_run_script_pathtxrecon}</command>
<args>TABLE_NAME=iso_cup_prem</args>
<args>LAYER_NAME=TRANSFORMATION</args>
<args>PROCESS_NAME=NONTXPREM</args>
<args>ADHOC_LOAD=N</args>
</ssh>
<ok to="ISO_CUP_PREM_EXTRACT_JOIN"/>
<error to="ISO_TRANSFORMATION_CUP_PREM_NON_TX_RECON_FAILURE"/>
</action>

<action name="ISO_TRANSFORMATION_CUP_PREM_NON_TX_RECON_FAILURE">
<email xmlns="uri:oozie:email-action:0.1">
<to>${failureEmailToAddress}</to>
<subject>${mode} : Failure ISO CUP PREM NON TX Recon notification</subject>
<body>The wf ${wf:id()} for ISO CUP PREM NON TX Recon has been failed , error message ${wf:errorMessage(wf:lastErrorNode())}</body>
</email>
<ok to="ISO_CUP_PREM_EXTRACT_JOIN"/>
<error to="KILL"/>
</action>

<action name="ISO_CA_LOSS_LOAD">
<ssh xmlns="uri:oozie:ssh-action:0.1">
<host>${focusNodeLogin}</host>
<command>${spark_run_script_path}</command>
<args>TABLE_NAME=iso_ca_loss</args>
<args>LAYER_NAME=TRANSFORMATION</args>
</ssh>
<ok to="ISO_CA_LOSS_EXTRACT"/>
<error to="ISO_TRANSFORMATION_LOAD_CA_LOSS_FAILURE"/>
</action>

<action name="ISO_TRANSFORMATION_LOAD_CA_LOSS_FAILURE">
<email xmlns="uri:oozie:email-action:0.1">
<to>${failureEmailToAddress}</to>
<subject>${mode} : Failure ISO CA LOSS transformation load notification</subject>
<body>The wf ${wf:id()} for ISO CA LOSS transformation load has been failed , error message ${wf:errorMessage(wf:lastErrorNode())}</body>
</email>
<ok to="ISO_BOP_LOSS_LOAD"/>
<error to="KILL"/>
</action>

<action name="ISO_CA_LOSS_EXTRACT">
<ssh xmlns="uri:oozie:ssh-action:0.1">
<host>${focusNodeLogin}</host>
<command>${spark_run_script_pathcaloss}</command>
<args>TABLE_NAME=ISO_CA_LOSS</args>
<args>LAYER_NAME=TRANSFORMATION</args>
</ssh>
<ok to="ISO_BOP_LOSS_LOAD"/>
<error to="ISO_TRANSFORMATION_CA_LOSS_EXTRACT_FAILURE"/>
</action>

<action name="ISO_TRANSFORMATION_CA_LOSS_EXTRACT_FAILURE">
<email xmlns="uri:oozie:email-action:0.1">
<to>${failureEmailToAddress}</to>
<subject>${mode} : Failure ISO CA LOSS Extract notification</subject>
<body>The wf ${wf:id()} for ISO CA LOSS Extract has been failed , error message ${wf:errorMessage(wf:lastErrorNode())}</body>
</email>
<ok to="ISO_BOP_LOSS_LOAD"/>
<error to="KILL"/>
</action>

<action name="ISO_BOP_LOSS_LOAD">
<ssh xmlns="uri:oozie:ssh-action:0.1">
<host>${focusNodeLogin}</host>
<command>${spark_run_script_path}</command>
<args>TABLE_NAME=iso_bop_loss</args>
<args>LAYER_NAME=TRANSFORMATION</args>
</ssh>
<ok to="ISO_BOP_LOSS_EXTRACT"/>
<error to="ISO_TRANSFORMATION_LOAD_BOP_LOSS_FAILURE"/>
</action>

<action name="ISO_TRANSFORMATION_LOAD_BOP_LOSS_FAILURE">
<email xmlns="uri:oozie:email-action:0.1">
<to>${failureEmailToAddress}</to>
<subject>${mode} : Failure ISO BOP LOSS transformation load notification</subject>
<body>The wf ${wf:id()} for ISO BOP LOSS transformation load has been failed , error message ${wf:errorMessage(wf:lastErrorNode())}</body>
</email>
<ok to="ISO_EQ_CUP_LOSS_LOAD"/>
<error to="KILL"/>
</action>

<action name="ISO_BOP_LOSS_EXTRACT">
<ssh xmlns="uri:oozie:ssh-action:0.1">
<host>${focusNodeLogin}</host>
<command>${spark_run_script_pathboploss}</command>
<args>TABLE_NAME=ISO_BOP_LOSS</args>
<args>LAYER_NAME=TRANSFORMATION</args>
</ssh>
<ok to="ISO_EQ_CUP_LOSS_LOAD"/>
<error to="ISO_TRANSFORMATION_BOP_EXTRACT_LOSS_FAILURE"/>
</action>

<action name="ISO_TRANSFORMATION_BOP_EXTRACT_LOSS_FAILURE">
<email xmlns="uri:oozie:email-action:0.1">
<to>${failureEmailToAddress}</to>
<subject>${mode} : Failure ISO BOP LOSS Extract notification</subject>
<body>The wf ${wf:id()} for ISO BOP LOSS Extract has been failed , error message ${wf:errorMessage(wf:lastErrorNode())}</body>
</email>
<ok to="ISO_EQ_CUP_LOSS_LOAD"/>
<error to="KILL"/>
</action>

<fork name="ISO_EQ_CUP_LOSS_LOAD">
<path start="ISO_CUP_LOSS_LOAD"/>
<path start="ISO_EQ_LOSS_LOAD"/>
</fork>
<join name="ISO_EQ_CUP_LOSS_LOAD_FORK_JOIN" to="ISO_PL_EXTRACTS_FORK"/>

<action name="ISO_EQ_LOSS_LOAD">
<ssh xmlns="uri:oozie:ssh-action:0.1">
<host>${focusNodeLogin}</host>
<command>${spark_run_script_path}</command>
<args>TABLE_NAME=iso_earthquake_loss</args>
<args>LAYER_NAME=TRANSFORMATION</args>
</ssh>
<ok to="ISO_EQ_LOSS_EXTRACT"/>
<error to="ISO_TRANSFORMATION_EQ_LOSS_LOAD_FAILURE"/>
</action>

<action name="ISO_TRANSFORMATION_EQ_LOSS_LOAD_FAILURE">
<email xmlns="uri:oozie:email-action:0.1">
<to>${failureEmailToAddress}</to>
<subject>${mode} : Failure ISO EQ LOSS transformation load notification</subject>
<body>The wf ${wf:id()} for ISO EQ LOSS transformation load has been failed , error message ${wf:errorMessage(wf:lastErrorNode())}</body>
</email>
<ok to="ISO_EQ_CUP_LOSS_LOAD_FORK_JOIN"/>
<error to="KILL"/>
</action>

<action name="ISO_EQ_LOSS_EXTRACT">
<ssh xmlns="uri:oozie:ssh-action:0.1">
<host>${focusNodeLogin}</host>
<command>sh ${spark_run_script_patheqloss}</command>
<args>TABLE_NAME=ISO_EARTHQUAKE_LOSS_EXTRACT</args>
<args>LAYER_NAME=TRANSFORMATION</args>
</ssh>
<ok to="ISO_EQ_CUP_LOSS_LOAD_FORK_JOIN"/>
<error to="ISO_TRANSFORMATION_EQ_LOSS_EXTRACT_FAILURE"/>
</action>

<action name="ISO_TRANSFORMATION_EQ_LOSS_EXTRACT_FAILURE">
<email xmlns="uri:oozie:email-action:0.1">
<to>${failureEmailToAddress}</to>
<subject>${mode} : Failure ISO EQ LOSS Extract notification</subject>
<body>The wf ${wf:id()} for ISO EQ LOSS Extract has been failed , error message ${wf:errorMessage(wf:lastErrorNode())}</body>
</email>
<ok to="ISO_EQ_CUP_LOSS_LOAD_FORK_JOIN"/>
<error to="KILL"/>
</action>

<action name="ISO_CUP_LOSS_LOAD">
<ssh xmlns="uri:oozie:ssh-action:0.1">
<host>${focusNodeLogin}</host>
<command>${spark_run_script_path}</command>
<args>TABLE_NAME=iso_cup_loss</args>
<args>LAYER_NAME=TRANSFORMATION</args>
</ssh>
<ok to="ISO_CUP_LOSS_EXTRACT_FORK"/>
<error to="ISO_TRANSFORMATION_CUP_LOSS_LOAD_FAILURE"/>
</action>

<action name="ISO_TRANSFORMATION_CUP_LOSS_LOAD_FAILURE">
<email xmlns="uri:oozie:email-action:0.1">
<to>${failureEmailToAddress}</to>
<subject>${mode} : Failure ISO CUP LOSS transformation load notification</subject>
<body>The wf ${wf:id()} for ISO CUP LOSS transformation load has been failed , error message ${wf:errorMessage(wf:lastErrorNode())}</body>
</email>
<ok to="ISO_EQ_CUP_LOSS_LOAD_FORK_JOIN"/>
<error to="KILL"/>
</action>

<fork name="ISO_CUP_LOSS_EXTRACT_FORK">
<path start="ISO_CUP_LOSS_TX_PAIDS_EXTRACT"/>
<path start="ISO_CUP_LOSS_TX_OUTS_EXTRACT"/>
<path start="ISO_CUP_LOSS_NONTX_PAIDS_EXTRACT"/>
<path start="ISO_CUP_LOSS_NONTX_OUTS_EXTRACT"/>
</fork>
<join name="ISO_CUP_LOSS_EXTRACT_JOIN" to="ISO_EQ_CUP_LOSS_LOAD_FORK_JOIN"/>

<action name="ISO_CUP_LOSS_TX_PAIDS_EXTRACT">
<ssh xmlns="uri:oozie:ssh-action:0.1">
<host>${focusNodeLogin}</host>
<command>${spark_run_script_pathcuploss}</command>
<args>TABLE_NAME=ISO_CUP_LOSS</args>
<args>LAYER_NAME=TRANSFORMATION</args>
<args>TRANS_TYPE=PAIDS</args>
<args>STATE_CODE=TX</args>
</ssh>
<ok to="ISO_CUP_LOSS_EXTRACT_JOIN"/>
<error to="ISO_CUP_LOSS_TX_PAIDS_EXTRACT_FAILURE"/>
</action>

<action name="ISO_CUP_LOSS_TX_PAIDS_EXTRACT_FAILURE">
<email xmlns="uri:oozie:email-action:0.1">
<to>${failureEmailToAddress}</to>
<subject>${mode} : Failure ISO CUP LOSS TX PAID Extract notification</subject>
<body>The wf ${wf:id()} for ISO CUP LOSS TX PAID Extract has been failed , error message ${wf:errorMessage(wf:lastErrorNode())}</body>
</email>
<ok to="ISO_CUP_LOSS_EXTRACT_JOIN"/>
<error to="KILL"/>
</action>

<action name="ISO_CUP_LOSS_TX_OUTS_EXTRACT">
<ssh xmlns="uri:oozie:ssh-action:0.1">
<host>${focusNodeLogin}</host>
<command>${spark_run_script_pathcuploss}</command>
<args>TABLE_NAME=ISO_CUP_LOSS</args>
<args>LAYER_NAME=TRANSFORMATION</args>
<args>TRANS_TYPE=OUTS</args>
<args>STATE_CODE=TX</args>
</ssh>
<ok to="ISO_CUP_LOSS_EXTRACT_JOIN"/>
<error to="ISO_CUP_LOSS_TX_OUTS_EXTRACT_FAILURE"/>
</action>

<action name="ISO_CUP_LOSS_TX_OUTS_EXTRACT_FAILURE">
<email xmlns="uri:oozie:email-action:0.1">
<to>${failureEmailToAddress}</to>
<subject>${mode} : Failure ISO CUP LOSS TX OUTSTANDING Extract notification</subject>
<body>The wf ${wf:id()} for ISO CUP LOSS TX OUTSTANDING Extract has been failed , error message ${wf:errorMessage(wf:lastErrorNode())}</body>
</email>
<ok to="ISO_CUP_LOSS_EXTRACT_JOIN"/>
<error to="KILL"/>
</action>

<action name="ISO_CUP_LOSS_NONTX_PAIDS_EXTRACT">
<ssh xmlns="uri:oozie:ssh-action:0.1">
<host>${focusNodeLogin}</host>
<command>${spark_run_script_pathcuploss}</command>
<args>TABLE_NAME=ISO_CUP_LOSS</args>
<args>LAYER_NAME=TRANSFORMATION</args>
<args>TRANS_TYPE=PAIDS</args>
<args>STATE_CODE=NON-TX</args>
</ssh>
<ok to="ISO_CUP_LOSS_EXTRACT_JOIN"/>
<error to="ISO_CUP_LOSS_NONTX_PAIDS_EXTRACT_FAILURE"/>
</action>

<action name="ISO_CUP_LOSS_NONTX_PAIDS_EXTRACT_FAILURE">
<email xmlns="uri:oozie:email-action:0.1">
<to>${failureEmailToAddress}</to>
<subject>${mode} : Failure ISO CUP LOSS nonTX PAID Extract notification</subject>
<body>The wf ${wf:id()} for ISO CUP LOSS nonTX PAID Extract has been failed , error message ${wf:errorMessage(wf:lastErrorNode())}</body>
</email>
<ok to="ISO_CUP_LOSS_EXTRACT_JOIN"/>
<error to="KILL"/>
</action>

<action name="ISO_CUP_LOSS_NONTX_OUTS_EXTRACT">
<ssh xmlns="uri:oozie:ssh-action:0.1">
<host>${focusNodeLogin}</host>
<command>${spark_run_script_pathcuploss}</command>
<args>TABLE_NAME=ISO_CUP_LOSS</args>
<args>LAYER_NAME=TRANSFORMATION</args>
<args>TRANS_TYPE=OUTS</args>
<args>STATE_CODE=NON-TX</args>
</ssh>
<ok to="ISO_CUP_LOSS_EXTRACT_JOIN"/>
<error to="ISO_CUP_LOSS_NONTX_OUTS_EXTRACT_FAILURE"/>
</action>

<action name="ISO_CUP_LOSS_NONTX_OUTS_EXTRACT_FAILURE">
<email xmlns="uri:oozie:email-action:0.1">
<to>${failureEmailToAddress}</to>
<subject>${mode} : Failure ISO CUP LOSS nonTX OUTSTANDING Extract notification</subject>
<body>The wf ${wf:id()} for ISO CUP LOSS nonTX OUTSTANDING Extract has been failed , error message ${wf:errorMessage(wf:lastErrorNode())}</body>
</email>
<ok to="ISO_CUP_LOSS_EXTRACT_JOIN"/>
<error to="KILL"/>
</action>

<fork name="ISO_PL_EXTRACTS_FORK">
<path start="PREMIUM_ISO_CSP_IM_TX_LOAD"/>
<path start="ISO_AAIS_IM_PREM_NON_TX_LOAD"/>
</fork>
<join name="ISO_PL_EXTRACTS_JOIN" to="ISO_EXTRACTS_COMPLETE"/>

<action name="PREMIUM_ISO_CSP_IM_TX_LOAD">
<ssh xmlns="uri:oozie:ssh-action:0.1">
<host>${focusNodeLogin}</host>
<command>${spark_run_script_path}</command>
<args>TABLE_NAME=premium_iso_csp_inland_marine_tx</args>
<args>LAYER_NAME=TRANSFORMATION</args>
</ssh>
<ok to="LIABILITY_ISO_CSP_IM_TX_LOAD"/>
<error to="PREMIUM_ISO_CSP_IM_TX_LOAD_FAILURE"/>
</action>

<action name="LIABILITY_ISO_CSP_IM_TX_LOAD">
<ssh xmlns="uri:oozie:ssh-action:0.1">
<host>${focusNodeLogin}</host>
<command>${spark_run_script_path}</command>
<args>TABLE_NAME=liability_iso_csp_inland_marine_tx</args>
<args>LAYER_NAME=TRANSFORMATION</args>
</ssh>
<ok to="ISO_CSP_IM_TX_EXTRACT"/>
<error to="LIABILITY_ISO_CSP_IM_TX_LOAD_FAILURE"/>
</action>

<action name="PREMIUM_ISO_CSP_IM_TX_LOAD_FAILURE">
<email xmlns="uri:oozie:email-action:0.1">
<to>${failureEmailToAddress}</to>
<subject>${mode} : Failure Premium ISO CSP Inland Marine TX transformation load notification</subject>
<body>The wf ${wf:id()} for Premium ISO CSP Inland Marine TX transformation load has been failed , error message ${wf:errorMessage(wf:lastErrorNode())}</body>
</email>
<ok to="ISO_PL_EXTRACTS_JOIN"/>
<error to="KILL"/>
</action>

<action name="LIABILITY_ISO_CSP_IM_TX_LOAD_FAILURE">
<email xmlns="uri:oozie:email-action:0.1">
<to>${failureEmailToAddress}</to>
<subject>${mode} : Failure Liability ISO CSP Inland Marine TX transformation load notification</subject>
<body>The wf ${wf:id()} for Liability ISO CSP Inland Marine TX transformation load has been failed , error message ${wf:errorMessage(wf:lastErrorNode())}</body>
</email>
<ok to="ISO_PL_EXTRACTS_JOIN"/>
<error to="KILL"/>
</action>

<action name="ISO_CSP_IM_TX_EXTRACT">
<ssh xmlns="uri:oozie:ssh-action:0.1">
<host>${focusNodeLogin}</host>
<command>${spark_run_script_pathcspimtx}</command>
<args>TABLE_NAME=iso_csp_inland_marine_tx_extract</args>
<args>LAYER_NAME=TRANSFORMATION</args>
</ssh>
<ok to="ISO_PL_EXTRACTS_JOIN"/>
<error to="ISO_CSP_IM_TX_EXTRACT_FAILURE"/>
</action>

<action name="ISO_CSP_IM_TX_EXTRACT_FAILURE">
<email xmlns="uri:oozie:email-action:0.1">
<to>${failureEmailToAddress}</to>
<subject>${mode} : Failure ISO CSP Inland Marine TX Extract notification</subject>
<body>The wf ${wf:id()} for ISO CSP Inland Marine TX Extract has been failed , error message ${wf:errorMessage(wf:lastErrorNode())}</body>
</email>
<ok to="ISO_PL_EXTRACTS_JOIN"/>
<error to="KILL"/>
</action>

<action name="ISO_AAIS_IM_PREM_NON_TX_LOAD">
<ssh xmlns="uri:oozie:ssh-action:0.1">
<host>${focusNodeLogin}</host>
<command>${spark_run_script_path}</command>
<args>TABLE_NAME=premium_aais_inland_marine_prem_loss</args>
<args>LAYER_NAME=TRANSFORMATION</args>
</ssh>
<ok to="ISO_AAIS_IM_PREM_NON_TX_EXTRACT"/>
<error to="ISO_AAIS_IM_PREM_NON_TX_LOAD_FAILURE"/>
</action>

<action name="ISO_AAIS_IM_PREM_NON_TX_LOAD_FAILURE">
<email xmlns="uri:oozie:email-action:0.1">
<to>${failureEmailToAddress}</to>
<subject>${mode} : Failure ISO AAIS Inland Marine Premium NON_TX transformation load notification</subject>
<body>The wf ${wf:id()} for ISO AAIS Inland Marine Premium NON_TX transformation load has been failed , error message ${wf:errorMessage(wf:lastErrorNode())}</body>
</email>
<ok to="ISO_PL_EXTRACTS_JOIN"/>
<error to="KILL"/>
</action>

<action name="ISO_AAIS_IM_PREM_NON_TX_EXTRACT">
<ssh xmlns="uri:oozie:ssh-action:0.1">
<host>${focusNodeLogin}</host>
<command>${spark_run_script_pathaaisimnontx}</command>
<args>TABLE_NAME=AAIS_INLAND_MARINE_PREM_LOSS</args>
<args>LAYER_NAME=TRANSFORMATION</args>
</ssh>
<ok to="ISO_PL_EXTRACTS_JOIN"/>
<error to="ISO_AAIS_IM_PREM_NON_TX_EXTRACT_FAILURE"/>
</action>

<action name="ISO_AAIS_IM_PREM_NON_TX_EXTRACT_FAILURE">
<email xmlns="uri:oozie:email-action:0.1">
<to>${failureEmailToAddress}</to>
<subject>${mode} : Failure ISO AAIS Inland Marine Premium NON_TX Extract notification</subject>
<body>The wf ${wf:id()} for ISO AAIS Inland Marine Premium NON_TX Extract has been failed , error message ${wf:errorMessage(wf:lastErrorNode())}</body>
</email>
<ok to="ISO_PL_EXTRACTS_JOIN"/>
<error to="KILL"/>
</action>

<action name="ISO_EXTRACTS_COMPLETE">
<email xmlns="uri:oozie:email-action:0.1">
<to>${emailToAddress}</to>
<subject>${mode} : Success ISO Extracts notification</subject>
<body>The wf ${wf:id()} for ISO Extracts succeeded. Individual failure notifications are sent separately. Please validate</body>
</email>
<ok to="END"/>
<error to="KILL"/>
</action>

<kill name="KILL">
<!-- <message>"Killed job due to error"</message> -->
<message>Job failed for ISO Extract creation , error message[${wf:errorMessage(wf:lastErrorNode())}]</message>
</kill>
<end name="END"/>
</workflow-app>
