<workflow-app name="ISO_TICO_PL_MONTHLY_EXTRACTS" xmlns="uri:oozie:workflow:0.1">
<start to="ISO_TICO_HO_PREM_TX_LOAD"/>

<action name="ISO_TICO_HO_PREM_TX_LOAD">
<ssh xmlns="uri:oozie:ssh-action:0.1">
<host>${focusNodeLogin}</host>
<command>${spark_run_script_path}</command>
<args>TABLE_NAME=ticoprem_tico_ho_df_prem_loss</args>
<args>LAYER_NAME=TRANSFORMATION</args>
</ssh>
<ok to="ISO_TICO_HO_PREM_TX_EXTRACT"/>
<error to="ISO_TRANSFORMATION_TICO_HO_PREM_TX_LOAD_FAILURE"/>
</action>

<action name="ISO_TICO_HO_PREM_TX_EXTRACT">
<ssh xmlns="uri:oozie:ssh-action:0.1">
<host>${focusNodeLogin}</host>
<command>${spark_run_script_pathticohopremtx}</command>
<args>TABLE_NAME=tico_ho_df_prem_loss_extract</args>
<args>LAYER_NAME=TRANSFORMATION</args>
</ssh>
<ok to="ISO_TICO_DW_PREM_TX_LOAD"/>
<error to="ISO_TRANSFORMATION_TICO_HO_PREM_TX_EXTRACT_FAILURE"/>
</action>

<action name="ISO_TICO_DW_PREM_TX_LOAD">
<ssh xmlns="uri:oozie:ssh-action:0.1">
<host>${focusNodeLogin}</host>
<command>${spark_run_script_path}</command>
<args>TABLE_NAME=ticodwprem_tico_ho_df_prem_loss</args>
<args>LAYER_NAME=TRANSFORMATION</args>
</ssh>
<ok to="ISO_TICO_DW_PREM_TX_EXTRACT"/>
<error to="ISO_TRANSFORMATION_TICO_DW_PREM_TX_LOAD_FAILURE"/>
</action>

<action name="ISO_TICO_DW_PREM_TX_EXTRACT">
<ssh xmlns="uri:oozie:ssh-action:0.1">
<host>${focusNodeLogin}</host>
<command>${spark_run_script_pathticodwpremtx}</command>
<args>TABLE_NAME=tico_ho_df_prem_loss_extract</args>
<args>LAYER_NAME=TRANSFORMATION</args>
</ssh>
<ok to="ISO_TICO_DW_PREM_TX_EXTRACT_SECOND"/>
<error to="ISO_TRANSFORMATION_TICO_DW_PREM_TX_EXTRACT_FAILURE"/>
</action>

<action name="ISO_TICO_DW_PREM_TX_EXTRACT_OPTIONAL">
<ssh xmlns="uri:oozie:ssh-action:0.1">
<host>${focusNodeLogin}</host>
<command>${spark_run_script_pathticodwpremtx_optional}</command>
<args>TABLE_NAME=tico_ho_df_prem_loss_extract</args>
<args>LAYER_NAME=TRANSFORMATION</args>
</ssh>
<ok to="ISO_TICO_DW_PREM_TX_EXTRACT_TYPE6"/>
<error to="ISO_TRANSFORMATION_TICO_DW_PREM_TX_EXTRACT_FAILURE_OPTIONAL"/>
</action>

<action name="ISO_TICO_DW_PREM_TX_EXTRACT_TYPE6">
<ssh xmlns="uri:oozie:ssh-action:0.1">
<host>${focusNodeLogin}</host>
<command>${spark_run_script_pathticodwpremtx_type6}</command>
<args>TABLE_NAME=tico_ho_df_prem_loss_extract</args>
<args>LAYER_NAME=TRANSFORMATION</args>
</ssh>
<ok to="ISO_TICO_DW_PAIDLOSS_TX_LOAD"/>
<error to="ISO_TRANSFORMATION_TICO_DW_PREM_TX_EXTRACT_FAILURE_TYPE6"/>
</action>


<action name="ISO_TICO_DW_PAIDLOSS_TX_LOAD">
<ssh xmlns="uri:oozie:ssh-action:0.1">
<host>${focusNodeLogin}</host>
<command>${spark_run_script_path}</command>
<args>TABLE_NAME=ticodwpaidloss_tico_ho_df_prem_loss</args>
<args>LAYER_NAME=TRANSFORMATION</args>
</ssh>
<ok to="ISO_TICO_DW_PAIDLOSS_TX_EXTRACT"/>
<error to="ISO_TRANSFORMATION_TICO_DW_PAIDLOSS_TX_LOAD_FAILURE"/>
</action>

<action name="ISO_TICO_DW_PAIDLOSS_TX_EXTRACT">
<ssh xmlns="uri:oozie:ssh-action:0.1">
<host>${focusNodeLogin}</host>
<command>${spark_run_script_pathticodwpaidlosstx}</command>
<args>TABLE_NAME=tico_ho_df_prem_loss_extract</args>
<args>LAYER_NAME=TRANSFORMATION</args>
</ssh>
<ok to="ISO_TICO_EXTRACTS_COMPLETE"/>
<error to="ISO_TRANSFORMATION_TICO_DW_PAIDLOSS_TX_EXTRACT_FAILURE"/>
</action>

<action name="ISO_TICO_EXTRACTS_COMPLETE">
<email xmlns="uri:oozie:email-action:0.1">
<to>${emailToAddress}</to>
<subject>${mode} : Success TICO Extracts notification</subject>
<body>The wf ${wf:id()} for TICO Extracts succeeded. Individual failure notifications are sent separately. Please validate</body>
</email>
<ok to="END"/>
<error to="KILL"/>
</action>

<action name="ISO_TRANSFORMATION_TICO_DW_PREM_TX_LOAD_FAILURE">
<email xmlns="uri:oozie:email-action:0.1">
<to>${failureEmailToAddress}</to>
<subject>${mode} : Failure ISO TICO DW PREM TX transformation load notification</subject>
<body>The wf ${wf:id()} for ISO TICO DW PREM TX transformation load has been failed , error message ${wf:errorMessage(wf:lastErrorNode())}</body>
</email>
<ok to="ISO_TICO_DW_PAIDLOSS_TX_LOAD"/>
<error to="KILL"/>
</action>

<action name="ISO_TRANSFORMATION_TICO_HO_PREM_TX_LOAD_FAILURE">
<email xmlns="uri:oozie:email-action:0.1">
<to>${failureEmailToAddress}</to>
<subject>${mode} : Failure ISO TICO HO PREM TX transformation load notification</subject>
<body>The wf ${wf:id()} for ISO TICO HO PREM TX transformation load has been failed , error message ${wf:errorMessage(wf:lastErrorNode())}</body>
</email>
<ok to="ISO_TICO_DW_PREM_TX_LOAD"/>
<error to="KILL"/>
</action>


<action name="ISO_TRANSFORMATION_TICO_DW_PAIDLOSS_TX_LOAD_FAILURE">
<email xmlns="uri:oozie:email-action:0.1">
<to>${failureEmailToAddress}</to>
<subject>${mode} : Failure ISO TICO DW PAIDLOSS TX transformation load notification</subject>
<body>The wf ${wf:id()} for ISO TICO DW PAIDLOSS TX transformation load has been failed , error message ${wf:errorMessage(wf:lastErrorNode())}</body>
</email>
<ok to="ISO_TICO_EXTRACTS_FAILURE"/>
<error to="KILL"/>
</action>

<action name="ISO_TRANSFORMATION_TICO_HO_PREM_TX_EXTRACT_FAILURE">
<email xmlns="uri:oozie:email-action:0.1">
<to>${failureEmailToAddress}</to>
<subject>${mode} : Failure TICO HO PREM TX Extract notification</subject>
<body>The wf ${wf:id()} for TICO HO PREM TX Extract has been failed , error message ${wf:errorMessage(wf:lastErrorNode())}</body>
</email>
<ok to="ISO_TICO_DW_PREM_TX_LOAD"/>
<error to="KILL"/>
</action>

<action name="ISO_TRANSFORMATION_TICO_DW_PREM_TX_EXTRACT_FAILURE">
<email xmlns="uri:oozie:email-action:0.1">
<to>${failureEmailToAddress}</to>
<subject>${mode} : Failure TICO DW PREM TX Extract notification</subject>
<body>The wf ${wf:id()} for TICO DW PREM TX Extract has been failed , error message ${wf:errorMessage(wf:lastErrorNode())}</body>
</email>
<ok to="ISO_TICO_DW_PAIDLOSS_TX_LOAD"/>
<error to="KILL"/>
</action>

<action name="ISO_TRANSFORMATION_TICO_DW_PREM_TX_EXTRACT_FAILURE_OPTIONAL">
<email xmlns="uri:oozie:email-action:0.1">
<to>${failureEmailToAddress}</to>
<subject>${mode} : Failure TICO DW PREM TX Extract notification</subject>
<body>The wf ${wf:id()} for TICO DW PREM TX optional Extract has been failed , error message ${wf:errorMessage(wf:lastErrorNode())}</body>
</email>
<ok to="ISO_TICO_DW_PAIDLOSS_TX_LOAD"/>
<error to="KILL"/>
</action>

<action name="ISO_TRANSFORMATION_TICO_DW_PREM_TX_EXTRACT_FAILURE_TYPE6">
<email xmlns="uri:oozie:email-action:0.1">
<to>${failureEmailToAddress}</to>
<subject>${mode} : Failure TICO DW PREM TX Extract notification</subject>
<body>The wf ${wf:id()} for TICO DW PREM TX type 6 Extract has been failed , error message ${wf:errorMessage(wf:lastErrorNode())}</body>
</email>
<ok to="ISO_TICO_DW_PAIDLOSS_TX_LOAD"/>
<error to="KILL"/>
</action>

<action name="ISO_TRANSFORMATION_TICO_DW_PAIDLOSS_TX_EXTRACT_FAILURE">
<email xmlns="uri:oozie:email-action:0.1">
<to>${failureEmailToAddress}</to>
<subject>${mode} : Failure TICO DW PAIDLOSS TX Extract notification</subject>
<body>The wf ${wf:id()} for TICO DW PAIDLOSS TX Extract has been failed , error message ${wf:errorMessage(wf:lastErrorNode())}</body>
</email>
<ok to="ISO_TICO_EXTRACTS_FAILURE"/>
<error to="KILL"/>
</action>

<action name="ISO_TICO_EXTRACTS_FAILURE">
<email xmlns="uri:oozie:email-action:0.1">
<to>${emailToAddress}</to>
<subject>${mode} : Failure TICO Extracts notification</subject>
<body>The wf ${wf:id()} for TICO Extracts failed. Error message ${wf:errorMessage(wf:lastErrorNode())}</body>
</email>
<ok to="END"/>
<error to="KILL"/>
</action>



<kill name="KILL">
<!-- <message>"Killed job due to error"</message> -->
<message>Job failed for TICO Extract creation , error message[${wf:errorMessage(wf:lastErrorNode())}]</message>
</kill>
<end name="END"/>
</workflow-app>

