<workflow-app
 xmlns="uri:oozie:workflow:0.1" name="Curate Transform LGCY Monthly">
    <start to="RunLgcyPart"/>
        <fork name="RunLgcyPart">
		       <path start="StgVdmMST"/> 
           <path start="Lgcy_Policy_Inforce_Eom"/>
           <path start="Lgcy_Prem_Eom"/>
        </fork>
        <join name="LGCY_FORK_JOB" to="RunLgcyPart1"/>
            <action name="StgVdmMST">
                  <ssh xmlns="uri:oozie:ssh-action:0.1">
                    <host>${focusNodeLogin}</host>
                    <command>${spark_run_script_path}</command>
                    <args>TABLE_NAME=stg_dmact_vdm_master_wel2</args>
                    <args>LAYER_NAME=STAGING</args>
                  </ssh>
                  <ok to="LGCY_FORK_JOB"/>
                  <error to="LGCY_TRANSFORMATION_LOAD_FAILURE"/>
            </action>
            <action name="Lgcy_Policy_Inforce_Eom">
                  <ssh xmlns="uri:oozie:ssh-action:0.1">
                    <host>${focusNodeLogin}</host>
                    <command>${spark_run_script_path}</command>
                    <args>TABLE_NAME=lgcy_policy_inforce_eom</args>
                    <args>LAYER_NAME=TRANSFORMATION</args>
                  </ssh>
                  <ok to="LGCY_FORK_JOB"/>
                  <error to="LGCY_TRANSFORMATION_LOAD_FAILURE"/>
            </action>
            <action name="Lgcy_Prem_Eom">
                  <ssh xmlns="uri:oozie:ssh-action:0.1">
                    <host>${focusNodeLogin}</host>
                    <command>${spark_run_script_path}</command>
                    <args>TABLE_NAME=lgcy_prem_eom</args>
                    <args>LAYER_NAME=TRANSFORMATION</args>
                  </ssh>
                  <ok to="LGCY_FORK_JOB"/>
                  <error to="LGCY_TRANSFORMATION_LOAD_FAILURE"/>
            </action>
         <fork name="RunLgcyPart1">
             <path start="Lgcy_Policy_lookup"/>
             <path start="Lgcy_Coverage_Common"/>
         </fork>
         <join name="LGCY_FORK_JOB1" to="RunLgcyPart2"/>
           <action name="Lgcy_Policy_lookup">
                  <ssh xmlns="uri:oozie:ssh-action:0.1">
                    <host>${focusNodeLogin}</host>
                    <command>${spark_run_script_path}</command>
                    <args>TABLE_NAME=lgcy_gwpc_policy_lookup</args>
                    <args>LAYER_NAME=TRANSFORMATION</args>
                  </ssh>
                  <ok to="Lgcy_Policy_Common"/>
                  <error to="LGCY_TF_LOAD_FAILURE"/>
            </action>
            <action name="Lgcy_Policy_Common">
                  <ssh xmlns="uri:oozie:ssh-action:0.1">
                    <host>${focusNodeLogin}</host>
                    <command>${spark_run_script_path}</command>
                    <args>TABLE_NAME=lgcy_policy_common</args>
                    <args>LAYER_NAME=TRANSFORMATION</args>
                  </ssh>
                  <ok to="Lgcy_Claim_Common"/>
                  <error to="LGCY_TF_LOAD_FAILURE"/>
            </action>
            <action name="Lgcy_Coverage_Common">
                  <ssh xmlns="uri:oozie:ssh-action:0.1">
                    <host>${focusNodeLogin}</host>
                    <command>${spark_run_script_path}</command>
                    <args>TABLE_NAME=lgcy_coverage_common</args>
                    <args>LAYER_NAME=TRANSFORMATION</args>
                  </ssh>
                  <ok to="LGCY_FORK_JOB1"/>
                  <error to="LGCY_TF_LOAD_FAILURE"/>
            </action>
             <action name="Lgcy_Claim_Common">
                  <ssh xmlns="uri:oozie:ssh-action:0.1">
                    <host>${focusNodeLogin}</host>
                    <command>${spark_run_script_path}</command>
                    <args>TABLE_NAME=lgcy_claim_common</args>
                    <args>LAYER_NAME=TRANSFORMATION</args>
                  </ssh>
                  <ok to="Lgcy_Loss_Exposure_Common"/>
                  <error to="LGCY_TF_LOAD_FAILURE"/>
            </action>
            <action name="Lgcy_Loss_Exposure_Common">
                  <ssh xmlns="uri:oozie:ssh-action:0.1">
                    <host>${focusNodeLogin}</host>
                    <command>${spark_run_script_path}</command>
                    <args>TABLE_NAME=lgcy_loss_exposure_common</args>
                    <args>LAYER_NAME=TRANSFORMATION</args>
                  </ssh>
                  <ok to="LGCY_FORK_JOB1"/>
                  <error to="LGCY_TF_LOAD_FAILURE"/>
            </action>			
			 <fork name="RunLgcyPart2">
                 <path start="Wel2_Loss_Eom"/>
                 <path start="Wel2_Prem_Eom"/>
             </fork>
             <join name="LGCY_FORK_JOB2" to="LGCY_RECON"/>
             <action name="Wel2_Loss_Eom">
                  <ssh xmlns="uri:oozie:ssh-action:0.1">
                     <host>${focusNodeLogin}</host>
                     <command>${spark_run_script_path}</command>
                     <args>TABLE_NAME=wel2_loss_eom</args>
                     <args>LAYER_NAME=TRANSFORMATION</args>
                  </ssh>
                  <ok to="LGCY_FORK_JOB2"/>
                  <error to="LGCY_LOAD_FAILURE"/>
            </action>
            <action name="Wel2_Prem_Eom">
                  <ssh xmlns="uri:oozie:ssh-action:0.1">
                     <host>${focusNodeLogin}</host>
                     <command>${spark_run_script_path}</command>
                     <args>TABLE_NAME=wel2_prem_eom</args>
                     <args>LAYER_NAME=TRANSFORMATION</args>
                  </ssh>
                  <ok to="LGCY_FORK_JOB2"/>
                  <error to="LGCY_LOAD_FAILURE"/>
            </action>
			<action name="LGCY_RECON">
                  <ssh xmlns="uri:oozie:ssh-action:0.1">
                     <host>${focusNodeLogin}</host>
                     <command>${spark_run_script_path2}</command>
                     <args>TABLE_NAME=lgcy_transform_reconc</args>
                     <args>LAYER_NAME=TRANSFORMATION</args>
                  </ssh>
                  <ok to="LGCY_TRANSFORMATION_LOAD_SUCCESS"/>
                  <error to="KILL"/>
            </action>
            <action name="LGCY_TRANSFORMATION_LOAD_SUCCESS">
                 <email xmlns="uri:oozie:email-action:0.1">
                    <to>${emailToAddress}</to>
                    <subject>${mode} - New Cluster LGCY Transformation Success notification</subject>
                    <body>LGCY Transformation Workflow is completed</body>
                 </email>
                 <ok to="END"/>
                 <error to="KILL"/>
            </action>
            <action name="LGCY_TRANSFORMATION_LOAD_FAILURE">
                 <email xmlns="uri:oozie:email-action:0.1">
                    <to>${emailToAddress}</to>
                  <subject>${mode} : New Cluster Failure LGCY Transformation Notification</subject>
                    <body>The wf ${wf:id()} has been failed , error message ${wf:errorMessage(wf:lastErrorNode())}</body>
                 </email>
                 <ok to="LGCY_FORK_JOB"/>
                 <error to="KILL"/>
            </action>
            <action name="LGCY_TF_LOAD_FAILURE">
                 <email xmlns="uri:oozie:email-action:0.1">
                    <to>${emailToAddress}</to>
                  <subject>${mode} : New Cluster Failure LGCY Transformation Notification</subject>
                    <body>The wf ${wf:id()} has been failed , error message ${wf:errorMessage(wf:lastErrorNode())}</body>
                 </email>
                 <ok to="LGCY_FORK_JOB1"/>
                 <error to="KILL"/>
            </action>
            <action name="LGCY_LOAD_FAILURE">
                 <email xmlns="uri:oozie:email-action:0.1">
                    <to>${emailToAddress}</to>
                  <subject>${mode} : New Cluster Failure LGCY Transformation Notification</subject>
                    <body>The wf ${wf:id()} has been failed , error message ${wf:errorMessage(wf:lastErrorNode())}</body>
                 </email>
                 <ok to="LGCY_FORK_JOB2"/>
                 <error to="KILL"/>
            </action>
            <action name="LGCY_RECON_LOAD_FAILURE">
                 <email xmlns="uri:oozie:email-action:0.1">
                    <to>${emailToAddress}</to>
                    <subject>${mode} : New Cluster Failure LGCY Reconciliation Notification ()</subject>
                    <body>The wf ${wf:id()} has been failed , error message ${wf:errorMessage(wf:lastErrorNode())}</body>
                 </email>
                 <ok to="LGCY_FORK_JOB"/>
                 <error to="KILL"/>
            </action>
    <kill name="KILL">
        <!-- <message>"Killed job due to error"</message> -->
        <message>Job failed for Legacy Curation Tables , error message[${wf:errorMessage(wf:lastErrorNode())}]</message>
    </kill>
   <end name="END"/>
</workflow-app>
