CLIENT_ID,NAME,DOB,MSTATUS,SYSDATE,PARTY_TYPE,UID,URL,CONTACT_NUMBER,US_STATE,US_ZIP_CODE,ADDRESS,SOURCE,COUNTRY
135001,John Doe,1/12/1960,married,20190319,CONTACT,1DFG1_UI,https://www.abc.com,8121233083,AL,85055,EST CITY//402//US,SFDC.,IN
135002,John Doe Junior,12/31/1985,single,20190319,CONTACT,1DFG1_UI,https://www.abc.com,8121233083,FL,85055,THIS STREET//EU,SFDC.,US
135003,John Q.,5/6/1985,divorced,20190319,CONTACT,1DFG1_UI,https://www.abc.com,8121233083,MI,500048,ANTIGO//SA,SFDC.,IN
135004,Judy Doe,10/22/1980,single,20190319,CONTACT,1DFG1_UI,https://www.abc.com,8121233083,FLORIDA,85055,TAMPA//FLORIDA,GW.,IN
135005,Jane Roe,8/16/1982,married,20190319,CONTACT,1DFG1_UI,https://www.abc.com,8121233083,California,90089,STREE NO 101 //MIAMI,GW.,IN
135006,Miike hussey,8/16/1982,married,20190319,CONTACT,1DFG1_UI,https://www.abc.com,8121233083,Arizona,72217,EST CITY//402//US,GW.,IN
135007,James Anderson Senior,8/16/1982,married,20190319,CONTACT,1DFG1_UI,https://www.abc.com,8121233083,AR,85055,THIS STREET//EU,GW.,IN
135008,Lungi Ngidi,8/16/1982,single,20190319,CONTACT,1DFG1_UI,https://www.abc.com,8121233083,CA,85055,ANTIGO//SA,MMD.,IN
135009,Chris,8/16/1982,single,20190319,CONTACT,1DFG1_UI,https://www.abc.com,8121233083,RAJ,311001,TAMPA//FLORIDA,MMD.,US
135010,Shane Watson,10/22/1980,single,20190319,CONTACT,1DFG1_UI,https://www.abc.com,8121233083,TX,90089,STREE NO 101 //MIAMI,MMD.,IN
135011,Clark,10/22/1980,single,20190319,CONTACT,1DFG1_UI,https://www.abc.com,8121233083,OHIO,85055,EST CITY//402//US,MMD.,IN
135012,Dino Maria,10/22/1980,single,20190319,CONTACT,1DFG1_UI,https://www.abc.com,8121233083,TN,85055,THIS STREET//EU,MMD.,IN
135013,Scott Styris,10/22/1980,married,20190319,CONTACT,1DFG1_UI,https://www.abc.com,8121233083,RAJ,85055,ANTIGO//SA,MMD.,IN
,JP Duminy,10/22/1980,single,20190319,CONTACT,1DFG1_UI,https://www.abc.com,8121233083,NY,85055,TAMPA//FLORIDA,RH.,IN
,Faf Dup,10/22/1980,single,20190319,CONTACT,1DFG1_UI,https://www.abc.com,8121233083,NY,85055,STREE NO 101 //MIAMI,RH.,IN
