ARCHITECTURE_LAYER,FILE_NAME,FILE_TYPE,SOURCE_NAME,ACTION,KEY,VALUE
L0,ACCOUNT,CSV,SALESFORCE,VALIDATION,INPUT_PATH,src\\main\\resources\\Client_3192019.csv
L0,ACCOUNT,CSV,SALESFORCE,VALIDATION,OUTPUT_PATH,src\\main\\resources\\validatoion\\
L0,ACCOUNT,CSV,SALESFORCE,VALIDATION,AUDIT_TABLE_OUTPUT_PATH,src\\main\\resources\\audittable\\
L0,ACCOUNT,CSV,SALESFORCE,VALIDATION,ERROR_TABLE_OUTPUT_PATH,src\\main\\resources\\error\\
L0,ACCOUNT,CSV,SALESFORCE,VALIDATION,PRIMARY_KEY,CLIENT_ID
L0,ACCOUNT,CSV,SALESFORCE,VALIDATION,SCHEMA_CHECK,CLIENT_ID|NAME|DOB|MSTATUS|SYSDATE|PARTY_TYPE|UID|URL|CONTACT_NUMBER|US_STATE|US_ZIP_CODE|ADDRESS|SOURCE|COUNTRY
L0,ACCOUNT,CSV,SALESFORCE,VALIDATION,DATATYPE_CONVERSION,CLIENT_ID::STRING||NAME::STRING||DOB::STRING||MSTATUS::STRING||SYSDATE::STRING||PARTY_TYPE::STRING||UID::STRING||URL::STRING||CONTACT_NUMBER::STRING||US_STATE::STRING||ADDRESS::STRING||SOURCE::STRING||COUNTRY::STRING
L0,ACCOUNT,CSV,SALESFORCE,VALIDATION,KEY_FIELD,CLIENT_ID
L0,ACCOUNT,CSV,SALESFORCE,STANDARIZATION,RULE_CONCATENATEWITHPIPE,CLIENT_ID||PARTY_TYPE::CONCATENATE_PIPE_S
L0,ACCOUNT,CSV,SALESFORCE,STANDARIZATION,RU1LE_SPLITNAMES,NAME
L0,ACCOUNT,CSV,SALESFORCE,STANDARIZATION,RULE_TITLECASE,MSTATUS::MSTATUS_INITCAP_S
L0,ACCOUNT,CSV,SALESFORCE,STANDARIZATION,1RULE_ADDADDIONALCOLUMNWITHDEFAULTVALUE,ADDITIONAL_COL::US
L0,ACCOUNT,CSV,SALESFORCE,STANDARIZATION,RULE_CONCATENATEWITHHYPHEN,CLIENT_ID||PARTY_TYPE::CONCATENATE_HYPHEN_S
L0,ACCOUNT,CSV,SALESFORCE,STANDARIZATION,1RULE_CREATEDUPLICATECOLUMN,COUNTRY_CODE::COUNTRY_CODE_DUP_COL
L0,ACCOUNT,CSV,SALESFORCE,STANDARIZATION,RULE_URL_HTTP_REPLACE_WITH_SPACE,URL::URL_HTTP_REPLACMENT_S
L0,ACCOUNT,CSV,SALESFORCE,STANDARIZATION,RULE_UPPERCASE,NAME::NAME_UPPERCASE_S
L0,ACCOUNT,CSV,SALESFORCE,STANDARIZATION,RULE_LOWERCASE,NAME::NAME_LOWERCASE_S
L0,ACCOUNT,CSV,SALESFORCE,STANDARIZATION,RULE_REPLACE_HYPHEN_UNDERSCORE_WITH_SPACE,UID::UID_HYPHN_REPLACMENT_C
L0,ACCOUNT,CSV,SALESFORCE,STANDARIZATION,RULE_REMOVE_NON_NUMBER,UID::UID_REMOVE_NONNUMBER_C
L0,ACCOUNT,CSV,SALESFORCE,STANDARIZATION,RULE_REPLACE_SLASH_WITH_SPACE,ADDRESS::ADDRESS_REPLACE_SLASH_C
L0,ACCOUNT,CSV,SALESFORCE,STANDARIZATION,RULE_REPLACE_PERIOD_WITH_SPACE,SOURCE::SOURCE_REMOVE_PERIOD_C
L0,ACCOUNT,CSV,SALESFORCE,STANDARIZATION,RULE_TRIM,SOURCE_REMOVE_PERIOD_C::SOURCE_TRIM_C
L0,ACCOUNT,CSV,SALESFORCE,STANDARIZATION,RULE_REMOVE_LEADING_ZERO,SYSDATE::SYSDATE_REMOVE_LEADING_ZERO_C
L0,ACCOUNT,CSV,SALESFORCE,STANDARIZATION,RULE_ADD_PARENTHESIS_START_END,PARTY_TYPE::PARTY_TYPE_RULE_ADD_PARENTHESIS_S
L0,ACCOUNT,CSV,SALESFORCE,STANDARIZATION,RULE_DOB_VALIDATION,DOB::DOB_VALIDATION_RULE
L0,ACCOUNT,CSV,SALESFORCE,STANDARIZATION,RULE_DATE_VALIDATION,DOB::DATE_VALIDATION_RULE
L0,ACCOUNT,CSV,SALESFORCE,STANDARIZATION,RULE_COMPLETENESS,CLIENT_ID::CLIENT_ID_NUMERIC_VALIDATION_RULE
L0,ACCOUNT,CSV,SALESFORCE,STANDARIZATION,RULE_IS_NUMERIC,NAME::CLIENT_ID_IS_NUMERIC_VALIDATION_RULE
L0,ACCOUNT,CSV,SALESFORCE,STANDARIZATION,RULE_USA_PHONE_NO_VALIDATION,CONTACT_NUMBER::CONTACT_NUMBER_VALIDATION_RULE
L0,ACCOUNT,CSV,SALESFORCE,STANDARIZATION,RULE_USA_PHONE_PARSE_STANDARIZE_VALIDATE,CONTACT_NUMBER::CONTACT_NUMBER_PARSE_S
L0,ACCOUNT,CSV,SALESFORCE,STANDARIZATION,RULE_USA_STATE_VALIDATION,US_STATE::USA_STATE_VALIDATION_RULE
L0,ACCOUNT,CSV,SALESFORCE,STANDARIZATION,RULE_USA_ZIP_CODE_VALIDATION,US_ZIP_CODE::USA_ZIP_CODE_VALIDATION_RULE
L0,ACCOUNT,CSV,SALESFORCE,STANDARIZATION,RULE_PHONE_NUMBER,CONTACT_NUMBER::PHONE_NO_STANDARIZATION
L0,ACCOUNT,EBCIDIC,SALESFORCE,EBCDIC,INPUT_PATH,src\\main\\resources\\ebcdic\\COMP.dat
L0,ACCOUNT,EBCIDIC,SALESFORCE,EBCDIC,RULE_TRIM,src\\main\\resources\\eoutput\\
L0,ACCOUNT,EBCIDIC,SALESFORCE,EBCDIC,COPY_BOOK_PATH,src\\main\\resources\\ebcdic\\copybook\\comp.cob
L0,ACCOUNT,CSV,SALESFORCE,CDC,HISTORY_DATA_INPUT_PATH,src\\main\\resources\\output_new\\
L0,ACCOUNT,CSV,SALESFORCE,CDC,INC_DATA_INPUT_PATH,src\\main\\resources\\Client_3202019.csv
L0,ACCOUNT,CSV,SALESFORCE,CDC,OUTPUT_PATH,src\\main\\resources\\output_new\\
L0,ACCOUNT,CSV,SALESFORCE,CDC,IS_INCREMENT,TRUE
L0,ACCOUNT,CSV,SALESFORCE,CDC,PARTITION_BY_COL,Client_Id
L0,ACCOUNT,CSV,SALESFORCE,CDC,ORDER_BY_COL,sysDate desc||START_DATE desc
L0,ACCOUNT,CSV,SALESFORCE,CDC,KEY_COL_DATA_CAPTURE,Client_Id||Fname||Lname||DOB||Mstatus
