<workflow-app
 xmlns="uri:oozie:workflow:0.1" name="CURATE_MDM_DAILY">	
    <start to="MDM_Daily_StepI"/> 
    <action name="MDM_Daily_StepI">
	  <ssh xmlns="uri:oozie:ssh-action:0.1">
	     <host>${focusNodeLogin}</host>
	     <command>${spark_run_script_path1}</command>
         <args>LAYER_NAME=CURATION</args>
	  </ssh>
	  <ok to="MDM_Daily_StepII"/>
	  <error to="CURATE_MDM_LOAD_FAILURE"/>
    </action>
    <action name="MDM_Daily_StepII">
	  <ssh xmlns="uri:oozie:ssh-action:0.1">
	     <host>${focusNodeLogin}</host>
	     <command>${spark_run_script_path2}</command>
         <args>LAYER_NAME=CURATION</args>
	  </ssh>
	  <ok to="MDM_Daily_StepIII"/>
	  <error to="CURATE_MDM_LOAD_FAILURE"/>
    </action>
    <action name="MDM_Daily_StepIII">
	  <ssh xmlns="uri:oozie:ssh-action:0.1">
	     <host>${focusNodeLogin}</host>
	     <command>${spark_run_script_path3}</command>
         <args>LAYER_NAME=CURATION</args>
	  </ssh>
	  <ok to="MDM_Daily_StepIV"/>
	  <error to="CURATE_MDM_LOAD_FAILURE"/>
    </action>
    <action name="MDM_Daily_StepIV">
	  <ssh xmlns="uri:oozie:ssh-action:0.1">
	     <host>${focusNodeLogin}</host>
	     <command>${spark_run_script_path4}</command>
         <args>LAYER_NAME=CURATION</args>
	  </ssh>
	  <ok to="CURATE_MDM_LOAD_SUCCESS"/>
	  <error to="CURATE_MDM_LOAD_FAILURE"/>
    </action>
	<action name="CURATE_MDM_LOAD_SUCCESS">
         <email xmlns="uri:oozie:email-action:0.1">
            <to>${emailToAddress}</to>
            <subject>MDM Golden Record Daily Load Success Notification (${mode})</subject>
            <body>MDM Golden Record Daily Load Workflow is completed.</body>
         </email>
         <ok to="END"/>
         <error to="KILL"/>
    </action>
    <action name="CURATE_MDM_LOAD_FAILURE">
         <email xmlns="uri:oozie:email-action:0.1">
            <to>${emailFailToAddress}</to>
            <subject>${mode} : Failure MDM Golden Record Daily Load Failure Notification </subject>
            <body>The wf ${wf:id()} has been failed, error message ${wf:errorMessage(wf:lastErrorNode())}.</body>
         </email>
         <ok to="END"/>
         <error to="KILL"/>
    </action>
    <kill name="KILL">
        <!-- <message>"Killed job due to error"</message> -->
        <message>Job failed for MDM Golden Record Daily Load, error message ${wf:errorMessage(wf:lastErrorNode())}.</message>
    </kill>
   <end name="END"/>
</workflow-app>