<workflow-app
 xmlns="uri:oozie:workflow:0.1" name="CURATE_MDM_LGCY_MONTHLY">
    <start to="MDM_Monthly_StepI"/> 
    <action name="MDM_Monthly_StepI">
	  <ssh xmlns="uri:oozie:ssh-action:0.1">
	     <host>${focusNodeLogin}</host>
	     <command>${spark_run_script_path1}</command>
         <args>LAYER_NAME=CURATION</args>
	  </ssh>
	  <ok to="MDM_Monthly_StepII"/>
	  <error to="CURATE_MDM_LGCY_LOAD_FAILURE"/>
    </action>
    <action name="MDM_Monthly_StepII">
	  <ssh xmlns="uri:oozie:ssh-action:0.1">
	     <host>${focusNodeLogin}</host>
	     <command>${spark_run_script_path2}</command>
         <args>LAYER_NAME=CURATION</args>
	  </ssh>
	  <ok to="MDM_Monthly_StepIII_Upd"/>
	  <error to="CURATE_MDM_LGCY_LOAD_FAILURE"/>
    </action>
    <action name="MDM_Monthly_StepIII_Upd">
	  <ssh xmlns="uri:oozie:ssh-action:0.1">
	     <host>${focusNodeLogin}</host>
	     <command>${spark_run_script_path3_Upd}</command>
         <args>LAYER_NAME=CURATION</args>
	  </ssh>
	  <ok to="MDM_Monthly_StepIII_Ins"/>
	  <error to="CURATE_MDM_LGCY_LOAD_FAILURE"/>
    </action>
    <action name="MDM_Monthly_StepIII_Ins">
	  <ssh xmlns="uri:oozie:ssh-action:0.1">
	     <host>${focusNodeLogin}</host>
	     <command>${spark_run_script_path3_Ins}</command>
         <args>LAYER_NAME=CURATION</args>
	  </ssh>
	  <ok to="MDM_Monthly_StepIV"/>
	  <error to="CURATE_MDM_LGCY_LOAD_FAILURE"/>
    </action>
    <action name="MDM_Monthly_StepIV">
	  <ssh xmlns="uri:oozie:ssh-action:0.1">
	     <host>${focusNodeLogin}</host>
	     <command>${spark_run_script_path4}</command>
         <args>LAYER_NAME=CURATION</args>
	  </ssh>
	  <ok to="CURATE_MDM_LGCY_LOAD_SUCCESS"/>
	  <error to="CURATE_MDM_LGCY_LOAD_FAILURE"/>
    </action>
	<action name="CURATE_MDM_LGCY_LOAD_SUCCESS">
         <email xmlns="uri:oozie:email-action:0.1">
            <to>${emailToAddress}</to>
            <subject>MDM LGCY Golden Record Monthly Load Success Notification (${mode})</subject>
            <body>MDM LGCY Golden Record Monthly Load Workflow is completed.</body>
         </email>
         <ok to="END"/>
         <error to="KILL"/>
    </action>
    <action name="CURATE_MDM_LGCY_LOAD_FAILURE">
         <email xmlns="uri:oozie:email-action:0.1">
            <to>${emailFailToAddress}</to>
            <subject>${mode} : Failure MDM LGCY Golden Record Monthly Load Failure Notification </subject>
            <body>The wf ${wf:id()} has been failed, error message ${wf:errorMessage(wf:lastErrorNode())}.</body>
         </email>
         <ok to="END"/>
         <error to="KILL"/>
    </action>
    <kill name="KILL">
        <!-- <message>"Killed job due to error"</message> -->
        <message>Job failed for MDM LGCY Golden Record Monthly Load, error message ${wf:errorMessage(wf:lastErrorNode())}.</message>
    </kill>
   <end name="END"/>
</workflow-app>