<workflow-app
 xmlns="uri:oozie:workflow:0.1" name="Curate Transform SABIR Agency Daily">
    <start to="SABIR_AgencyFork"/>    
	 <fork name="SABIR_AgencyFork">
         <path start="SABIR_AgencyLoad"/>
         <path start="SABIR_AgencyHierarchyLoad"/>
     </fork>
  <join name="SABIR_FORK_JOB" to="AGCY_Reconciliation" />
    <action name="SABIR_AgencyLoad">
	  <ssh xmlns="uri:oozie:ssh-action:0.1">
	     <host>${focusNodeLogin}</host>
	     <command>${spark_run_script_path}</command>
	     <args>TABLE_NAME=agency</args>
         <args>LAYER_NAME=TRANSFORMATION</args>
	 </ssh>
	 <ok to="SABIR_FORK_JOB"/>
	 <error to="SABIR_TRANSFORMATION_LOAD_FAILURE"/>
    </action>
    <action name="SABIR_AgencyHierarchyLoad">
	  <ssh xmlns="uri:oozie:ssh-action:0.1">
	     <host>${focusNodeLogin}</host>
	     <command>${spark_run_script_path}</command>
	     <args>TABLE_NAME=agency_hierarchy</args>
         <args>LAYER_NAME=TRANSFORMATION</args>
	  </ssh>
	  <ok to="SABIR_FORK_JOB"/>
	  <error to="SABIR_TRANSFORMATION_LOAD_FAILURE"/>
   </action>
   <action name="AGCY_Reconciliation">
	  <ssh xmlns="uri:oozie:ssh-action:0.1">
	    <host>${focusNodeLogin}</host>
	    <command>${spark_run_script_path2}</command>
	    <args>TABLE_NAME=agency_transform_reconc</args>
        <args>LAYER_NAME=TRANSFORMATION</args>
	  </ssh>	
	  <ok to="SABIR_TRANSFORMATION_LOAD_SUCCESS"/>
	  <error to="KILL"/>
   </action>
   <action name="SABIR_TRANSFORMATION_LOAD_SUCCESS">
         <email xmlns="uri:oozie:email-action:0.1">
            <to>${emailToAddress}</to>
            <subject>${mode} - SABIR Transformation Success Notification</subject>
            <body>SABIR Transformation Workflow is completed.</body>
         </email>
         <ok to="END"/>
         <error to="KILL"/>
    </action>
    <action name="SABIR_TRANSFORMATION_LOAD_FAILURE">
         <email xmlns="uri:oozie:email-action:0.1">
            <to>${emailToAddress}</to>
            <subject>${mode} : Failure SABIR Transformation Notification</subject>
            <body>SABIR failed for TRANSFORMATION_WORKFLOW, error message ${wf:errorMessage(wf:lastErrorNode())}.</body>
         </email>
         <ok to="SABIR_FORK_JOB"/>
         <error to="KILL"/>
    </action>
    <kill name="KILL">
        <!-- <message>"Killed job due to error"</message> -->
        <message>Job failed for Curation Agency Tables, error message ${wf:errorMessage(wf:lastErrorNode())}.</message>
    </kill>
    <end name="END"/>
</workflow-app>