<workflow-app
 xmlns="uri:oozie:workflow:0.1" name="STATE TAX QUARTERLY PROCESS">
    <start to="state_tax_quarterlyProcesses_fork"/>
    <fork name="state_tax_quarterlyProcesses_fork">
		<path start="state_tax_mississippi_quarterly_load"/>
		<path start="state_tax_kentucky_quarterly_load"/>
	</fork>
	<join name="state_tax_quarterly_join" to="STATE_TAX_QUARTERLY_LOAD_SUCCESS"/>
	
	<action name="state_tax_mississippi_quarterly_load">
          <ssh xmlns="uri:oozie:ssh-action:0.1">
             <host>${focusNodeLogin}</host>
             <command>${spark_run_script_path}</command>
             <args>JAR_FILE_PATH=${jar_file_path}</args>
             <args>SOURCE_FILE_PATH=${config_source_path}</args>
             <args>DB_FILE_PATH=${db_path}</args>
             <args>CLASS_NAME=com.stateauto.stateTax.StateTaxProcess</args>
             <args>SOURCE_SYSTEM=Mississippi</args>
             <args>TRANS_TYPE=${processFreq}</args>
          </ssh>
        <ok to="state_tax_quarterly_join"/>
          <error to="STATE_TAX_QUARTERLY_LOAD_FAILURE"/>
    </action>
	
	<action name="state_tax_kentucky_quarterly_load">
          <ssh xmlns="uri:oozie:ssh-action:0.1">
             <host>${focusNodeLogin}</host>
             <command>${spark_run_script_path}</command>
             <args>JAR_FILE_PATH=${jar_file_path}</args>
             <args>SOURCE_FILE_PATH=${config_source_path}</args>
             <args>DB_FILE_PATH=${db_path}</args>
             <args>CLASS_NAME=com.stateauto.stateTax.StateTaxProcess</args>
             <args>SOURCE_SYSTEM=Kentucky</args>
             <args>TRANS_TYPE=${processFreq}</args>
          </ssh>
        <ok to="state_tax_quarterly_join"/>
          <error to="STATE_TAX_QUARTERLY_LOAD_FAILURE"/>
    </action>

    <action name="STATE_TAX_QUARTERLY_LOAD_SUCCESS">
         <email xmlns="uri:oozie:email-action:0.1">
            <to>${emailToAddress}</to>
            <subject>STATE TAX ${processFreq} PROCESS Success notification ${environment}</subject>
            <body>STATE TAX QUARTERLY PROCESS Workflow is completed</body>
         </email>
         <ok to="END"/>
         <error to="KILL"/>
    </action>
    <action name="STATE_TAX_QUARTERLY_LOAD_FAILURE">
         <email xmlns="uri:oozie:email-action:0.1">
            <to>${emailToAddress}</to>
            <subject>STATE TAX ${processFreq} PROCESS Failure Notification ${environment}</subject>
            <body>The wf ${wf:id()} has been failed , error message ${wf:errorMessage(wf:lastErrorNode())}</body>
         </email>
         <ok to="KILL"/>
         <error to="KILL"/>
    </action>
    <kill name="KILL">
        <!-- <message>"Killed job due to error"</message> -->
        <message>Job failed for State Tax Quarterly, error message[${wf:errorMessage(wf:lastErrorNode())}]</message>
    </kill>
   <end name="END"/>
</workflow-app>
