<workflow-app
 xmlns="uri:oozie:workflow:0.1" name="WEBXL">
    <start to="webxl_claims_header"/>
   <action name="webxl_claims_header">
          <ssh xmlns="uri:oozie:ssh-action:0.1">
             <host>${focusNodeLogin}</host>
             <command>${spark_run_script_path}</command>
             <args>JAR_FILE_PATH=${jar_file_path}</args>
         <args>SOURCE_FILE_PATH=${webxl_config_source_path}</args>
		 <args>DB_FILE_PATH=${webxl_db_path}</args>
	<args>CLASS_NAME=com.stateauto.webxl.WebxlClaimsHeader</args>
          </ssh>
          <ok to="webxl_claims_fin_trans"/>
          <error to="WEBXL_CLAIMS_HEADER_LOAD_FAILURE"/>
    </action> 
    <action name="webxl_claims_fin_trans">
          <ssh xmlns="uri:oozie:ssh-action:0.1">
             <host>${focusNodeLogin}</host>
             <command>${spark_run_script_path}</command>
             <args>JAR_FILE_PATH=${jar_file_path}</args>
         <args>SOURCE_FILE_PATH=${webxl_config_source_path}</args>
		 <args>DB_FILE_PATH=${webxl_db_path}</args>
	<args>CLASS_NAME=com.stateauto.webxl.WebxlClaimsFinTrans</args>
          </ssh>
          <ok to="webxl_Reinsurance_MCO55"/>
          <error to="WEBXL_CLAIMS_FIN_TRANS_LOAD_FAILURE"/>
    </action> 

    <action name="webxl_Reinsurance_MCO55">
          <ssh xmlns="uri:oozie:ssh-action:0.1">
             <host>${focusNodeLogin}</host>
             <command>${spark_run_script_path}</command>
             <args>JAR_FILE_PATH=${jar_file_path}</args>
         <args>SOURCE_FILE_PATH=${webxl_config_source_path}</args>
		 <args>DB_FILE_PATH=${webxl_db_path}</args>
	<args>CLASS_NAME=com.stateauto.webxl.WebxlReinsuranceMCO55</args>
          </ssh>
          <ok to="webxl_Premium"/>
          <error to="WEBXL_Reinsurance_MCO55_LOAD_FAILURE"/>
    </action> 
    <action name="webxl_Premium">
          <ssh xmlns="uri:oozie:ssh-action:0.1">
             <host>${focusNodeLogin}</host>
             <command>${spark_run_script_path}</command>
             <args>JAR_FILE_PATH=${jar_file_path}</args>
         <args>SOURCE_FILE_PATH=${webxl_config_source_path}</args>
		 <args>DB_FILE_PATH=${webxl_db_path}</args>
	<args>CLASS_NAME=com.stateauto.webxl.WebxlPremiumPlCl</args>
          </ssh>
          <ok to="WEBXL_LOAD_SUCCESS"/>
          <error to="WEBXL_Premium_LOAD_FAILURE"/>
    </action>
<action name="WEBXL_LOAD_SUCCESS">
         <email xmlns="uri:oozie:email-action:0.1">
            <to>${emailToAddress}</to>
            <subject>New Cluster WEBXL Success notification ${environment}</subject>
            <body>WEBXL Workflow is completed</body>
         </email>
         <ok to="END"/>
         <error to="KILL"/>
    </action>
    <action name="WEBXL_Premium_LOAD_FAILURE">
         <email xmlns="uri:oozie:email-action:0.1">
            <to>${emailToAddress}</to>
            <subject>New Cluster WEBXL_PREMIUM Failure Notification ${environment}</subject>
            <body>The wf ${wf:id()} has been failed , error message ${wf:errorMessage(wf:lastErrorNode())}</body>
         </email>
         <ok to="END"/>
         <error to="KILL"/>
    </action>


<action name="WEBXL_CLAIMS_HEADER_LOAD_SUCCESS">
         <email xmlns="uri:oozie:email-action:0.1">
            <to>${emailToAddress}</to>
            <subject>New Cluster WEBXL_CLAIMS_HEADER Success notification ${environment}</subject>
            <body>WEBXL_CLAIMS_HEADER Workflow is completed</body>
         </email>
         <ok to="END"/>
         <error to="KILL"/>
    </action>
    <action name="WEBXL_CLAIMS_HEADER_LOAD_FAILURE">
         <email xmlns="uri:oozie:email-action:0.1">
            <to>${emailToAddress}</to>
            <subject>New Cluster WEBXL_CLAIMS_HEADER Failure Notification ${environment}</subject>
            <body>The wf ${wf:id()} has been failed , error message ${wf:errorMessage(wf:lastErrorNode())}</body>
         </email>
         <ok to="END"/>
         <error to="KILL"/>
    </action>
    <action name="WEBXL_CLAIMS_FIN_TRANS_LOAD_SUCCESS">
         <email xmlns="uri:oozie:email-action:0.1">
            <to>${emailToAddress}</to>
            <subject>New Cluster WEBXL_CLAIMS_FIN_TRANS Success notification ${environment}</subject>
            <body>WEBXL_CLAIMS_FIN_TRANS Workflow is completed</body>
         </email>
         <ok to="END"/>
         <error to="KILL"/>
    </action>
    <action name="WEBXL_CLAIMS_FIN_TRANS_LOAD_FAILURE">
         <email xmlns="uri:oozie:email-action:0.1">
            <to>${emailToAddress}</to>
            <subject>New Cluster WEBXL_CLAIMS_FIN_TRANS Failure Notification ${environment}</subject>
            <body>The wf ${wf:id()} has been failed , error message ${wf:errorMessage(wf:lastErrorNode())}</body>
         </email>
         <ok to="END"/>
         <error to="KILL"/>
    </action>
   <action name="WEBXL_Reinsurance_MCO55_LOAD_SUCCESS">
         <email xmlns="uri:oozie:email-action:0.1">
            <to>${emailToAddress}</to>
            <subject>New Cluster WEBXL_Reinsurance_MCO55 SUCCESS notification ${environment}</subject>
            <body>WEBXL_Reinsurance_MCO55 SUCCESS Workflow is completed</body>
         </email>
         <ok to="END"/>
         <error to="KILL"/>
    </action>
    <action name="WEBXL_Reinsurance_MCO55_LOAD_FAILURE">
         <email xmlns="uri:oozie:email-action:0.1">
            <to>${emailToAddress}</to>
            <subject>New Cluster WEBXL_Reinsurance_MCO55 Failure Notification ${environment}</subject>
            <body>The wf ${wf:id()} has been failed , error message ${wf:errorMessage(wf:lastErrorNode())}</body>
         </email>
         <ok to="END"/>
         <error to="KILL"/>
    </action>


    <kill name="KILL">
        <!-- <message>"Killed job due to error"</message> -->
        <message>Job failed for WEBXL_CLAIMS, error message[${wf:errorMessage(wf:lastErrorNode())}]</message>
    </kill>
   <end name="END"/>
</workflow-app>
