<workflow-app
 xmlns="uri:oozie:workflow:0.1" name="HSB">
    <start to="hsb_HSBDCBordConnect"/>

    <action name="hsb_HSBDCBordConnect">
          <ssh xmlns="uri:oozie:ssh-action:0.1">
             <host>${focusNodeLogin}</host>
             <command>${spark_run_script_path}</command>
             <args>JAR_FILE_PATH=${jar_file_path}</args>
         <args>SOURCE_FILE_PATH=${config_source_path}</args>
                 <args>DB_FILE_PATH=${db_path}</args>
        <args>CLASS_NAME=com.stateauto.hsb.HSBDCBordConnect</args>
          </ssh>
          <ok to="hsb_HSBEPLBordConnect"/>
          <error to="HSB_LOAD_FAILURE"/>
    </action>

    <action name="hsb_HSBEPLBordConnect">
          <ssh xmlns="uri:oozie:ssh-action:0.1">
             <host>${focusNodeLogin}</host>
             <command>${spark_run_script_path}</command>
             <args>JAR_FILE_PATH=${jar_file_path}</args>
         <args>SOURCE_FILE_PATH=${config_source_path}</args>
                 <args>DB_FILE_PATH=${db_path}</args>
        <args>CLASS_NAME=com.stateauto.hsb.HSBEPLBordConnect</args>
          </ssh>
          <ok to="hsb_HSBEPLInforceConnect"/>
          <error to="HSB_LOAD_FAILURE"/>
    </action>


    <action name="hsb_HSBEPLInforceConnect">
          <ssh xmlns="uri:oozie:ssh-action:0.1">
             <host>${focusNodeLogin}</host>
             <command>${spark_run_script_path}</command>
             <args>JAR_FILE_PATH=${jar_file_path}</args>
         <args>SOURCE_FILE_PATH=${config_source_path}</args>
                 <args>DB_FILE_PATH=${db_path}</args>
        <args>CLASS_NAME=com.stateauto.hsb.HSBEPLInforceConnect</args>
          </ssh>
          <ok to="hsb_HSBCY1InfConnect"/>
          <error to="HSB_LOAD_FAILURE"/>
    </action>


    <action name="hsb_HSBCY1InfConnect">
          <ssh xmlns="uri:oozie:ssh-action:0.1">
             <host>${focusNodeLogin}</host>
             <command>${spark_run_script_path}</command>
             <args>JAR_FILE_PATH=${jar_file_path}</args>
         <args>SOURCE_FILE_PATH=${config_source_path}</args>
                 <args>DB_FILE_PATH=${db_path}</args>
        <args>CLASS_NAME=com.stateauto.hsb.HSBCY1InfConnect</args>
          </ssh>
          <ok to="hsb_HSBDCInfConnect"/>
          <error to="HSB_LOAD_FAILURE"/>
    </action>

    <action name="hsb_HSBDCInfConnect">
          <ssh xmlns="uri:oozie:ssh-action:0.1">
             <host>${focusNodeLogin}</host>
             <command>${spark_run_script_path}</command>
             <args>JAR_FILE_PATH=${jar_file_path}</args>
         <args>SOURCE_FILE_PATH=${config_source_path}</args>
                 <args>DB_FILE_PATH=${db_path}</args>
        <args>CLASS_NAME=com.stateauto.hsb.HSBDCInfConnect</args>
          </ssh>
          <ok to="hsb_HSBCY1BordConnect"/>
          <error to="HSB_LOAD_FAILURE"/>
    </action>

    <action name="hsb_HSBCY1BordConnect">
          <ssh xmlns="uri:oozie:ssh-action:0.1">
             <host>${focusNodeLogin}</host>
             <command>${spark_run_script_path}</command>
             <args>JAR_FILE_PATH=${jar_file_path}</args>
         <args>SOURCE_FILE_PATH=${config_source_path}</args>
                 <args>DB_FILE_PATH=${db_path}</args>
        <args>CLASS_NAME=com.stateauto.hsb.HSBCY1BordConnect</args>
          </ssh>
          <ok to="hsb_HSBEBInForceConnect"/>
          <error to="HSB_LOAD_FAILURE"/>
    </action>

    <action name="hsb_HSBEBInForceConnect">
          <ssh xmlns="uri:oozie:ssh-action:0.1">
             <host>${focusNodeLogin}</host>
             <command>${spark_run_script_path}</command>
             <args>JAR_FILE_PATH=${jar_file_path}</args>
         <args>SOURCE_FILE_PATH=${config_source_path}</args>
                 <args>DB_FILE_PATH=${db_path}</args>
        <args>CLASS_NAME=com.stateauto.hsb.HSBEBInForceConnect</args>
          </ssh>
          <ok to="hsb_HSBEBBordConnect"/>
          <error to="HSB_LOAD_FAILURE"/>
    </action>

    <action name="hsb_HSBEBBordConnect">
          <ssh xmlns="uri:oozie:ssh-action:0.1">
             <host>${focusNodeLogin}</host>
             <command>${spark_run_script_path}</command>
             <args>JAR_FILE_PATH=${jar_file_path}</args>
         <args>SOURCE_FILE_PATH=${config_source_path}</args>
		 <args>DB_FILE_PATH=${db_path}</args>
	<args>CLASS_NAME=com.stateauto.hsb.HSBEBBordConnect</args>
          </ssh>
          <ok to="hsb_fr_HSBEBFBordConnect"/>
          <error to="HSB_LOAD_FAILURE"/>
    </action>
   
    <action name="hsb_fr_HSBEBFBordConnect">
          <ssh xmlns="uri:oozie:ssh-action:0.1">
             <host>${focusNodeLogin}</host>
             <command>${spark_run_script_path}</command>
             <args>JAR_FILE_PATH=${jar_file_path}</args>
         <args>SOURCE_FILE_PATH=${config_source_path}</args>
                 <args>DB_FILE_PATH=${db_path}</args>
        <args>CLASS_NAME=com.stateauto.hsbFarmAndRanch.HSBEBFBordConnect</args>
          </ssh>
          <ok to="hsb_fr_HSBEBFInforceConnect"/>
          <error to="HSB_LOAD_FAILURE"/>
    </action>

    <action name="hsb_fr_HSBEBFInforceConnect">
          <ssh xmlns="uri:oozie:ssh-action:0.1">
             <host>${focusNodeLogin}</host>
             <command>${spark_run_script_path}</command>
             <args>JAR_FILE_PATH=${jar_file_path}</args>
         <args>SOURCE_FILE_PATH=${config_source_path}</args>
                 <args>DB_FILE_PATH=${db_path}</args>
        <args>CLASS_NAME=com.stateauto.hsbFarmAndRanch.HSBEBFInforceConnect</args>
          </ssh>
          <ok to="hsb_fr_HSBEPLBordConnect"/>
          <error to="HSB_LOAD_FAILURE"/>
    </action>

    <action name="hsb_fr_HSBEPLBordConnect">
          <ssh xmlns="uri:oozie:ssh-action:0.1">
             <host>${focusNodeLogin}</host>
             <command>${spark_run_script_path}</command>
             <args>JAR_FILE_PATH=${jar_file_path}</args>
         <args>SOURCE_FILE_PATH=${config_source_path}</args>
                 <args>DB_FILE_PATH=${db_path}</args>
        <args>CLASS_NAME=com.stateauto.hsbFarmAndRanch.HSBEPLBordConnect</args>
          </ssh>
          <ok to="hsb_fr_HSBEPLInforceConnect"/>
          <error to="HSB_LOAD_FAILURE"/>
    </action>

    <action name="hsb_fr_HSBEPLInforceConnect">
          <ssh xmlns="uri:oozie:ssh-action:0.1">
             <host>${focusNodeLogin}</host>
             <command>${spark_run_script_path}</command>
             <args>JAR_FILE_PATH=${jar_file_path}</args>
         <args>SOURCE_FILE_PATH=${config_source_path}</args>
                 <args>DB_FILE_PATH=${db_path}</args>
        <args>CLASS_NAME=com.stateauto.hsbFarmAndRanch.HSBEPLInforceConnect</args>
          </ssh>
          <ok to="hsb_fr_HSBCBSBordConnect"/>
          <error to="HSB_LOAD_FAILURE"/>
    </action>

    <action name="hsb_fr_HSBCBSBordConnect">
          <ssh xmlns="uri:oozie:ssh-action:0.1">
             <host>${focusNodeLogin}</host>
             <command>${spark_run_script_path}</command>
             <args>JAR_FILE_PATH=${jar_file_path}</args>
         <args>SOURCE_FILE_PATH=${config_source_path}</args>
                 <args>DB_FILE_PATH=${db_path}</args>
        <args>CLASS_NAME=com.stateauto.hsbFarmAndRanch.HSBCBSBordConnect</args>
          </ssh>
          <ok to="hsb_HSBCBSInforceConnect"/>
          <error to="HSB_LOAD_FAILURE"/>
    </action>


    <action name="hsb_HSBCBSInforceConnect">
          <ssh xmlns="uri:oozie:ssh-action:0.1">
             <host>${focusNodeLogin}</host>
             <command>${spark_run_script_path}</command>
             <args>JAR_FILE_PATH=${jar_file_path}</args>
         <args>SOURCE_FILE_PATH=${config_source_path}</args>
                 <args>DB_FILE_PATH=${db_path}</args>
        <args>CLASS_NAME=com.stateauto.hsbFarmAndRanch.HSBCBSInforceConnect</args>
          </ssh>
          <ok to="hsb_HSBArchiveFiles"/>
          <error to="HSB_LOAD_FAILURE"/>
    </action>
    
    <action name="hsb_HSBArchiveFiles">
          <ssh xmlns="uri:oozie:ssh-action:0.1">
             <host>${focusNodeLogin}</host>
             <command>${spark_run_archive_script_path}</command>
                 <args>SOURCE_BUCKET_PATH=${source_bucket_path}</args>
                 <args>TARGET_BUCKET_PATH=${target_bucket_path}</args>
          </ssh>
          <ok to="HSB_LOAD_SUCCESS"/>
          <error to="HSB_LOAD_FAILURE"/>
    </action>
	
	<action name="HSB_LOAD_SUCCESS">
         <email xmlns="uri:oozie:email-action:0.1">
            <to>${emailToAddress}</to>
            <subject>New Cluster HSB Success notification ${environment}</subject>
            <body>HSB Workflow is completed</body>
         </email>
         <ok to="END"/>
         <error to="KILL"/>
    </action>
    <action name="HSB_LOAD_FAILURE">
         <email xmlns="uri:oozie:email-action:0.1">
            <to>${emailToAddress}</to>
            <subject>New Cluster HSB Failure Notification ${environment}</subject>
            <body>The wf ${wf:id()} has been failed , error message ${wf:errorMessage(wf:lastErrorNode())}</body>
         </email>
         <ok to="END"/>
         <error to="KILL"/>
    </action>

    <kill name="KILL">
        <!-- <message>"Killed job due to error"</message> -->
        <message>Job failed for HSB, error message[${wf:errorMessage(wf:lastErrorNode())}]</message>
    </kill>
   <end name="END"/>
</workflow-app>
