<workflow-app
 xmlns="uri:oozie:workflow:0.1" name="Curate Transform GWCL Daily">	
    <start to="GWCL_stgRecon"/> 
	 <fork name="RunPolicy">
         <path start="GWCL_AccountLoad"/>
         <path start="GWCL_CoverageCommonLoad"/>
         <path start="GWCL_PolicyLookupLoad"/>
     </fork>
  <join name="GWCL_FORK_JOB" to="GWCL_TRANSFORMATION_LOAD_SUCCESS"/>
    <action name="GWCL_stgRecon">
	  <ssh xmlns="uri:oozie:ssh-action:0.1">
	     <host>${focusNodeLogin}</host>
	     <command>${spark_run_script_path_stgRecon}</command>
	     <args>TABLE_NAME=gwcl_stg</args>
         <args>LAYER_NAME=RECONCILIATION</args>
	  </ssh>
	  <ok to="RunPolicy"/>
	  <error to="KILL"/>
    </action>
    <action name="GWCL_AccountLoad">
	  <ssh xmlns="uri:oozie:ssh-action:0.1">
	     <host>${focusNodeLogin}</host>
	     <command>${spark_run_script_path}</command>
	     <args>TABLE_NAME=gwcl_gwpc_account</args>
         <args>LAYER_NAME=TRANSFORMATION</args>
	  </ssh>
	  <ok to="GWCL_FORK_JOB"/>
	  <error to="GWCL_TRANSFORMATION_LOAD_FAILURE"/>
    </action>
    <action name="GWCL_CoverageCommonLoad">
	  <ssh xmlns="uri:oozie:ssh-action:0.1">
	     <host>${focusNodeLogin}</host>
	     <command>${spark_run_script_path}</command>
	     <args>TABLE_NAME=gwcl_coverage_common</args>
         <args>LAYER_NAME=TRANSFORMATION</args>
	  </ssh>
	  <ok to="GWCL_FORK_JOB"/>
	  <error to="GWCL_TRANSFORMATION_LOAD_FAILURE"/>
    </action>    
    <action name="GWCL_PolicyLookupLoad">
	  <ssh xmlns="uri:oozie:ssh-action:0.1">
	    <host>${focusNodeLogin}</host>
	    <command>${spark_run_script_path}</command>
	    <args>TABLE_NAME=gwcl_gwpc_policy_lookup</args>
        <args>LAYER_NAME=TRANSFORMATION</args>
	  </ssh>
	  <ok to="GWCL_PolicyCommonLoad"/>
	  <error to="GWCL_TRANSFORMATION_LOAD_FAILURE"/>
    </action>
    <action name="GWCL_PolicyCommonLoad">
	  <ssh xmlns="uri:oozie:ssh-action:0.1">
	    <host>${focusNodeLogin}</host>
	    <command>${spark_run_script_path}</command>
	    <args>TABLE_NAME=gwcl_policy_common</args>
        <args>LAYER_NAME=TRANSFORMATION</args>
	  </ssh>
          <ok to="GWCL_PremTrnsDetailLoad"/>
	<error to="GWCL_TRANSFORMATION_LOAD_FAILURE"/>
    </action>
    <action name="GWCL_PremTrnsDetailLoad">
	  <ssh xmlns="uri:oozie:ssh-action:0.1">
	    <host>${focusNodeLogin}</host>
	    <command>${spark_run_script_path}</command>
	    <args>TABLE_NAME=gwcl_gwpc_prem_trans_detail</args>
        <args>LAYER_NAME=TRANSFORMATION</args>
	  </ssh>
	  <ok to="GWCL_EarnedPremLoad"/>
	  <error to="GWCL_TRANSFORMATION_LOAD_FAILURE"/>
    </action>
    <action name="GWCL_EarnedPremLoad">
	  <ssh xmlns="uri:oozie:ssh-action:0.1">
	     <host>${focusNodeLogin}</host>
	     <command>${spark_run_script_path}</command>
	     <args>TABLE_NAME=gwcl_gwpc_earned_prem</args>
         <args>LAYER_NAME=TRANSFORMATION</args>
	  </ssh>
	  <ok to="PC_Reconciliation"/>
	  <error to="GWCL_TRANSFORMATION_LOAD_FAILURE"/>
    </action>
	<action name="PC_Reconciliation">
	  <ssh xmlns="uri:oozie:ssh-action:0.1">
	    <host>${focusNodeLogin}</host>
	    <command>${spark_run_script_path2}</command>
	    <args>TABLE_NAME=gwcl_transform</args>
        <args>LAYER_NAME=Reconciliation</args>		 
	  </ssh>
	  <ok to="GWCL_FORK_JOB"/>
	  <error to="GWCL_TRANSFORMATION_LOAD_FAILURE"/>
    </action>
	<action name="GWCL_TRANSFORMATION_LOAD_SUCCESS">
         <email xmlns="uri:oozie:email-action:0.1">
            <to>${emailToAddress}</to>
            <subject>${mode} - GWCL Transformation Success Notification</subject>
            <body>GWCL Transformation Workflow is completed.</body>
         </email>
         <ok to="END"/>
         <error to="KILL"/>
    </action>
    <action name="GWCL_TRANSFORMATION_LOAD_FAILURE">
         <email xmlns="uri:oozie:email-action:0.1">
            <to>${emailToAddress}</to>
            <subject>${mode} : Failure GWCL Transformation Notification</subject>
            <body>The wf ${wf:id()} has been failed, error message ${wf:errorMessage(wf:lastErrorNode())}.</body>
         </email>
         <ok to="GWCL_FORK_JOB"/>
         <error to="KILL"/>
    </action>
    <kill name="KILL">
        <!-- <message>"Killed job due to error"</message> -->
        <message>Job failed for Policy Curation Tables, error message ${wf:errorMessage(wf:lastErrorNode())}.</message>
    </kill>
   <end name="END"/>
</workflow-app>
