TYPE,ARCHITECTURE_LAYER,SOURCE_ID,SOURCE_NAME,FILE_NAME,SRC_FIELD,TARGET_TABLE,ACTION,TARGET_O,TARGET_C,STATUS,SEVERITY,CONTEXT,CASCADE COL,EFFECTIVE_DATE,KNOWLEDGE_DATE,
ENV,PREPROCESSING,68800030004,BRIGHTSCOPE,ADVISOR_EMAIL,s3a://ai-0068800-processing/,,BUCKET_NAME,NA,NA,NA,NA,NA,NA,NA,NA,NA
PRO,PREPROCESSING,68800030004,BRIGHTSCOPE,ADVISOR_EMAIL,/Landing/Brightscope/Advisor_Email/*,,INPUT_PATH,,,,,,,,,
PRO,PREPROCESSING,68800030004,BRIGHTSCOPE,ADVISOR_EMAIL,common_lookup/*,,SOURCE_LOOKUP_TABLE_PATH,,,,,,,,,
PRO,PREPROCESSING,68800030004,BRIGHTSCOPE,ADVISOR_EMAIL,/Preprocessing/Brightscope/Advisor_Email/Delta/,,OUTPUT_PATH,,,,,,,,,
PRO,PREPROCESSING,68800030004,BRIGHTSCOPE,ADVISOR_EMAIL,/Preprocessing/Brightscope/Advisor_Email/processed/,,PROCESSED_PATH,,,,,,,,,
PRO,PREPROCESSING,68800030004,BRIGHTSCOPE,ADVISOR_EMAIL,,,KNOWLEDGE_DATE_INPUT_FORMAT,,,,,,,,,
PRO,PREPROCESSING,68800030004,BRIGHTSCOPE,ADVISOR_EMAIL,,,EFFECTIVE_DATE_INPUT_FORMAT,,,,,,,,,
PRO,PREPROCESSING,68800030004,BRIGHTSCOPE,ADVISOR_EMAIL,BatchTable/,,BATCHTABLE_PATH,,,,,,,,,
OPS,PREPROCESSING,68800030004,BRIGHTSCOPE,ADVISOR_EMAIL,,,KEY_FIELD_VALIDATION,,,,,,,,,
BPD,PREPROCESSING,68800030004,BRIGHTSCOPE,ADVISOR_EMAIL,LA_CREATED_DATE,,MAP_EFFECTIVE_DATE,,,,,,,,,
BPD,PREPROCESSING,68800030004,BRIGHTSCOPE,ADVISOR_EMAIL,LA_UPDATED_DATE,,MAP_KNOWLEDGE_DATE,,,,,,,,,
BPD,PREPROCESSING,68800030004,BRIGHTSCOPE,ADVISOR_EMAIL,NA,,MAP_SUBSET_COLUMN,,,,,,,,,
BPD,PREPROCESSING,68800030004,BRIGHTSCOPE,ADVISOR_EMAIL,NA,,MAP_SUBSET_COLUMN,,,,,,,,,
PRO,STAGING,68800030004,BRIGHTSCOPE,ADVISOR_EMAIL,/Preprocessing/Brightscope/Advisor_Email/Delta/,,INPUT_PATH,,,,,,,,,
PRO,STAGING,68800030004,BRIGHTSCOPE,ADVISOR_EMAIL,IS_DELETED,,Rule_FilterBasedOnColumnValue,NOTEQUAL,1,,,,,,,
PRO,STAGING,68800030004,BRIGHTSCOPE,ADVISOR_EMAIL,/Staging_Brightscope/xref_tables/partyXRef/,XREF_PARTY,INPUT_PATH,,,,,,,,,
PRO,STAGING,68800030004,BRIGHTSCOPE,ADVISOR_EMAIL,/Staging_Brightscope/xref_tables/partyXRef/,XREF_PARTY,OUTPUT_PATH,,,,,,,,,
BPD,STAGING,68800030004,BRIGHTSCOPE,ADVISOR_EMAIL,XREF_PARTY,XREF_TABLES,LIST,,,,,,,,,
BPD,STAGING,68800030004,BRIGHTSCOPE,ADVISOR_EMAIL,AI_BATCH_ID,XREF_PARTY,SCHEMA,,,,,,,,,
BPD,STAGING,68800030004,BRIGHTSCOPE,ADVISOR_EMAIL,AI_SRC_ID,XREF_PARTY,SCHEMA,,,,,,,,,
BPD,STAGING,68800030004,BRIGHTSCOPE,ADVISOR_EMAIL,AI_EFFECTIVE_DATE,XREF_PARTY,SCHEMA,,,,,,,,,
BPD,STAGING,68800030004,BRIGHTSCOPE,ADVISOR_EMAIL,AI_KNOWLEDGE_DATE,XREF_PARTY,SCHEMA,,,,,,,,,
BPD,STAGING,68800030004,BRIGHTSCOPE,ADVISOR_EMAIL,AI_PARTY_ID,XREF_PARTY,SCHEMA,,,,,,,,,
BPD,STAGING,68800030004,BRIGHTSCOPE,ADVISOR_EMAIL,ID_NAME,XREF_PARTY,SCHEMA,,,,,,,,,
BPD,STAGING,68800030004,BRIGHTSCOPE,ADVISOR_EMAIL,ID_VALUE,XREF_PARTY,SCHEMA,,,,,,,,,
BPD,STAGING,68800030004,BRIGHTSCOPE,ADVISOR_EMAIL,AI_BATCH_ID,XREF_PARTY,MAIN_SELECTED_COLUMNS,,,,,,,,,
BPD,STAGING,68800030004,BRIGHTSCOPE,ADVISOR_EMAIL,AI_SRC_ID,XREF_PARTY,MAIN_SELECTED_COLUMNS,,,,,,,,,
BPD,STAGING,68800030004,BRIGHTSCOPE,ADVISOR_EMAIL,ADVISOR_ID,XREF_PARTY,MAIN_SELECTED_COLUMNS,,,,,,,,,
BPD,STAGING,68800030004,BRIGHTSCOPE,ADVISOR_EMAIL,ADVISOR_ID,XREF_PARTY,TAG_VALUE_COLUMN,,BRIGHTSCOPE_ADVISOR_ID,,,,,,,
BPD,STAGING,68800030004,BRIGHTSCOPE,ADVISOR_EMAIL,ID_NAME,XREF_PARTY,TAG_VALUE_MEASURE_COLUMN_NAME,,,,,,,,,
BPD,STAGING,68800030004,BRIGHTSCOPE,ADVISOR_EMAIL,ID_VALUE,XREF_PARTY,TAG_VALUE_MEASURE_COLUMN_NAME,,,,,,,,,
BPD,STAGING,68800030004,BRIGHTSCOPE,ADVISOR_EMAIL,ID_NAME,XREF_PARTY,EXCEPT_COLUMN,,,,,,,,,
BPD,STAGING,68800030004,BRIGHTSCOPE,ADVISOR_EMAIL,ID_VALUE,XREF_PARTY,EXCEPT_COLUMN,,,,,,,,,
BPD,STAGING,68800030004,BRIGHTSCOPE,ADVISOR_EMAIL,AI_PARTY_ID,XREF_PARTY,AUTOINCREMENT_COLUMN,,,,,,,,,
BPD,STAGING,68800030004,BRIGHTSCOPE,ADVISOR_EMAIL,NA,XREF_PARTY,SYNONYM_COLUMN,,,,,,,,,
BPD,STAGING,68800030004,BRIGHTSCOPE,ADVISOR_EMAIL,NA,XREF_PARTY,SYNONYM_SELECTED_COLUMN,,,,,,,,,
BPD,STAGING,68800030004,BRIGHTSCOPE,ADVISOR_EMAIL,NA,XREF_PARTY,SYNONYM_COLUMN_NAME,,,,,,,,,
BPD,STAGING,68800030004,BRIGHTSCOPE,ADVISOR_EMAIL,NA,XREF_PARTY,SYNONYM_LOOKUP_COLUMN,,,,,,,,,
BPD,STAGING,68800030004,BRIGHTSCOPE,ADVISOR_EMAIL,NA,XREF_PARTY,SYNONYM_SUBSET_COLUMN,,,,,,,,,
BPD,STAGING,68800030004,BRIGHTSCOPE,ADVISOR_EMAIL,NA,XREF_PARTY,SYNONYM_UNION_RENAME,,,,,,,,,
BPD,STAGING,68800030004,BRIGHTSCOPE,ADVISOR_EMAIL,DIMENSION_EMAIL,DIMENSION_TABLES,LIST,,,,,,,,,
PRO,STAGING,68800030004,BRIGHTSCOPE,ADVISOR_EMAIL,/Staging_Brightscope/dimsandfacts/ai_email/,DIMENSION_EMAIL,OUTPUT_PATH,,,,,,,,,
BPD,STAGING,68800030004,BRIGHTSCOPE,ADVISOR_EMAIL,EMAIL,DIMENSION_EMAIL,TAG_VALUE_COLUMN,,EMAIL,,,,,,,
BPD,STAGING,68800030004,BRIGHTSCOPE,ADVISOR_EMAIL,ID_NAME,DIMENSION_EMAIL,TAG_VALUE_MEASURE_COLUMN_NAME,,,,,,,,,
BPD,STAGING,68800030004,BRIGHTSCOPE,ADVISOR_EMAIL,EMAIL,DIMENSION_EMAIL,TAG_VALUE_MEASURE_COLUMN_NAME,,,,,,,,,
BPD,STAGING,68800030004,BRIGHTSCOPE,ADVISOR_EMAIL,EMAIL,DIMENSION_EMAIL,EXCEPT_COLUMN,,,,,,,,,
BPD,STAGING,68800030004,BRIGHTSCOPE,ADVISOR_EMAIL,AI_EMAIL_ID,DIMENSION_EMAIL,SCHEMA,,,,,,,,,
BPD,STAGING,68800030004,BRIGHTSCOPE,ADVISOR_EMAIL,EMAIL,DIMENSION_EMAIL,SCHEMA,,,,,,,,,
BPD,STAGING,68800030004,BRIGHTSCOPE,ADVISOR_EMAIL,EMAIL_O,DIMENSION_EMAIL,SCHEMA,,,,,,,,,
BPD,STAGING,68800030004,BRIGHTSCOPE,ADVISOR_EMAIL,AI_EMAIL_ID,DIMENSION_EMAIL,AUTOINCREMENT_COLUMN,,,,,,,,,
BPD,STAGING,68800030004,BRIGHTSCOPE,ADVISOR_EMAIL,RELATION_PARTY_EMAIL,RELATION_TABLES,LIST,,,,,,,,,
PRO,STAGING,68800030004,BRIGHTSCOPE,ADVISOR_EMAIL,/Staging_Brightscope/xref_tables/partyXRef/*,RELATION_PARTY_EMAIL,XREF_PATH,,,,,,,,,
PRO,STAGING,68800030004,BRIGHTSCOPE,ADVISOR_EMAIL,/Staging_Brightscope/dimsandfacts/ai_email/,RELATION_PARTY_EMAIL,DIMFACT_PATH,,,,,,,,,
PRO,STAGING,68800030004,BRIGHTSCOPE,ADVISOR_EMAIL,/Staging_Brightscope/rel_type_lookup/*,RELATION_PARTY_EMAIL,RELTYPETABLE_PATH,,,,,,,,,
PRO,STAGING,68800030004,BRIGHTSCOPE,ADVISOR_EMAIL,/Staging_Brightscope/relation/ai_rel_party_email/,RELATION_PARTY_EMAIL,RELATION_PATH,,,,,,,,,
BPD,STAGING,68800030004,BRIGHTSCOPE,ADVISOR_EMAIL,AI_BATCH_ID,RELATION_PARTY_EMAIL,SCHEMA,,,,,,,,,
BPD,STAGING,68800030004,BRIGHTSCOPE,ADVISOR_EMAIL,AI_SRC_ID,RELATION_PARTY_EMAIL,SCHEMA,,,,,,,,,
BPD,STAGING,68800030004,BRIGHTSCOPE,ADVISOR_EMAIL,AI_EFFECTIVE_DATE,RELATION_PARTY_EMAIL,SCHEMA,,,,,,,,,
BPD,STAGING,68800030004,BRIGHTSCOPE,ADVISOR_EMAIL,AI_KNOWLEDGE_DATE,RELATION_PARTY_EMAIL,SCHEMA,,,,,,,,,
BPD,STAGING,68800030004,BRIGHTSCOPE,ADVISOR_EMAIL,AI_PARTY_ID,RELATION_PARTY_EMAIL,SCHEMA,,,,,,,,,
BPD,STAGING,68800030004,BRIGHTSCOPE,ADVISOR_EMAIL,AI_EMAIL_ID,RELATION_PARTY_EMAIL,SCHEMA,,,,,,,,,
BPD,STAGING,68800030004,BRIGHTSCOPE,ADVISOR_EMAIL,REL_TYPE,RELATION_PARTY_EMAIL,SCHEMA,,,,,,,,,
BPD,STAGING,68800030004,BRIGHTSCOPE,ADVISOR_EMAIL,AI_REL_PARTY_EMAIL_SEQ,RELATION_PARTY_EMAIL,SCHEMA,,,,,,,,,
BPD,STAGING,68800030004,BRIGHTSCOPE,ADVISOR_EMAIL,AI_BATCH_ID,RELATION_PARTY_EMAIL,MAIN_SELECTED_COLUMN,,,,,,,,,
BPD,STAGING,68800030004,BRIGHTSCOPE,ADVISOR_EMAIL,AI_SRC_ID,RELATION_PARTY_EMAIL,MAIN_SELECTED_COLUMN,,,,,,,,,
BPD,STAGING,68800030004,BRIGHTSCOPE,ADVISOR_EMAIL,AI_EFFECTIVE_DATE,RELATION_PARTY_EMAIL,MAIN_SELECTED_COLUMN,,,,,,,,,
BPD,STAGING,68800030004,BRIGHTSCOPE,ADVISOR_EMAIL,AI_KNOWLEDGE_DATE,RELATION_PARTY_EMAIL,MAIN_SELECTED_COLUMN,,,,,,,,,
BPD,STAGING,68800030004,BRIGHTSCOPE,ADVISOR_EMAIL,ADVISOR_ID,RELATION_PARTY_EMAIL,MAIN_SELECTED_COLUMN,,,,,,,,,
BPD,STAGING,68800030004,BRIGHTSCOPE,ADVISOR_EMAIL,EMAIL,RELATION_PARTY_EMAIL,MAIN_SELECTED_COLUMN,,,,,,,,,
BPD,STAGING,68800030004,BRIGHTSCOPE,ADVISOR_EMAIL,AI_EMAIL_ID,RELATION_PARTY_EMAIL,DIMFACT_SELECTED_COLUMN,,,,,,,,,
BPD,STAGING,68800030004,BRIGHTSCOPE,ADVISOR_EMAIL,EMAIL,RELATION_PARTY_EMAIL,DIMFACT_SELECTED_COLUMN,,,,,,,,,
BPD,STAGING,68800030004,BRIGHTSCOPE,ADVISOR_EMAIL,AI_PARTY_ID,RELATION_PARTY_EMAIL,XREF_SELECTED_COLUMN,,,,,,,,,
BPD,STAGING,68800030004,BRIGHTSCOPE,ADVISOR_EMAIL,ID_VALUE,RELATION_PARTY_EMAIL,XREF_SELECTED_COLUMN,,,,,,,,,
BPD,STAGING,68800030004,BRIGHTSCOPE,ADVISOR_EMAIL,ID_NAME,RELATION_PARTY_EMAIL,XREF_SELECTED_COLUMN,,,,,,,,,
BPD,STAGING,68800030004,BRIGHTSCOPE,ADVISOR_EMAIL,ADVISOR_ID,RELATION_PARTY_EMAIL,XREF_TAG_VALUE_COLUMN,,BRIGHTSCOPE_ADVISOR_ID,,,,,,,
BPD,STAGING,68800030004,BRIGHTSCOPE,ADVISOR_EMAIL,ID_NAME,RELATION_PARTY_EMAIL,XREF_TAG_VALUE_MEASURE_COLUMN_NAME,,,,,,,,,
BPD,STAGING,68800030004,BRIGHTSCOPE,ADVISOR_EMAIL,ADVISOR_ID,RELATION_PARTY_EMAIL,XREF_TAG_VALUE_MEASURE_COLUMN_NAME,,,,,,,,,
BPD,STAGING,68800030004,BRIGHTSCOPE,ADVISOR_EMAIL,EMAIL,RELATION_PARTY_EMAIL,TAG_VALUE_COLUMN,,PRIMARY,,,,,,,
BPD,STAGING,68800030004,BRIGHTSCOPE,ADVISOR_EMAIL,VALUE,RELATION_PARTY_EMAIL,TAG_VALUE_MEASURE_COLUMN_NAME,,,,,,,,,
BPD,STAGING,68800030004,BRIGHTSCOPE,ADVISOR_EMAIL,EMAIL,RELATION_PARTY_EMAIL,TAG_VALUE_MEASURE_COLUMN_NAME,,,,,,,,,
BPD,STAGING,68800030004,BRIGHTSCOPE,ADVISOR_EMAIL,VALUE,RELATION_PARTY_EMAIL,RELTYPE_LOOKUP_COLUMN,,VALUE,,,,,,,
BPD,STAGING,68800030004,BRIGHTSCOPE,ADVISOR_EMAIL,ADVISOR_ID,RELATION_PARTY_EMAIL,FIRST_LOOKUP_COLUMN,,ID_VALUE,,,,,,,
BPD,STAGING,68800030004,BRIGHTSCOPE,ADVISOR_EMAIL,ID_NAME,RELATION_PARTY_EMAIL,FIRST_LOOKUP_COLUMN,,ID_NAME,,,,,,,
BPD,STAGING,68800030004,BRIGHTSCOPE,ADVISOR_EMAIL,XREF,RELATION_PARTY_EMAIL,FIRST_LOOKUP,,,,,,,,,
BPD,STAGING,68800030004,BRIGHTSCOPE,ADVISOR_EMAIL,NA,RELATION_PARTY_EMAIL,FIRST_LOOKUP_COLUMN_RENAME,,,,,,,,,
BPD,STAGING,68800030004,BRIGHTSCOPE,ADVISOR_EMAIL,EMAIL,RELATION_PARTY_EMAIL,SECOND_LOOKUP_COLUMN,,EMAIL,,,,,,,
BPD,STAGING,68800030004,BRIGHTSCOPE,ADVISOR_EMAIL,DIMFACT,RELATION_PARTY_EMAIL,SECOND_LOOKUP,,,,,,,,,
BPD,STAGING,68800030004,BRIGHTSCOPE,ADVISOR_EMAIL,NA,RELATION_PARTY_EMAIL,SECOND_LOOKUP_COLUMN_RENAME,,,,,,,,,
BPD,STAGING,68800030004,BRIGHTSCOPE,ADVISOR_EMAIL,AI_REL_PARTY_EMAIL_SEQ,RELATION_PARTY_EMAIL,AUTOINCREMENT_COLUMN,,,,,,,,,
