TYPE,ARCHITECTURE_LAYER,SOURCE_ID,SOURCE_NAME,FILE_NAME,SRC_FIELD,TARGET_TABLE,ACTION,TARGET_O,TARGET_C,STATUS,SEVERITY,CONTEXT,CASCADE COL,EFFECTIVE_DATE,KNOWLEDGE_DATE,
ENV,PREPROCESSING,68800030016,BRIGHTSCOPE,CONTACT,s3a://ai-0068800-processing/,,BUCKET_NAME,NA,NA,NA,NA,NA,NA,NA,NA,NA
PRO,PREPROCESSING,68800030016,BRIGHTSCOPE,CONTACT,/Landing/Brightscope/Contact/*,,INPUT_PATH,,,,,,,,,
PRO,PREPROCESSING,68800030016,BRIGHTSCOPE,CONTACT,common_lookup/*,,SOURCE_LOOKUP_TABLE_PATH,,,,,,,,,
PRO,PREPROCESSING,68800030016,BRIGHTSCOPE,CONTACT,/Preprocessing/Brightscope/Contact/Delta/,,OUTPUT_PATH,,,,,,,,,
PRO,PREPROCESSING,68800030016,BRIGHTSCOPE,CONTACT,/Preprocessing/Brightscope/Contact/processed/,,PROCESSED_PATH,,,,,,,,,
PRO,PREPROCESSING,68800030016,BRIGHTSCOPE,CONTACT,yyyy-MM-dd'T'HH:mm:ss,,KNOWLEDGE_DATE_INPUT_FORMAT,,,,,,,,,
PRO,PREPROCESSING,68800030016,BRIGHTSCOPE,CONTACT,yyyy-MM-dd'T'HH:mm:ss,,EFFECTIVE_DATE_INPUT_FORMAT,,,,,,,,,
PRO,PREPROCESSING,68800030016,BRIGHTSCOPE,CONTACT,BatchTable/,,BATCHTABLE_PATH,,,,,,,,,
OPS,PREPROCESSING,68800030016,BRIGHTSCOPE,CONTACT,,,KEY_FIELD_VALIDATION,,,,,,,,,
BPD,PREPROCESSING,68800030016,BRIGHTSCOPE,CONTACT,LA_CREATED_DATE,,MAP_EFFECTIVE_DATE,,,,,,,,,
BPD,PREPROCESSING,68800030016,BRIGHTSCOPE,CONTACT,LA_UPDATED_DATE,,MAP_KNOWLEDGE_DATE,,,,,,,,,
BPD,PREPROCESSING,68800030016,BRIGHTSCOPE,CONTACT,NA,,MAP_SUBSET_COLUMN,,,,,,,,,
BPD,PREPROCESSING,68800030016,BRIGHTSCOPE,CONTACT,NA,,MAP_SUBSET_COLUMN,,,,,,,,,
PRO,STAGING,68800030016,BRIGHTSCOPE,CONTACT,/Preprocessing/Brightscope/Contact/Delta/,,INPUT_PATH,,,,,,,,,
BPD,STAGING,68800030016,BRIGHTSCOPE,CONTACT,IS_DELETED,,Rule_FilterBasedOnColumnValue,NOTEQUAL,1,,,,,,,
PRO,STAGING,68800030016,BRIGHTSCOPE,CONTACT,/Staging_Brightscope/xref_tables/partyXRef/,XREF_PARTY,INPUT_PATH,,,,,,,,,
PRO,STAGING,68800030016,BRIGHTSCOPE,CONTACT,/Staging_Brightscope/xref_tables/partyXRef/,XREF_PARTY,OUTPUT_PATH,,,,,,,,,
BPD,STAGING,68800030016,BRIGHTSCOPE,CONTACT,XREF_PARTY,XREF_TABLES,LIST,,,,,,,,,
BPD,STAGING,68800030016,BRIGHTSCOPE,CONTACT,AI_BATCH_ID,XREF_PARTY,SCHEMA,,,,,,,,,
BPD,STAGING,68800030016,BRIGHTSCOPE,CONTACT,AI_SRC_ID,XREF_PARTY,SCHEMA,,,,,,,,,
BPD,STAGING,68800030016,BRIGHTSCOPE,CONTACT,AI_EFFECTIVE_DATE,XREF_PARTY,SCHEMA,,,,,,,,,
BPD,STAGING,68800030016,BRIGHTSCOPE,CONTACT,AI_KNOWLEDGE_DATE,XREF_PARTY,SCHEMA,,,,,,,,,
BPD,STAGING,68800030016,BRIGHTSCOPE,CONTACT,AI_PARTY_ID,XREF_PARTY,SCHEMA,,,,,,,,,
BPD,STAGING,68800030016,BRIGHTSCOPE,CONTACT,ID_NAME,XREF_PARTY,SCHEMA,,,,,,,,,
BPD,STAGING,68800030016,BRIGHTSCOPE,CONTACT,ID_VALUE,XREF_PARTY,SCHEMA,,,,,,,,,
BPD,STAGING,68800030016,BRIGHTSCOPE,CONTACT,CONTACT_ID,XREF_PARTY,MAIN_SELECTED_COLUMNS,,,,,,,,,
BPD,STAGING,68800030016,BRIGHTSCOPE,CONTACT,COMPANY_ID,XREF_PARTY,MAIN_SELECTED_COLUMNS,,,,,,,,,
BPD,STAGING,68800030016,BRIGHTSCOPE,CONTACT,AI_SRC_ID,XREF_PARTY,MAIN_SELECTED_COLUMNS,,,,,,,,,
BPD,STAGING,68800030016,BRIGHTSCOPE,CONTACT,AI_BATCH_ID,XREF_PARTY,MAIN_SELECTED_COLUMNS,,,,,,,,,
BPD,STAGING,68800030016,BRIGHTSCOPE,CONTACT,AI_EFFECTIVE_DATE,XREF_PARTY,MAIN_SELECTED_COLUMNS,,,,,,,,,
BPD,STAGING,68800030016,BRIGHTSCOPE,CONTACT,AI_KNOWLEDGE_DATE,XREF_PARTY,MAIN_SELECTED_COLUMNS,,,,,,,,,
BPD,STAGING,68800030016,BRIGHTSCOPE,CONTACT,CONTACT_ID,XREF_PARTY,TAG_VALUE_COLUMN,,BRIGHTSCOPE_CONTACT_ID,,,,,,,
BPD,STAGING,68800030016,BRIGHTSCOPE,CONTACT,COMPANY_ID,XREF_PARTY,TAG_VALUE_COLUMN,,BRIGHTSCOPE_COMPANY_ID,,,,,,,
BPD,STAGING,68800030016,BRIGHTSCOPE,CONTACT,ID_NAME,XREF_PARTY,TAG_VALUE_MEASURE_COLUMN_NAME,,,,,,,,,
BPD,STAGING,68800030016,BRIGHTSCOPE,CONTACT,ID_VALUE,XREF_PARTY,TAG_VALUE_MEASURE_COLUMN_NAME,,,,,,,,,
BPD,STAGING,68800030016,BRIGHTSCOPE,CONTACT,ID_NAME,XREF_PARTY,EXCEPT_COLUMN,,,,,,,,,
BPD,STAGING,68800030016,BRIGHTSCOPE,CONTACT,ID_VALUE,XREF_PARTY,EXCEPT_COLUMN,,,,,,,,,
BPD,STAGING,68800030016,BRIGHTSCOPE,CONTACT,AI_PARTY_ID,XREF_PARTY,AUTOINCREMENT_COLUMN,,,,,,,,,
BPD,STAGING,68800030016,BRIGHTSCOPE,CONTACT,NA,XREF_PARTY,SYNONYM_COLUMN,,,,,,,,,
BPD,STAGING,68800030016,BRIGHTSCOPE,CONTACT,NA,XREF_PARTY,SYNONYM_SELECTED_COLUMN,,,,,,,,,
BPD,STAGING,68800030016,BRIGHTSCOPE,CONTACT,NA,XREF_PARTY,SYNONYM_COLUMN_NAME,,,,,,,,,
BPD,STAGING,68800030016,BRIGHTSCOPE,CONTACT,NA,XREF_PARTY,SYNONYM_LOOKUP_COLUMN,,,,,,,,,
BPD,STAGING,68800030016,BRIGHTSCOPE,CONTACT,NA,XREF_PARTY,SYNONYM_SUBSET_COLUMN,,,,,,,,,
BPD,STAGING,68800030016,BRIGHTSCOPE,CONTACT,NA,XREF_PARTY,SYNONYM_UNION_RENAME,,,,,,,,,
BDP,STAGING,68800030016,BRIGHTSCOPE,CONTACT,FACTS_CONTACTFACTS,FACT_TABLES,LIST,,,,,,,,,
PRO,STAGING,68800030016,BRIGHTSCOPE,CONTACT,/Staging_Brightscope/xref_tables/partyXRef/*,FACTS_CONTACTFACTS,PARTYXREF_PATH,,,,,,,,,
PRO,STAGING,68800030016,BRIGHTSCOPE,CONTACT,/Staging_Brightscope/dimsandfacts/ai_contact_fct/,FACTS_CONTACTFACTS,FACT_PATH,,,,,,,,,
PRO,STAGING,68800030016,BRIGHTSCOPE,CONTACT,NA,FACTS_CONTACTFACTS,DIMFACT_PATH,,,,,,,,,
PRO,STAGING,68800030016,BRIGHTSCOPE,CONTACT,NA,FACTS_CONTACTFACTS,PRODUCTXREF_PATH,,,,,,,,,
BDP,STAGING,68800030016,BRIGHTSCOPE,CONTACT,AI_BATCH_ID,FACTS_CONTACTFACTS,MAIN_SELECTED_COLUMN,,,,,,,,,
BDP,STAGING,68800030016,BRIGHTSCOPE,CONTACT,AI_SRC_ID,FACTS_CONTACTFACTS,MAIN_SELECTED_COLUMN,,,,,,,,,
BDP,STAGING,68800030016,BRIGHTSCOPE,CONTACT,AI_EFFECTIVE_DATE,FACTS_CONTACTFACTS,MAIN_SELECTED_COLUMN,,,,,,,,,
BDP,STAGING,68800030016,BRIGHTSCOPE,CONTACT,AI_KNOWLEDGE_DATE,FACTS_CONTACTFACTS,MAIN_SELECTED_COLUMN,,,,,,,,,
BDP,STAGING,68800030016,BRIGHTSCOPE,CONTACT,CONTACT_ID,FACTS_CONTACTFACTS,MAIN_SELECTED_COLUMN,,,,,,,,,
BDP,STAGING,68800030016,BRIGHTSCOPE,CONTACT,AI_BATCH_ID,FACTS_CONTACTFACTS,SCHEMA,,,,,,,,,
BDP,STAGING,68800030016,BRIGHTSCOPE,CONTACT,AI_SRC_ID,FACTS_CONTACTFACTS,SCHEMA,,,,,,,,,
BDP,STAGING,68800030016,BRIGHTSCOPE,CONTACT,AI_EFFECTIVE_DATE,FACTS_CONTACTFACTS,SCHEMA,,,,,,,,,
BDP,STAGING,68800030016,BRIGHTSCOPE,CONTACT,AI_KNOWLEDGE_DATE,FACTS_CONTACTFACTS,SCHEMA,,,,,,,,,
BDP,STAGING,68800030016,BRIGHTSCOPE,CONTACT,AI_PARTY_ID,FACTS_CONTACTFACTS,SCHEMA,,,,,,,,,
BDP,STAGING,68800030016,BRIGHTSCOPE,CONTACT,SRC_RECORD_IDENTIFIER,FACTS_CONTACTFACTS,SCHEMA,,,,,,,,,
BDP,STAGING,68800030016,BRIGHTSCOPE,CONTACT,AI_MEASURE_NAME,FACTS_CONTACTFACTS,SCHEMA,,,,,,,,,
BDP,STAGING,68800030016,BRIGHTSCOPE,CONTACT,AI_MEASURE_VALUE,FACTS_CONTACTFACTS,SCHEMA,,,,,,,,,
BDP,STAGING,68800030016,BRIGHTSCOPE,CONTACT,AI_PARTY_ID,FACTS_CONTACTFACTS,PARTYXREF_SELECTED_COLUMN,,,,,,,,,
BDP,STAGING,68800030016,BRIGHTSCOPE,CONTACT,ID_NAME,FACTS_CONTACTFACTS,PARTYXREF_SELECTED_COLUMN,,,,,,,,,
BDP,STAGING,68800030016,BRIGHTSCOPE,CONTACT,ID_VALUE,FACTS_CONTACTFACTS,PARTYXREF_SELECTED_COLUMN,,,,,,,,,
BDP,STAGING,68800030016,BRIGHTSCOPE,CONTACT,NA,FACTS_CONTACTFACTS,DIMFACT_SELECTED_COLUMN,,,,,,,,,
BDP,STAGING,68800030016,BRIGHTSCOPE,CONTACT,NA,FACTS_CONTACTFACTS,PRODUCTXREF_SELECTED_COLUMN,,,,,,,,,
BDP,STAGING,68800030016,BRIGHTSCOPE,CONTACT,TITLE,FACTS_CONTACTFACTS,TAG_VALUE_COLUMN,,TITLE,,,,,,,
BDP,STAGING,68800030016,BRIGHTSCOPE,CONTACT,DATA_PROVIDER,FACTS_CONTACTFACTS,TAG_VALUE_COLUMN,,DATA_PROVIDER,,,,,,,
BDP,STAGING,68800030016,BRIGHTSCOPE,CONTACT,IS_CURRENT,FACTS_CONTACTFACTS,TAG_VALUE_COLUMN,,ISCURRENT,,,,,,,
BDP,STAGING,68800030016,BRIGHTSCOPE,CONTACT,LA_BATCH_ID,FACTS_CONTACTFACTS,TAG_VALUE_COLUMN,,LA_BATCH_ID,,,,,,,
BDP,STAGING,68800030016,BRIGHTSCOPE,CONTACT,DW_DATE,FACTS_CONTACTFACTS,TAG_VALUE_COLUMN,,DW_DATE,,,,,,,
BDP,STAGING,68800030016,BRIGHTSCOPE,CONTACT,LA_CREATED_BY,FACTS_CONTACTFACTS,TAG_VALUE_COLUMN,,LA_CREATED_BY,,,,,,,
BDP,STAGING,68800030016,BRIGHTSCOPE,CONTACT,LA_CREATED_DATE,FACTS_CONTACTFACTS,TAG_VALUE_COLUMN,,LA_CREATED_DATE,,,,,,,
BDP,STAGING,68800030016,BRIGHTSCOPE,CONTACT,LA_UPDATED_BY,FACTS_CONTACTFACTS,TAG_VALUE_COLUMN,,LA_UPDATED_BY,,,,,,,
BDP,STAGING,68800030016,BRIGHTSCOPE,CONTACT,LA_UPDATED_DATE,FACTS_CONTACTFACTS,TAG_VALUE_COLUMN,,LA_UPDATED_DATE,,,,,,,
BDP,STAGING,68800030016,BRIGHTSCOPE,CONTACT,AI_MEASURE_NAME,FACTS_CONTACTFACTS,TAG_VALUE_MEASURE_COLUMN_NAME,,,,,,,,,
BDP,STAGING,68800030016,BRIGHTSCOPE,CONTACT,AI_MEASURE_VALUE,FACTS_CONTACTFACTS,TAG_VALUE_MEASURE_COLUMN_NAME,,,,,,,,,
BDP,STAGING,68800030016,BRIGHTSCOPE,CONTACT,CONTACT_ID,FACTS_CONTACTFACTS,XREF_TAG_VALUE_COLUMN,,BRIGHTSCOPE_CONTACT_ID,,,,,,,
BDP,STAGING,68800030016,BRIGHTSCOPE,CONTACT,ID_NAME,FACTS_CONTACTFACTS,XREF_TAG_VALUE_MEASURE_COLUMN_NAME,,,,,,,,,
BDP,STAGING,68800030016,BRIGHTSCOPE,CONTACT,CONTACT_ID,FACTS_CONTACTFACTS,XREF_TAG_VALUE_MEASURE_COLUMN_NAME,,,,,,,,,
BDP,STAGING,68800030016,BRIGHTSCOPE,CONTACT,PARTYXREF,FACTS_CONTACTFACTS,FIRST_LOOKUP,,,,,,,,,
BDP,STAGING,68800030016,BRIGHTSCOPE,CONTACT,CONTACT_ID,FACTS_CONTACTFACTS,FIRST_LOOKUP_COLUMN,,ID_VALUE,,,,,,,
BDP,STAGING,68800030016,BRIGHTSCOPE,CONTACT,ID_NAME,FACTS_CONTACTFACTS,FIRST_LOOKUP_COLUMN,,ID_NAME,,,,,,,
BDP,STAGING,68800030016,BRIGHTSCOPE,CONTACT,NA,FACTS_CONTACTFACTS,SECOND_LOOKUP,,,,,,,,,
BDP,STAGING,68800030016,BRIGHTSCOPE,CONTACT,NA,FACTS_CONTACTFACTS,SECOND_LOOKUP_COLUMN,,,,,,,,,
BDP,STAGING,68800030016,BRIGHTSCOPE,CONTACT,NA,FACTS_CONTACTFACTS,AUTOINCREMENT_COLUMN,,,,,,,,,
BDP,STAGING,68800030016,BRIGHTSCOPE,CONTACT,NA,FACTS_CONTACTFACTS,MAPPING_COLUMN,,,,,,,,,
BDP,STAGING,68800030016,BRIGHTSCOPE,CONTACT,DIMENSION_PARTY,DIMENSION_TABLES,LIST,,,,,,,,,
PRO,STAGING,68800030016,BRIGHTSCOPE,CONTACT,/Staging_Brightscope/xref_tables/partyXRef/*,DIMENSION_PARTY,XREF_PATH,,,,,,,,,
PRO,STAGING,68800030016,BRIGHTSCOPE,CONTACT,/Staging_Brightscope/dimsandfacts/ai_party/,DIMENSION_PARTY,OUTPUT_PATH,,,,,,,,,
BDP,STAGING,68800030016,BRIGHTSCOPE,CONTACT,AI_BATCH_ID,DIMENSION_PARTY,MAIN_SELECTED_COLUMNS,,,,,,,,,
BDP,STAGING,68800030016,BRIGHTSCOPE,CONTACT,AI_SRC_ID,DIMENSION_PARTY,MAIN_SELECTED_COLUMNS,,,,,,,,,
BDP,STAGING,68800030016,BRIGHTSCOPE,CONTACT,AI_EFFECTIVE_DATE,DIMENSION_PARTY,MAIN_SELECTED_COLUMNS,,,,,,,,,
BDP,STAGING,68800030016,BRIGHTSCOPE,CONTACT,AI_KNOWLEDGE_DATE,DIMENSION_PARTY,MAIN_SELECTED_COLUMNS,,,,,,,,,
BDP,STAGING,68800030016,BRIGHTSCOPE,CONTACT,CONTACT_ID,DIMENSION_PARTY,MAIN_SELECTED_COLUMNS,,,,,,,,,
BDP,STAGING,68800030016,BRIGHTSCOPE,CONTACT,CONTACT_NAME,DIMENSION_PARTY,MAIN_SELECTED_COLUMNS,,,,,,,,,
BDP,STAGING,68800030016,BRIGHTSCOPE,CONTACT,SRC_PARTY_ID,DIMENSION_PARTY,EXCEPT_COLUMNS,,,,,,,,,
BDP,STAGING,68800030016,BRIGHTSCOPE,CONTACT,NAME,DIMENSION_PARTY,EXCEPT_COLUMNS,,,,,,,,,
BDP,STAGING,68800030016,BRIGHTSCOPE,CONTACT,AI_SRC_ID,DIMENSION_PARTY,EXCEPT_COLUMNS,,,,,,,,,
BDP,STAGING,68800030016,BRIGHTSCOPE,CONTACT,CONTACT_ID,DIMENSION_PARTY,MAPPING_COLUMN,,SRC_PARTY_ID,,,,,,,
BDP,STAGING,68800030016,BRIGHTSCOPE,CONTACT,CONTACT_NAME,DIMENSION_PARTY,MAPPING_COLUMN,,NAME,,,,,,,
BDP,STAGING,68800030016,BRIGHTSCOPE,CONTACT,AI_PARTY_ID,DIMENSION_PARTY,XREF_SELECTED_COLUMN,,,,,,,,,
BDP,STAGING,68800030016,BRIGHTSCOPE,CONTACT,ID_NAME,DIMENSION_PARTY,XREF_SELECTED_COLUMN,,,,,,,,,
BDP,STAGING,68800030016,BRIGHTSCOPE,CONTACT,ID_VALUE,DIMENSION_PARTY,XREF_SELECTED_COLUMN,,,,,,,,,
BDP,STAGING,68800030016,BRIGHTSCOPE,CONTACT,CONTACT_ID,DIMENSION_PARTY,XREF_TAG_VALUE_COLUMN,,BRIGHTSCOPE_CONTACT_ID,,,,,,,
BDP,STAGING,68800030016,BRIGHTSCOPE,CONTACT,ID_NAME,DIMENSION_PARTY,XREF_TAG_VALUE_MEASURE_COLUMN_NAME,,,,,,,,,
BDP,STAGING,68800030016,BRIGHTSCOPE,CONTACT,CONTACT_ID,DIMENSION_PARTY,XREF_TAG_VALUE_MEASURE_COLUMN_NAME,,,,,,,,,
BDP,STAGING,68800030016,BRIGHTSCOPE,CONTACT,PARTY_TYPE,DIMENSION_PARTY,ADDITIONAL_COLUMNS,,CONTACT,,,,,,,
BDP,STAGING,68800030016,BRIGHTSCOPE,CONTACT,PARTYXREF,DIMENSION_PARTY,FIRST_LOOKUP,,,,,,,,,
BDP,STAGING,68800030016,BRIGHTSCOPE,CONTACT,CONTACT_ID,DIMENSION_PARTY,FIRST_LOOKUP_COLUMNS,,ID_VALUE,,,,,,,
BDP,STAGING,68800030016,BRIGHTSCOPE,CONTACT,ID_NAME,DIMENSION_PARTY,FIRST_LOOKUP_COLUMNS,,ID_NAME,,,,,,,
BDP,STAGING,68800030016,BRIGHTSCOPE,CONTACT,AI_BATCH_ID,DIMENSION_PARTY,SCHEMA,,,,,,,,,
BDP,STAGING,68800030016,BRIGHTSCOPE,CONTACT,AI_SRC_ID,DIMENSION_PARTY,SCHEMA,,,,,,,,,
BDP,STAGING,68800030016,BRIGHTSCOPE,CONTACT,AI_EFFECTIVE_DATE,DIMENSION_PARTY,SCHEMA,,,,,,,,,
BDP,STAGING,68800030016,BRIGHTSCOPE,CONTACT,AI_KNOWLEDGE_DATE,DIMENSION_PARTY,SCHEMA,,,,,,,,,
BDP,STAGING,68800030016,BRIGHTSCOPE,CONTACT,AI_PARTY_ID,DIMENSION_PARTY,SCHEMA,,,,,,,,,
BDP,STAGING,68800030016,BRIGHTSCOPE,CONTACT,SRC_PARTY_ID,DIMENSION_PARTY,SCHEMA,,,,,,,,,
BDP,STAGING,68800030016,BRIGHTSCOPE,CONTACT,NAME,DIMENSION_PARTY,SCHEMA,,,,,,,,,
BDP,STAGING,68800030016,BRIGHTSCOPE,CONTACT,PARTY_TYPE,DIMENSION_PARTY,SCHEMA,,,,,,,,,
,,,,,,,,,,,,,,,,
BPD,STAGING,68800030016,BRIGHTSCOPE,CONTACT,RELATION_PARTY_PARTY,RELATION_TABLES,LIST,,,,,,,,,
PRO,STAGING,68800030016,BRIGHTSCOPE,CONTACT,/Staging_Brightscope/xref_tables/partyXRef/*,RELATION_PARTY_PARTY,XREF_PATH,,,,,,,,,
PRO,STAGING,68800030016,BRIGHTSCOPE,CONTACT,NA,RELATION_PARTY_PARTY,DIMFACT_PATH,,,,,,,,,
PRO,STAGING,68800030016,BRIGHTSCOPE,CONTACT,Staging_Brightscope/rel_type_lookup/*,RELATION_PARTY_PARTY,RELTYPETABLE_PATH,,,,,,,,,
PRO,STAGING,68800030016,BRIGHTSCOPE,CONTACT,Staging_Brightscope/relation/ai_rel_party_party/,RELATION_PARTY_PARTY,RELATION_PATH,,,,,,,,,
BPD,STAGING,68800030016,BRIGHTSCOPE,CONTACT,AI_BATCH_ID,RELATION_PARTY_PARTY,SCHEMA,,,,,,,,,
BPD,STAGING,68800030016,BRIGHTSCOPE,CONTACT,AI_SRC_ID,RELATION_PARTY_PARTY,SCHEMA,,,,,,,,,
BPD,STAGING,68800030016,BRIGHTSCOPE,CONTACT,AI_EFFECTIVE_DATE,RELATION_PARTY_PARTY,SCHEMA,,,,,,,,,
BPD,STAGING,68800030016,BRIGHTSCOPE,CONTACT,AI_KNOWLEDGE_DATE,RELATION_PARTY_PARTY,SCHEMA,,,,,,,,,
BPD,STAGING,68800030016,BRIGHTSCOPE,CONTACT,AI_PARTY_ID,RELATION_PARTY_PARTY,SCHEMA,,,,,,,,,
BPD,STAGING,68800030016,BRIGHTSCOPE,CONTACT,AI_REL_PARTY_ID,RELATION_PARTY_PARTY,SCHEMA,,,,,,,,,
BPD,STAGING,68800030016,BRIGHTSCOPE,CONTACT,REL_TYPE,RELATION_PARTY_PARTY,SCHEMA,,,,,,,,,
BPD,STAGING,68800030016,BRIGHTSCOPE,CONTACT,AI_REL_PARTY_PARTY_SEQ,RELATION_PARTY_PARTY,SCHEMA,,,,,,,,,
BPD,STAGING,68800030016,BRIGHTSCOPE,CONTACT,AI_BATCH_ID,RELATION_PARTY_PARTY,MAIN_SELECTED_COLUMN,,,,,,,,,
BPD,STAGING,68800030016,BRIGHTSCOPE,CONTACT,AI_SRC_ID,RELATION_PARTY_PARTY,MAIN_SELECTED_COLUMN,,,,,,,,,
BPD,STAGING,68800030016,BRIGHTSCOPE,CONTACT,AI_EFFECTIVE_DATE,RELATION_PARTY_PARTY,MAIN_SELECTED_COLUMN,,,,,,,,,
BPD,STAGING,68800030016,BRIGHTSCOPE,CONTACT,AI_KNOWLEDGE_DATE,RELATION_PARTY_PARTY,MAIN_SELECTED_COLUMN,,,,,,,,,
BPD,STAGING,68800030016,BRIGHTSCOPE,CONTACT,CONTACT_ID,RELATION_PARTY_PARTY,MAIN_SELECTED_COLUMN,,,,,,,,,
BPD,STAGING,68800030016,BRIGHTSCOPE,CONTACT,COMPANY_ID,RELATION_PARTY_PARTY,MAIN_SELECTED_COLUMN,,,,,,,,,
BPD,STAGING,68800030016,BRIGHTSCOPE,CONTACT,NA,RELATION_PARTY_PARTY,DIMFACT_SELECTED_COLUMN,,,,,,,,,
BPD,STAGING,68800030016,BRIGHTSCOPE,CONTACT,NA,RELATION_PARTY_PARTY,DIMFACT_SELECTED_COLUMN,,,,,,,,,
BPD,STAGING,68800030016,BRIGHTSCOPE,CONTACT,AI_PARTY_ID,RELATION_PARTY_PARTY,XREF_SELECTED_COLUMN,,,,,,,,,
BPD,STAGING,68800030016,BRIGHTSCOPE,CONTACT,ID_VALUE,RELATION_PARTY_PARTY,XREF_SELECTED_COLUMN,,,,,,,,,
BPD,STAGING,68800030016,BRIGHTSCOPE,CONTACT,ID_NAME,RELATION_PARTY_PARTY,XREF_SELECTED_COLUMN,,,,,,,,,
BPD,STAGING,68800030016,BRIGHTSCOPE,CONTACT,CONTACT_ID,RELATION_PARTY_PARTY,XREF_TAG_VALUE_COLUMN,,BRIGHTSCOPE_CONTACT_ID,,,,,,,
BPD,STAGING,68800030016,BRIGHTSCOPE,CONTACT,ID_NAME#1,RELATION_PARTY_PARTY,XREF_TAG_VALUE_MEASURE_COLUMN_NAME,,,,,,,,,
BPD,STAGING,68800030016,BRIGHTSCOPE,CONTACT,CONTACT_ID,RELATION_PARTY_PARTY,XREF_TAG_VALUE_MEASURE_COLUMN_NAME,,,,,,,,,
BPD,STAGING,68800030016,BRIGHTSCOPE,CONTACT,COMPANY_ID,RELATION_PARTY_PARTY,TAG_VALUE_COLUMN,,PRIMARY,,,,,,,
BPD,STAGING,68800030016,BRIGHTSCOPE,CONTACT,VALUE,RELATION_PARTY_PARTY,TAG_VALUE_MEASURE_COLUMN_NAME,,,,,,,,,
BPD,STAGING,68800030016,BRIGHTSCOPE,CONTACT,COMPANY_ID,RELATION_PARTY_PARTY,TAG_VALUE_MEASURE_COLUMN_NAME,,,,,,,,,
BPD,STAGING,68800030016,BRIGHTSCOPE,CONTACT,VALUE,RELATION_PARTY_PARTY,RELTYPE_LOOKUP_COLUMN,,VALUE,,,,,,,
BPD,STAGING,68800030016,BRIGHTSCOPE,CONTACT,PRIMARY,RELATION_PARTY_PARTY,REL_VALUE_LOOKUP,,BRIGHTSCOPE_COMPANY_ID,,,,,,,
BPD,STAGING,68800030016,BRIGHTSCOPE,CONTACT,VALUE,RELATION_PARTY_PARTY,REL_COLUMN_NAME_LOOKUP,,ID_NAME#2,,,,,,,
BPD,STAGING,68800030016,BRIGHTSCOPE,CONTACT,COMPANY_ID,RELATION_PARTY_PARTY,FIRST_LOOKUP_COLUMN,,ID_VALUE,,,,,,,
BPD,STAGING,68800030016,BRIGHTSCOPE,CONTACT,ID_NAME#2,RELATION_PARTY_PARTY,FIRST_LOOKUP_COLUMN,,ID_NAME,,,,,,,
BPD,STAGING,68800030016,BRIGHTSCOPE,CONTACT,AI_PARTY_ID,RELATION_PARTY_PARTY,FIRST_LOOKUP_COLUMN_RENAME,,AI_REL_PARTY_ID,,,,,,,
BPD,STAGING,68800030016,BRIGHTSCOPE,CONTACT,CONTACT_ID,RELATION_PARTY_PARTY,SECOND_LOOKUP_COLUMN,,ID_VALUE,,,,,,,
BPD,STAGING,68800030016,BRIGHTSCOPE,CONTACT,ID_NAME#1,RELATION_PARTY_PARTY,SECOND_LOOKUP_COLUMN,,ID_NAME,,,,,,,
BPD,STAGING,68800030016,BRIGHTSCOPE,CONTACT,XREF,RELATION_PARTY_PARTY,SECOND_LOOKUP,,,,,,,,,
BPD,STAGING,68800030016,BRIGHTSCOPE,CONTACT,XREF,RELATION_PARTY_PARTY,FIRST_LOOKUP,,,,,,,,,
BPD,STAGING,68800030016,BRIGHTSCOPE,CONTACT,AI_REL_PARTY_PARTY_SEQ,RELATION_PARTY_PARTY,AUTOINCREMENT_COLUMN,,,,,,,,,
BPD,STAGING,68800030016,BRIGHTSCOPE,CONTACT,AI_PARTY_ID,RELATION_PARTY_PARTY,SECOND_LOOKUP_COLUMN_RENAME,,AI_PARTY_ID,,,,,,,
