TYPE,ARCHITECTURE_LAYER,SOURCE_ID,SOURCE_NAME,FILE_NAME,SRC_FIELD,TARGET_TABLE,ACTION,TARGET_O,TARGET_C,STATUS,SEVERITY,CONTEXT,CASCADE COL,EFFECTIVE_DATE,KNOWLEDGE_DATE,
ENV,PREPROCESSING,68800030021,BRIGHTSCOPE,FIRM,s3a://ai-0068800-processing/,,BUCKET_NAME,NA,NA,NA,NA,NA,NA,NA,NA,NA
PRO,PREPROCESSING,68800030021,BRIGHTSCOPE,FIRM,/Landing/Brightscope/Firm/*,,INPUT_PATH,,,,,,,,,
PRO,PREPROCESSING,68800030021,BRIGHTSCOPE,FIRM,common_lookup/*,,SOURCE_LOOKUP_TABLE_PATH,,,,,,,,,
PRO,PREPROCESSING,68800030021,BRIGHTSCOPE,FIRM,/Preprocessing/Brightscope/Firm/Delta/,,OUTPUT_PATH,,,,,,,,,
PRO,PREPROCESSING,68800030021,BRIGHTSCOPE,FIRM,/Preprocessing/Brightscope/Firm/processed/,,PROCESSED_PATH,,,,,,,,,
PRO,PREPROCESSING,68800030021,BRIGHTSCOPE,FIRM,yyyy-MM-dd'T'HH:mm:ss,,KNOWLEDGE_DATE_INPUT_FORMAT,,,,,,,,,
PRO,PREPROCESSING,68800030021,BRIGHTSCOPE,FIRM,yyyy-MM-dd'T'HH:mm:ss,,EFFECTIVE_DATE_INPUT_FORMAT,,,,,,,,,
PRO,PREPROCESSING,68800030021,BRIGHTSCOPE,FIRM,BatchTable/,,BATCHTABLE_PATH,,,,,,,,,
OPS,PREPROCESSING,68800030021,BRIGHTSCOPE,FIRM,,,KEY_FIELD_VALIDATION,,,,,,,,,
BPD,PREPROCESSING,68800030021,BRIGHTSCOPE,FIRM,LA_CREATED_DATE,,MAP_EFFECTIVE_DATE,,,,,,,,,
BPD,PREPROCESSING,68800030021,BRIGHTSCOPE,FIRM,LA_UPDATED_DATE,,MAP_KNOWLEDGE_DATE,,,,,,,,,
BPD,PREPROCESSING,68800030021,BRIGHTSCOPE,FIRM,NA,,MAP_SUBSET_COLUMN,,,,,,,,,
BPD,PREPROCESSING,68800030021,BRIGHTSCOPE,FIRM,NA,,MAP_SUBSET_COLUMN,,,,,,,,,
PRO,STAGING,68800030021,BRIGHTSCOPE,FIRM,/Preprocessing/Brightscope/Firm/Delta/,,INPUT_PATH,,,,,,,,,
PRO,STAGING,68800030021,BRIGHTSCOPE,FIRM,/Staging_Brightscope/xref_tables/partyXRef/,XREF_PARTY,INPUT_PATH,,,,,,,,,
PRO,STAGING,68800030021,BRIGHTSCOPE,FIRM,/Staging_Brightscope/xref_tables/partyXRef/,XREF_PARTY,OUTPUT_PATH,,,,,,,,,
BPD,STAGING,68800030021,BRIGHTSCOPE,FIRM,XREF_PARTY,XREF_TABLES,LIST,,,,,,,,,
BPD,STAGING,68800030021,BRIGHTSCOPE,FIRM,AI_BATCH_ID,XREF_PARTY,SCHEMA,,,,,,,,,
BPD,STAGING,68800030021,BRIGHTSCOPE,FIRM,AI_SRC_ID,XREF_PARTY,SCHEMA,,,,,,,,,
BPD,STAGING,68800030021,BRIGHTSCOPE,FIRM,AI_EFFECTIVE_DATE,XREF_PARTY,SCHEMA,,,,,,,,,
BPD,STAGING,68800030021,BRIGHTSCOPE,FIRM,AI_KNOWLEDGE_DATE,XREF_PARTY,SCHEMA,,,,,,,,,
BPD,STAGING,68800030021,BRIGHTSCOPE,FIRM,AI_PARTY_ID,XREF_PARTY,SCHEMA,,,,,,,,,
BPD,STAGING,68800030021,BRIGHTSCOPE,FIRM,ID_NAME,XREF_PARTY,SCHEMA,,,,,,,,,
BPD,STAGING,68800030021,BRIGHTSCOPE,FIRM,ID_VALUE,XREF_PARTY,SCHEMA,,,,,,,,,
BPD,STAGING,68800030021,BRIGHTSCOPE,FIRM,FIRM_ID,XREF_PARTY,MAIN_SELECTED_COLUMNS,,,,,,,,,
BPD,STAGING,68800030021,BRIGHTSCOPE,FIRM,AI_SRC_ID,XREF_PARTY,MAIN_SELECTED_COLUMNS,,,,,,,,,
BPD,STAGING,68800030021,BRIGHTSCOPE,FIRM,AI_BATCH_ID,XREF_PARTY,MAIN_SELECTED_COLUMNS,,,,,,,,,
BPD,STAGING,68800030021,BRIGHTSCOPE,FIRM,AI_EFFECTIVE_DATE,XREF_PARTY,MAIN_SELECTED_COLUMNS,,,,,,,,,
BPD,STAGING,68800030021,BRIGHTSCOPE,FIRM,AI_KNOWLEDGE_DATE,XREF_PARTY,MAIN_SELECTED_COLUMNS,,,,,,,,,
BPD,STAGING,68800030021,BRIGHTSCOPE,FIRM,FIRM_ID,XREF_PARTY,TAG_VALUE_COLUMN,,BRIGHTSCOPE_FIRM_ID,,,,,,,
BPD,STAGING,68800030021,BRIGHTSCOPE,FIRM,ID_NAME,XREF_PARTY,TAG_VALUE_MEASURE_COLUMN_NAME,,,,,,,,,
BPD,STAGING,68800030021,BRIGHTSCOPE,FIRM,ID_VALUE,XREF_PARTY,TAG_VALUE_MEASURE_COLUMN_NAME,,,,,,,,,
BPD,STAGING,68800030021,BRIGHTSCOPE,FIRM,ID_NAME,XREF_PARTY,EXCEPT_COLUMN,,,,,,,,,
BPD,STAGING,68800030021,BRIGHTSCOPE,FIRM,ID_VALUE,XREF_PARTY,EXCEPT_COLUMN,,,,,,,,,
BPD,STAGING,68800030021,BRIGHTSCOPE,FIRM,AI_PARTY_ID,XREF_PARTY,AUTOINCREMENT_COLUMN,,,,,,,,,
BPD,STAGING,68800030021,BRIGHTSCOPE,FIRM,FIRM_CRD,XREF_PARTY,SYNONYM_COLUMN,,CRD,,,,,,,
BPD,STAGING,68800030021,BRIGHTSCOPE,FIRM,FIRM_ID,XREF_PARTY,SYNONYM_SELECTED_COLUMN,,,,,,,,,
BPD,STAGING,68800030021,BRIGHTSCOPE,FIRM,FIRM_CRD,XREF_PARTY,SYNONYM_SELECTED_COLUMN,,,,,,,,,
BPD,STAGING,68800030021,BRIGHTSCOPE,FIRM,AI_MEASURE_NAME,XREF_PARTY,SYNONYM_COLUMN_NAME,,,,,,,,,
BPD,STAGING,68800030021,BRIGHTSCOPE,FIRM,AI_MEASURE_VALUE,XREF_PARTY,SYNONYM_COLUMN_NAME,,,,,,,,,
BPD,STAGING,68800030021,BRIGHTSCOPE,FIRM,FIRM_ID,XREF_PARTY,SYNONYM_LOOKUP_COLUMN,,ID_VALUE,,,,,,,
BPD,STAGING,68800030021,BRIGHTSCOPE,FIRM,AI_PARTY_ID,XREF_PARTY,SYNONYM_SUBSET_COLUMN,,,,,,,,,
BPD,STAGING,68800030021,BRIGHTSCOPE,FIRM,AI_MEASURE_NAME,XREF_PARTY,SYNONYM_SUBSET_COLUMN,,,,,,,,,
BPD,STAGING,68800030021,BRIGHTSCOPE,FIRM,AI_MEASURE_VALUE,XREF_PARTY,SYNONYM_SUBSET_COLUMN,,,,,,,,,
BPD,STAGING,68800030021,BRIGHTSCOPE,FIRM,AI_SRC_ID,XREF_PARTY,SYNONYM_SUBSET_COLUMN,,,,,,,,,
BPD,STAGING,68800030021,BRIGHTSCOPE,FIRM,AI_EFFECTIVE_DATE,XREF_PARTY,SYNONYM_SUBSET_COLUMN,,,,,,,,,
BPD,STAGING,68800030021,BRIGHTSCOPE,FIRM,AI_KNOWLEDGE_DATE,XREF_PARTY,SYNONYM_SUBSET_COLUMN,,,,,,,,,
BPD,STAGING,68800030021,BRIGHTSCOPE,FIRM,AI_BATCH_ID,XREF_PARTY,SYNONYM_SUBSET_COLUMN,,,,,,,,,
BPD,STAGING,68800030021,BRIGHTSCOPE,FIRM,AI_PARTY_ID,XREF_PARTY,SYNONYM_UNION_RENAME,,AI_PARTY_ID,,,,,,,
BPD,STAGING,68800030021,BRIGHTSCOPE,FIRM,AI_MEASURE_NAME,XREF_PARTY,SYNONYM_UNION_RENAME,,ID_NAME,,,,,,,
BPD,STAGING,68800030021,BRIGHTSCOPE,FIRM,AI_MEASURE_VALUE,XREF_PARTY,SYNONYM_UNION_RENAME,,ID_VALUE,,,,,,,
BPD,STAGING,68800030021,BRIGHTSCOPE,FIRM,AI_SRC_ID,XREF_PARTY,SYNONYM_UNION_RENAME,,AI_SRC_ID,,,,,,,
BPD,STAGING,68800030021,BRIGHTSCOPE,FIRM,AI_EFFECTIVE_DATE,XREF_PARTY,SYNONYM_UNION_RENAME,,AI_EFFECTIVE_DATE,,,,,,,
BPD,STAGING,68800030021,BRIGHTSCOPE,FIRM,AI_KNOWLEDGE_DATE,XREF_PARTY,SYNONYM_UNION_RENAME,,AI_KNOWLEDGE_DATE,,,,,,,
BPD,STAGING,68800030021,BRIGHTSCOPE,FIRM,AI_BATCH_ID,XREF_PARTY,SYNONYM_UNION_RENAME,,AI_BATCH_ID,,,,,,,
BDP,STAGING,68800030021,BRIGHTSCOPE,FIRM,FACTS_COMPANYFACTS,FACT_TABLES,LIST,,,,,,,,,
PRO,STAGING,68800030021,BRIGHTSCOPE,FIRM,/Staging_Brightscope/xref_tables/partyXRef/*,FACTS_COMPANYFACTS,PARTYXREF_PATH,,,,,,,,,
PRO,STAGING,68800030021,BRIGHTSCOPE,FIRM,/Staging_Brightscope/dimsandfacts/ai_company_fct/,FACTS_COMPANYFACTS,FACT_PATH,,,,,,,,,
PRO,STAGING,68800030021,BRIGHTSCOPE,FIRM,NA,FACTS_COMPANYFACTS,DIMFACT_PATH,,,,,,,,,
PRO,STAGING,68800030021,BRIGHTSCOPE,FIRM,NA,FACTS_COMPANYFACTS,PRODUCTXREF_PATH,,,,,,,,,
BDP,STAGING,68800030021,BRIGHTSCOPE,FIRM,AI_BATCH_ID,FACTS_COMPANYFACTS,MAIN_SELECTED_COLUMN,,,,,,,,,
BDP,STAGING,68800030021,BRIGHTSCOPE,FIRM,AI_SRC_ID,FACTS_COMPANYFACTS,MAIN_SELECTED_COLUMN,,,,,,,,,
BDP,STAGING,68800030021,BRIGHTSCOPE,FIRM,AI_EFFECTIVE_DATE,FACTS_COMPANYFACTS,MAIN_SELECTED_COLUMN,,,,,,,,,
BDP,STAGING,68800030021,BRIGHTSCOPE,FIRM,AI_KNOWLEDGE_DATE,FACTS_COMPANYFACTS,MAIN_SELECTED_COLUMN,,,,,,,,,
BDP,STAGING,68800030021,BRIGHTSCOPE,FIRM,FIRM_ID,FACTS_COMPANYFACTS,MAIN_SELECTED_COLUMN,,,,,,,,,
BDP,STAGING,68800030021,BRIGHTSCOPE,FIRM,AI_BATCH_ID,FACTS_COMPANYFACTS,SCHEMA,,,,,,,,,
BDP,STAGING,68800030021,BRIGHTSCOPE,FIRM,AI_SRC_ID,FACTS_COMPANYFACTS,SCHEMA,,,,,,,,,
BDP,STAGING,68800030021,BRIGHTSCOPE,FIRM,AI_EFFECTIVE_DATE,FACTS_COMPANYFACTS,SCHEMA,,,,,,,,,
BDP,STAGING,68800030021,BRIGHTSCOPE,FIRM,AI_KNOWLEDGE_DATE,FACTS_COMPANYFACTS,SCHEMA,,,,,,,,,
BDP,STAGING,68800030021,BRIGHTSCOPE,FIRM,AI_PARTY_ID,FACTS_COMPANYFACTS,SCHEMA,,,,,,,,,
BDP,STAGING,68800030021,BRIGHTSCOPE,FIRM,SRC_RECORD_IDENTIFIER,FACTS_COMPANYFACTS,SCHEMA,,,,,,,,,
BDP,STAGING,68800030021,BRIGHTSCOPE,FIRM,AI_MEASURE_NAME,FACTS_COMPANYFACTS,SCHEMA,,,,,,,,,
BDP,STAGING,68800030021,BRIGHTSCOPE,FIRM,AI_MEASURE_VALUE,FACTS_COMPANYFACTS,SCHEMA,,,,,,,,,
BDP,STAGING,68800030021,BRIGHTSCOPE,FIRM,AI_PARTY_ID,FACTS_COMPANYFACTS,PARTYXREF_SELECTED_COLUMN,,,,,,,,,
BDP,STAGING,68800030021,BRIGHTSCOPE,FIRM,ID_NAME,FACTS_COMPANYFACTS,PARTYXREF_SELECTED_COLUMN,,,,,,,,,
BDP,STAGING,68800030021,BRIGHTSCOPE,FIRM,ID_VALUE,FACTS_COMPANYFACTS,PARTYXREF_SELECTED_COLUMN,,,,,,,,,
BDP,STAGING,68800030021,BRIGHTSCOPE,FIRM,NA,FACTS_COMPANYFACTS,DIMFACT_SELECTED_COLUMN,,,,,,,,,
BDP,STAGING,68800030021,BRIGHTSCOPE,FIRM,NA,FACTS_COMPANYFACTS,PRODUCTXREF_SELECTED_COLUMN,,,,,,,,,
BDP,STAGING,68800030021,BRIGHTSCOPE,FIRM,NV_INDUSTRY_ID_FIRM,FACTS_COMPANYFACTS,TAG_VALUE_COLUMN,,NV_INDUSTRY_ID_OFFICE,,,,,,,
BDP,STAGING,68800030021,BRIGHTSCOPE,FIRM,FIRM_TYPE,FACTS_COMPANYFACTS,TAG_VALUE_COLUMN,,FIRM_TYPE,,,,,,,
BDP,STAGING,68800030021,BRIGHTSCOPE,FIRM,NUMBER_OF_EMPLOYEES,FACTS_COMPANYFACTS,TAG_VALUE_COLUMN,,NUMBER_OF_EMPLOYEES,,,,,,,
BDP,STAGING,68800030021,BRIGHTSCOPE,FIRM,TOTAL_AUM,FACTS_COMPANYFACTS,TAG_VALUE_COLUMN,,TOTAL_AUM,,,,,,,
BDP,STAGING,68800030021,BRIGHTSCOPE,FIRM,TOTAL_NUMBER_OF_ACCOUNTS,FACTS_COMPANYFACTS,TAG_VALUE_COLUMN,,TOTAL_NUMBER_OF_ACCOUNTS,,,,,,,
BDP,STAGING,68800030021,BRIGHTSCOPE,FIRM,AVERAGE_ACCOUNT_BALANCE,FACTS_COMPANYFACTS,TAG_VALUE_COLUMN,,AVERAGE_ACCOUNT_BALANCE,,,,,,,
BDP,STAGING,68800030021,BRIGHTSCOPE,FIRM,ACTIVE_STATUS,FACTS_COMPANYFACTS,TAG_VALUE_COLUMN,,ACTIVE_STATUS,,,,,,,
BDP,STAGING,68800030021,BRIGHTSCOPE,FIRM,IN_FLUX,FACTS_COMPANYFACTS,TAG_VALUE_COLUMN,,IN_FLUX,,,,,,,
BDP,STAGING,68800030021,BRIGHTSCOPE,FIRM,DATA_PROVIDER,FACTS_COMPANYFACTS,TAG_VALUE_COLUMN,,DATA_PROVIDER,,,,,,,
BDP,STAGING,68800030021,BRIGHTSCOPE,FIRM,IS_CURRENT,FACTS_COMPANYFACTS,TAG_VALUE_COLUMN,,IS_CURRENT,,,,,,,
BDP,STAGING,68800030021,BRIGHTSCOPE,FIRM,LA_BATCH_ID,FACTS_COMPANYFACTS,TAG_VALUE_COLUMN,,LA_BATCH_ID,,,,,,,
BDP,STAGING,68800030021,BRIGHTSCOPE,FIRM,DW_DATE,FACTS_COMPANYFACTS,TAG_VALUE_COLUMN,,DW_DATE,,,,,,,
BDP,STAGING,68800030021,BRIGHTSCOPE,FIRM,LA_CREATED_BY,FACTS_COMPANYFACTS,TAG_VALUE_COLUMN,,LA_CREATED_BY,,,,,,,
BDP,STAGING,68800030021,BRIGHTSCOPE,FIRM,LA_CREATED_DATE,FACTS_COMPANYFACTS,TAG_VALUE_COLUMN,,LA_CREATED_DATE,,,,,,,
BDP,STAGING,68800030021,BRIGHTSCOPE,FIRM,LA_UPDATED_BY,FACTS_COMPANYFACTS,TAG_VALUE_COLUMN,,LA_UPDATED_BY,,,,,,,
BDP,STAGING,68800030021,BRIGHTSCOPE,FIRM,LA_UPDATED_DATE,FACTS_COMPANYFACTS,TAG_VALUE_COLUMN,,LA_UPDATED_DATE,,,,,,,
BDP,STAGING,68800030021,BRIGHTSCOPE,FIRM,AI_MEASURE_NAME,FACTS_COMPANYFACTS,TAG_VALUE_MEASURE_COLUMN_NAME,,,,,,,,,
BDP,STAGING,68800030021,BRIGHTSCOPE,FIRM,AI_MEASURE_VALUE,FACTS_COMPANYFACTS,TAG_VALUE_MEASURE_COLUMN_NAME,,,,,,,,,
BDP,STAGING,68800030021,BRIGHTSCOPE,FIRM,FIRM_ID,FACTS_COMPANYFACTS,XREF_TAG_VALUE_COLUMN,,BRIGHTSCOPE_FIRM_ID,,,,,,,
BDP,STAGING,68800030021,BRIGHTSCOPE,FIRM,ID_NAME,FACTS_COMPANYFACTS,XREF_TAG_VALUE_MEASURE_COLUMN_NAME,,,,,,,,,
BDP,STAGING,68800030021,BRIGHTSCOPE,FIRM,FIRM_ID,FACTS_COMPANYFACTS,XREF_TAG_VALUE_MEASURE_COLUMN_NAME,,,,,,,,,
BDP,STAGING,68800030021,BRIGHTSCOPE,FIRM,PARTYXREF,FACTS_COMPANYFACTS,FIRST_LOOKUP,,,,,,,,,
BDP,STAGING,68800030021,BRIGHTSCOPE,FIRM,FIRM_ID,FACTS_COMPANYFACTS,FIRST_LOOKUP_COLUMN,,ID_VALUE,,,,,,,
BDP,STAGING,68800030021,BRIGHTSCOPE,FIRM,ID_NAME,FACTS_COMPANYFACTS,FIRST_LOOKUP_COLUMN,,ID_NAME,,,,,,,
BDP,STAGING,68800030021,BRIGHTSCOPE,FIRM,NA,FACTS_COMPANYFACTS,SECOND_LOOKUP,,,,,,,,,
BDP,STAGING,68800030021,BRIGHTSCOPE,FIRM,NA,FACTS_COMPANYFACTS,SECOND_LOOKUP_COLUMN,,,,,,,,,
BDP,STAGING,68800030021,BRIGHTSCOPE,FIRM,NA,FACTS_COMPANYFACTS,AUTOINCREMENT_COLUMN,,,,,,,,,
BDP,STAGING,68800030021,BRIGHTSCOPE,FIRM,NA,FACTS_COMPANYFACTS,MAPPING_COLUMN,,,,,,,,,
BDP,STAGING,68800030021,BRIGHTSCOPE,FIRM,DIMENSION_PARTY,DIMENSION_TABLES,LIST,,,,,,,,,
BDP,STAGING,68800030021,BRIGHTSCOPE,FIRM,DIMENSION_ADDRESS,DIMENSION_TABLES,LIST1,,,,,,,,,
PRO,STAGING,68800030021,BRIGHTSCOPE,FIRM,/Staging_Brightscope/xref_tables/partyXRef/*,DIMENSION_PARTY,XREF_PATH,,,,,,,,,
PRO,STAGING,68800030021,BRIGHTSCOPE,FIRM,/Staging_Brightscope/dimsandfacts/ai_party/,DIMENSION_PARTY,OUTPUT_PATH,,,,,,,,,
BDP,STAGING,68800030021,BRIGHTSCOPE,FIRM,AI_BATCH_ID,DIMENSION_PARTY,MAIN_SELECTED_COLUMNS,,,,,,,,,
BDP,STAGING,68800030021,BRIGHTSCOPE,FIRM,AI_SRC_ID,DIMENSION_PARTY,MAIN_SELECTED_COLUMNS,,,,,,,,,
BDP,STAGING,68800030021,BRIGHTSCOPE,FIRM,AI_EFFECTIVE_DATE,DIMENSION_PARTY,MAIN_SELECTED_COLUMNS,,,,,,,,,
BDP,STAGING,68800030021,BRIGHTSCOPE,FIRM,AI_KNOWLEDGE_DATE,DIMENSION_PARTY,MAIN_SELECTED_COLUMNS,,,,,,,,,
BDP,STAGING,68800030021,BRIGHTSCOPE,FIRM,FIRM_ID,DIMENSION_PARTY,MAIN_SELECTED_COLUMNS,,,,,,,,,
BDP,STAGING,68800030021,BRIGHTSCOPE,FIRM,FIRM_NAME,DIMENSION_PARTY,MAIN_SELECTED_COLUMNS,,,,,,,,,
BDP,STAGING,68800030021,BRIGHTSCOPE,FIRM,FIRM_ID,DIMENSION_PARTY,MAPPING_COLUMN,,SRC_PARTY_ID,,,,,,,
BDP,STAGING,68800030021,BRIGHTSCOPE,FIRM,FIRM_NAME,DIMENSION_PARTY,MAPPING_COLUMN,,NAME,,,,,,,
BDP,STAGING,68800030021,BRIGHTSCOPE,FIRM,SRC_PARTY_ID,DIMENSION_PARTY,EXCEPT_COLUMNS,,,,,,,,,
BDP,STAGING,68800030021,BRIGHTSCOPE,FIRM,NAME,DIMENSION_PARTY,EXCEPT_COLUMNS,,,,,,,,,
BDP,STAGING,68800030021,BRIGHTSCOPE,FIRM,AI_SRC_ID,DIMENSION_PARTY,EXCEPT_COLUMNS,,,,,,,,,
BDP,STAGING,68800030021,BRIGHTSCOPE,FIRM,AI_PARTY_ID,DIMENSION_PARTY,XREF_SELECTED_COLUMN,,,,,,,,,
BDP,STAGING,68800030021,BRIGHTSCOPE,FIRM,ID_NAME,DIMENSION_PARTY,XREF_SELECTED_COLUMN,,,,,,,,,
BDP,STAGING,68800030021,BRIGHTSCOPE,FIRM,ID_VALUE,DIMENSION_PARTY,XREF_SELECTED_COLUMN,,,,,,,,,
BDP,STAGING,68800030021,BRIGHTSCOPE,FIRM,FIRM_ID,DIMENSION_PARTY,XREF_TAG_VALUE_COLUMN,,BRIGHTSCOPE_FIRM_ID,,,,,,,
BDP,STAGING,68800030021,BRIGHTSCOPE,FIRM,ID_NAME,DIMENSION_PARTY,XREF_TAG_VALUE_MEASURE_COLUMN_NAME,,,,,,,,,
BDP,STAGING,68800030021,BRIGHTSCOPE,FIRM,FIRM_ID,DIMENSION_PARTY,XREF_TAG_VALUE_MEASURE_COLUMN_NAME,,,,,,,,,
BDP,STAGING,68800030021,BRIGHTSCOPE,FIRM,PARTY_TYPE,DIMENSION_PARTY,ADDITIONAL_COLUMNS,,COMPANY,,,,,,,
BDP,STAGING,68800030021,BRIGHTSCOPE,FIRM,PARTYXREF,DIMENSION_PARTY,FIRST_LOOKUP,,,,,,,,,
BDP,STAGING,68800030021,BRIGHTSCOPE,FIRM,FIRM_ID,DIMENSION_PARTY,FIRST_LOOKUP_COLUMNS,,ID_VALUE,,,,,,,
BDP,STAGING,68800030021,BRIGHTSCOPE,FIRM,ID_NAME,DIMENSION_PARTY,FIRST_LOOKUP_COLUMNS,,ID_NAME,,,,,,,
BDP,STAGING,68800030021,BRIGHTSCOPE,FIRM,AI_BATCH_ID,DIMENSION_PARTY,SCHEMA,,,,,,,,,
BDP,STAGING,68800030021,BRIGHTSCOPE,FIRM,AI_SRC_ID,DIMENSION_PARTY,SCHEMA,,,,,,,,,
BDP,STAGING,68800030021,BRIGHTSCOPE,FIRM,AI_EFFECTIVE_DATE,DIMENSION_PARTY,SCHEMA,,,,,,,,,
BDP,STAGING,68800030021,BRIGHTSCOPE,FIRM,AI_KNOWLEDGE_DATE,DIMENSION_PARTY,SCHEMA,,,,,,,,,
BDP,STAGING,68800030021,BRIGHTSCOPE,FIRM,AI_PARTY_ID,DIMENSION_PARTY,SCHEMA,,,,,,,,,
BDP,STAGING,68800030021,BRIGHTSCOPE,FIRM,SRC_PARTY_ID,DIMENSION_PARTY,SCHEMA,,,,,,,,,
BDP,STAGING,68800030021,BRIGHTSCOPE,FIRM,NAME,DIMENSION_PARTY,SCHEMA,,,,,,,,,
BDP,STAGING,68800030021,BRIGHTSCOPE,FIRM,PARTY_TYPE,DIMENSION_PARTY,SCHEMA,,,,,,,,,
PRO,STAGING,68800030021,BRIGHTSCOPE,FIRM,/Staging_Brightscope/dimsandfacts/ai_address/,DIMENSION_ADDRESS,OUTPUT_PATH,,,,,,,,,
BPD,STAGING,68800030021,BRIGHTSCOPE,FIRM,STREET_ADDRESS,DIMENSION_ADDRESS,MAPPING_COLUMN,,ADDRESS_LINE_1,,,,,,,
BPD,STAGING,68800030021,BRIGHTSCOPE,FIRM,CITY,DIMENSION_ADDRESS,MAPPING_COLUMN,,CITY,,,,,,,
BPD,STAGING,68800030021,BRIGHTSCOPE,FIRM,STATE,DIMENSION_ADDRESS,MAPPING_COLUMN,,STATE_OR_PROVINCE_CODE,,,,,,,
BPD,STAGING,68800030021,BRIGHTSCOPE,FIRM,ZIP,DIMENSION_ADDRESS,MAPPING_COLUMN,,ZIP,,,,,,,
BPD,STAGING,68800030021,BRIGHTSCOPE,FIRM,ADDRESS_LINE_1,DIMENSION_ADDRESS,EXCEPT_COLUMN,,,,,,,,,
BPD,STAGING,68800030021,BRIGHTSCOPE,FIRM,CITY,DIMENSION_ADDRESS,EXCEPT_COLUMN,,,,,,,,,
BPD,STAGING,68800030021,BRIGHTSCOPE,FIRM,STATE_OR_PROVINCE_CODE,DIMENSION_ADDRESS,EXCEPT_COLUMN,,,,,,,,,
BPD,STAGING,68800030021,BRIGHTSCOPE,FIRM,ZIP,DIMENSION_ADDRESS,EXCEPT_COLUMN,,,,,,,,,
BPD,STAGING,68800030021,BRIGHTSCOPE,FIRM,AI_ADDRESS_ID,DIMENSION_ADDRESS,SCHEMA,,,,,,,,,
BPD,STAGING,68800030021,BRIGHTSCOPE,FIRM,ADDRESS_LINE_1,DIMENSION_ADDRESS,SCHEMA,,,,,,,,,
BPD,STAGING,68800030021,BRIGHTSCOPE,FIRM,CITY,DIMENSION_ADDRESS,SCHEMA,,,,,,,,,
BPD,STAGING,68800030021,BRIGHTSCOPE,FIRM,STATE_OR_PROVINCE_CODE,DIMENSION_ADDRESS,SCHEMA,,,,,,,,,
BPD,STAGING,68800030021,BRIGHTSCOPE,FIRM,ZIP,DIMENSION_ADDRESS,SCHEMA,,,,,,,,,
BPD,STAGING,68800030021,BRIGHTSCOPE,FIRM,AI_ADDRESS_ID,DIMENSION_ADDRESS,AUTOINCREMENT_COLUMN,,,,,,,,,
BPD,STAGING,68800030021,BRIGHTSCOPE,FIRM,RELATION_PARTY_ADDRESS,RELATION_TABLES,LIST,,,,,,,,,
PRO,STAGING,68800030021,BRIGHTSCOPE,FIRM,/Staging_Brightscope/xref_tables/partyXRef/,RELATION_PARTY_ADDRESS,XREF_PATH,,,,,,,,,
PRO,STAGING,68800030021,BRIGHTSCOPE,FIRM,/Staging_Brightscope/dimsandfacts/ai_address/,RELATION_PARTY_ADDRESS,DIMFACT_PATH,,,,,,,,,
PRO,STAGING,68800030021,BRIGHTSCOPE,FIRM,/Staging_Brightscope/rel_type_lookup/*,RELATION_PARTY_ADDRESS,RELTYPETABLE_PATH,,,,,,,,,
PRO,STAGING,68800030021,BRIGHTSCOPE,FIRM,/Staging_Brightscope/relation/ai_rel_party_address/,RELATION_PARTY_ADDRESS,RELATION_PATH,,,,,,,,,
BPD,STAGING,68800030021,BRIGHTSCOPE,FIRM,AI_BATCH_ID,RELATION_PARTY_ADDRESS,SCHEMA,,,,,,,,,
BPD,STAGING,68800030021,BRIGHTSCOPE,FIRM,AI_SRC_ID,RELATION_PARTY_ADDRESS,SCHEMA,,,,,,,,,
BPD,STAGING,68800030021,BRIGHTSCOPE,FIRM,AI_EFFECTIVE_DATE,RELATION_PARTY_ADDRESS,SCHEMA,,,,,,,,,
BPD,STAGING,68800030021,BRIGHTSCOPE,FIRM,AI_KNOWLEDGE_DATE,RELATION_PARTY_ADDRESS,SCHEMA,,,,,,,,,
BPD,STAGING,68800030021,BRIGHTSCOPE,FIRM,AI_PARTY_ID,RELATION_PARTY_ADDRESS,SCHEMA,,,,,,,,,
BPD,STAGING,68800030021,BRIGHTSCOPE,FIRM,AI_ADDRESS_ID,RELATION_PARTY_ADDRESS,SCHEMA,,,,,,,,,
BPD,STAGING,68800030021,BRIGHTSCOPE,FIRM,REL_TYPE,RELATION_PARTY_ADDRESS,SCHEMA,,,,,,,,,
BPD,STAGING,68800030021,BRIGHTSCOPE,FIRM,AI_REL_PARTY_ADDRESS_SEQ,RELATION_PARTY_ADDRESS,SCHEMA,,,,,,,,,
BPD,STAGING,68800030021,BRIGHTSCOPE,FIRM,AI_BATCH_ID,RELATION_PARTY_ADDRESS,MAIN_SELECTED_COLUMN,,,,,,,,,
BPD,STAGING,68800030021,BRIGHTSCOPE,FIRM,AI_SRC_ID,RELATION_PARTY_ADDRESS,MAIN_SELECTED_COLUMN,,,,,,,,,
BPD,STAGING,68800030021,BRIGHTSCOPE,FIRM,AI_EFFECTIVE_DATE,RELATION_PARTY_ADDRESS,MAIN_SELECTED_COLUMN,,,,,,,,,
BPD,STAGING,68800030021,BRIGHTSCOPE,FIRM,AI_KNOWLEDGE_DATE,RELATION_PARTY_ADDRESS,MAIN_SELECTED_COLUMN,,,,,,,,,
BPD,STAGING,68800030021,BRIGHTSCOPE,FIRM,FIRM_ID,RELATION_PARTY_ADDRESS,MAIN_SELECTED_COLUMN,,,,,,,,,
BPD,STAGING,68800030021,BRIGHTSCOPE,FIRM,STREET_ADDRESS,RELATION_PARTY_ADDRESS,MAIN_SELECTED_COLUMN,,,,,,,,,
BPD,STAGING,68800030021,BRIGHTSCOPE,FIRM,CITY,RELATION_PARTY_ADDRESS,MAIN_SELECTED_COLUMN,,,,,,,,,
BPD,STAGING,68800030021,BRIGHTSCOPE,FIRM,STATE,RELATION_PARTY_ADDRESS,MAIN_SELECTED_COLUMN,,,,,,,,,
BPD,STAGING,68800030021,BRIGHTSCOPE,FIRM,ZIP,RELATION_PARTY_ADDRESS,MAIN_SELECTED_COLUMN,,,,,,,,,
BPD,STAGING,68800030021,BRIGHTSCOPE,FIRM,AI_PARTY_ID,RELATION_PARTY_ADDRESS,XREF_SELECTED_COLUMN,,,,,,,,,
BPD,STAGING,68800030021,BRIGHTSCOPE,FIRM,ID_VALUE,RELATION_PARTY_ADDRESS,XREF_SELECTED_COLUMN,,,,,,,,,
BPD,STAGING,68800030021,BRIGHTSCOPE,FIRM,ID_NAME,RELATION_PARTY_ADDRESS,XREF_SELECTED_COLUMN,,,,,,,,,
BPD,STAGING,68800030021,BRIGHTSCOPE,FIRM,AI_ADDRESS_ID,RELATION_PARTY_ADDRESS,DIMFACT_SELECTED_COLUMN,,,,,,,,,
BPD,STAGING,68800030021,BRIGHTSCOPE,FIRM,ADDRESS_LINE_1,RELATION_PARTY_ADDRESS,DIMFACT_SELECTED_COLUMN,,,,,,,,,
BPD,STAGING,68800030021,BRIGHTSCOPE,FIRM,CITY,RELATION_PARTY_ADDRESS,DIMFACT_SELECTED_COLUMN,,,,,,,,,
BPD,STAGING,68800030021,BRIGHTSCOPE,FIRM,STATE_OR_PROVINCE_CODE,RELATION_PARTY_ADDRESS,DIMFACT_SELECTED_COLUMN,,,,,,,,,
BPD,STAGING,68800030021,BRIGHTSCOPE,FIRM,ZIP,RELATION_PARTY_ADDRESS,DIMFACT_SELECTED_COLUMN,,,,,,,,,
BPD,STAGING,68800030021,BRIGHTSCOPE,FIRM,FIRM_ID,RELATION_PARTY_ADDRESS,XREF_TAG_VALUE_COLUMN,,BRIGHTSCOPE_FIRM_ID,,,,,,,
BPD,STAGING,68800030021,BRIGHTSCOPE,FIRM,ID_NAME,RELATION_PARTY_ADDRESS,XREF_TAG_VALUE_MEASURE_COLUMN_NAME,,,,,,,,,
BPD,STAGING,68800030021,BRIGHTSCOPE,FIRM,FIRM_ID,RELATION_PARTY_ADDRESS,XREF_TAG_VALUE_MEASURE_COLUMN_NAME,,,,,,,,,
BPD,STAGING,68800030021,BRIGHTSCOPE,FIRM,STREET_ADDRESS,RELATION_PARTY_ADDRESS,TAG_VALUE_COLUMN,,PRIMARY,,,,,,,
BPD,STAGING,68800030021,BRIGHTSCOPE,FIRM,VALUE,RELATION_PARTY_ADDRESS,TAG_VALUE_MEASURE_COLUMN_NAME,,,,,,,,,
BPD,STAGING,68800030021,BRIGHTSCOPE,FIRM,STREET_ADDRESS,RELATION_PARTY_ADDRESS,TAG_VALUE_MEASURE_COLUMN_NAME,,,,,,,,,
BPD,STAGING,68800030021,BRIGHTSCOPE,FIRM,FIRM_ID,RELATION_PARTY_ADDRESS,FIRST_LOOKUP_COLUMN,,ID_VALUE,,,,,,,
BPD,STAGING,68800030021,BRIGHTSCOPE,FIRM,ID_NAME,RELATION_PARTY_ADDRESS,FIRST_LOOKUP_COLUMN,,ID_NAME,,,,,,,
BPD,STAGING,68800030021,BRIGHTSCOPE,FIRM,NA,RELATION_PARTY_ADDRESS,FIRST_LOOKUP_COLUMN_RENAME,,,,,,,,,
BPD,STAGING,68800030021,BRIGHTSCOPE,FIRM,STREET_ADDRESS,RELATION_PARTY_ADDRESS,SECOND_LOOKUP_COLUMN,,ADDRESS_LINE_1,,,,,,,
BPD,STAGING,68800030021,BRIGHTSCOPE,FIRM,CITY,RELATION_PARTY_ADDRESS,SECOND_LOOKUP_COLUMN,,CITY,,,,,,,
BPD,STAGING,68800030021,BRIGHTSCOPE,FIRM,STATE,RELATION_PARTY_ADDRESS,SECOND_LOOKUP_COLUMN,,STATE_OR_PROVINCE_CODE,,,,,,,
BPD,STAGING,68800030021,BRIGHTSCOPE,FIRM,ZIP,RELATION_PARTY_ADDRESS,SECOND_LOOKUP_COLUMN,,ZIP,,,,,,,
BPD,STAGING,68800030021,BRIGHTSCOPE,FIRM,DIMFACT,RELATION_PARTY_ADDRESS,SECOND_LOOKUP,,,,,,,,,
BPD,STAGING,68800030021,BRIGHTSCOPE,FIRM,XREF,RELATION_PARTY_ADDRESS,FIRST_LOOKUP,,,,,,,,,
BPD,STAGING,68800030021,BRIGHTSCOPE,FIRM,NA,RELATION_PARTY_ADDRESS,SECOND_LOOKUP_COLUMN_RENAME,,,,,,,,,
BPD,STAGING,68800030021,BRIGHTSCOPE,FIRM,AI_REL_PARTY_ADDRESS_SEQ,RELATION_PARTY_ADDRESS,AUTOINCREMENT_COLUMN,,,,,,,,,
BPD,STAGING,68800030021,BRIGHTSCOPE,FIRM,VALUE,RELATION_PARTY_ADDRESS,RELTYPE_LOOKUP_COLUMN,,VALUE,,,,,,,
