TYPE,ARCHITECTURE_LAYER,SOURCE_ID,SOURCE_NAME,FILE_NAME,SRC_FIELD,TARGET_TABLE,ACTION,TARGET_O,TARGET_C,STATUS,SEVERITY,CONTEXT,CASCADE COL,EFFECTIVE_DATE,KNOWLEDGE_DATE,
ENV,PREPROCESSING,"""0068800010001""",TIAA_SALESFORCE,ACCOUNT,s3a://ai-0068800-processing/,,BUCKET_NAME,NA,NA,NA,NA,NA,NA,NA,NA,NA
,,,,,,,,,,,,,,,,
,,,,,,,,,,,,,,,,
PRO,PREPROCESSING,68800010001,TIAA_SALESFORCE,ACCOUNT,Landing/TIAA_SFDC/Account/*,,INPUT_PATH,,,,,,,,,
PRO,PREPROCESSING,68800010001,TIAA_SALESFORCE,ACCOUNT,common_lookup/*,,SOURCE_LOOKUP_TABLE_PATH,,,,,,,,,
PRO,PREPROCESSING,68800010001,TIAA_SALESFORCE,ACCOUNT,Preprocessing/TIAA_SFDC/Account/Delta/,,OUTPUT_PATH,,,,,,,,,
PRO,PREPROCESSING,68800010001,TIAA_SALESFORCE,ACCOUNT,Preprocessing/TIAA_SFDC/Account/processed/,,PROCESSED_PATH,,,,,,,,,
PRO,PREPROCESSING,68800010001,TIAA_SALESFORCE,ACCOUNT,yyyy-MM-dd'T'HH:mm:ss,,KNOWLEDGE_DATE_INPUT_FORMAT,,,,,,,,,
PRO,PREPROCESSING,68800010001,TIAA_SALESFORCE,ACCOUNT,yyyy-MM-dd'T'HH:mm:ss,,EFFECTIVE_DATE_INPUT_FORMAT,,,,,,,,,
PRO,PREPROCESSING,68800010001,TIAA_SALESFORCE,ACCOUNT,BatchTable/,,BATCHTABLE_PATH,,,,,,,,,
PRO,STAGING,68800010001,TIAA_SALESFORCE,ACCOUNT,Preprocessing/TIAA_SFDC/Account/Delta/,,INPUT_PATH,,,,,,,,,
,,,,,,,,,,,,,,,,
PRO,STAGING,68800010001,TIAA_SALESFORCE,ACCOUNT,Staging/dimsandfacts/ai_address_api_integrate/,DIMENSION_ADDRESS,OUTPUT_PATH,,,,,,,,,
PRO,STAGING,68800010001,TIAA_SALESFORCE,ACCOUNT,Staging/dimsandfacts/ai_address_api_integrate/,DIMENSION_ADDRESS1,OUTPUT_PATH,,,,,,,,,
PRO,STAGING,68800010001,TIAA_SALESFORCE,ACCOUNT,Staging/dimsandfacts/ai_phone/,DIMENSION_PHONE,XREF_PATH,,,,,,,,,
PRO,STAGING,68800010001,TIAA_SALESFORCE,ACCOUNT,Staging/xref_tables/partyXRef/*,DIMENSION_PARTY,OUTPUT_PATH,,,,,,,,,
PRO,STAGING,68800010001,TIAA_SALESFORCE,ACCOUNT,Staging/dimsandfacts/ai_party/,DIMENSION_PARTY,PARTYXREF_PATH,,,,,,,,,
PRO,STAGING,68800010001,TIAA_SALESFORCE,ACCOUNT,Staging/xref_tables/partyXRef/*,FACTS_COMPANYFACTS,FACT_PATH,,,,,,,,,
PRO,STAGING,68800010001,TIAA_SALESFORCE,ACCOUNT,Staging/dimsandfacts/ai_company_fct/,FACTS_COMPANYFACTS,DIMFACT_PATH,,,,,,,,,
PRO,STAGING,68800010001,TIAA_SALESFORCE,ACCOUNT,NA,FACTS_COMPANYFACTS,PRODUCTXREF_PATH,,,,,,,,,
PRO,STAGING,68800010001,TIAA_SALESFORCE,ACCOUNT,NA,FACTS_COMPANYFACTS,INPUT_PATH,,,,,,,,,
PRO,STAGING,68800010001,TIAA_SALESFORCE,ACCOUNT,Staging/xref_tables/partyXRef/,XREF_PARTY,OUTPUT_PATH,,,,,,,,,
PRO,STAGING,68800010001,TIAA_SALESFORCE,ACCOUNT,Staging/xref_tables/partyXRef/,XREF_PARTY,XREF_PATH,,,,,,,,,
PRO,STAGING,68800010001,TIAA_SALESFORCE,ACCOUNT,Staging/xref_tables/partyXRef/*,RELATION_PARTY_ADDRESS,XREF_PATH,,,,,,,,,
PRO,STAGING,68800010001,TIAA_SALESFORCE,ACCOUNT,Staging/dimsandfacts/ai_address_api_integrate/,RELATION_PARTY_ADDRESS,DIMFACT_PATH,,,,,,,,,
PRO,STAGING,68800010001,TIAA_SALESFORCE,ACCOUNT,Staging/rel_type_lookup/*,RELATION_PARTY_ADDRESS,RELTYPETABLE_PATH,,,,,,,,,
PRO,STAGING,68800010001,TIAA_SALESFORCE,ACCOUNT,Staging/relation/ai_rel_party_address/,RELATION_PARTY_ADDRESS,RELATION_PATH,,,,,,,,,
PRO,STAGING,68800010001,TIAA_SALESFORCE,ACCOUNT,Staging/xref_tables/partyxref/*,RELATION_PARTY_PHONE,DIMFACT_PATH,,,,,,,,,
PRO,STAGING,68800010001,TIAA_SALESFORCE,ACCOUNT,Staging/dimsandfacts/ai_phone/,RELATION_PARTY_PHONE,RELTYPETABLE_PATH,,,,,,,,,
PRO,STAGING,68800010001,TIAA_SALESFORCE,ACCOUNT,Staging/rel_type_lookup/*,RELATION_PARTY_PHONE,RELATION_PATH,,,,,,,,,
PRO,STAGING,68800010001,TIAA_SALESFORCE,ACCOUNT,Staging/relation/ai_rel_party_phone/,RELATION_PARTY_PHONE,XREF_PATH,,,,,,,,,
PRO,STAGING,68800010001,TIAA_SALESFORCE,ACCOUNT,Staging/xref_tables/partyxref/*,RELATION_PARTY_PARTY,DIMFACT_PATH,,,,,,,,,
PRO,STAGING,68800010001,TIAA_SALESFORCE,ACCOUNT,Staging/dimsandfacts/ai_party/,RELATION_PARTY_PARTY,RELTYPETABLE_PATH,,,,,,,,,
PRO,STAGING,68800010001,TIAA_SALESFORCE,ACCOUNT,Staging/rel_type_lookup/*,RELATION_PARTY_PARTY,RELATION_PATH,,,,,,,,,
PRO,STAGING,68800010001,TIAA_SALESFORCE,ACCOUNT,Staging/relation/ai_rel_party_party/,RELATION_PARTY_PARTY,,,,,,,,,,
,,,,,,,KEY_FIELD_VALIDATION,,ID,,,,,,,
OPS,PREPROCESSING,68800010001,TIAA_SALESFORCE,ACCOUNT,,,,,,,,,,,,
,,,,,,,,,,,,,,,,
,,,,,,,MAP_EFFECTIVE_DATE,,,,,,,,,
BPD,PREPROCESSING,68800010001,TIAA_SALESFORCE,ACCOUNT,CREATEDDATE,,MAP_KNOWLEDGE_DATE,,,,,,,,,
BPD,PREPROCESSING,68800010001,TIAA_SALESFORCE,ACCOUNT,LASTMODIFIEDDATE,,MAP_SUBSET_COLUMN,,,,,,,,,
BPD,PREPROCESSING,68800010001,TIAA_SALESFORCE,ACCOUNT,CONTACT_MDM_ID,,MAP_SUBSET_COLUMN,,,,,,,,,
BPD,PREPROCESSING,68800010001,TIAA_SALESFORCE,ACCOUNT,RELTN_MDM_ID,,,,,,,,,,,
,,,,,,,,,,,,,,,,
BPD,STAGING,68800010001,TIAA_SALESFORCE,ACCOUNT,XREF_PARTY,XREF_TABLES,LIST,,,,,,,,,
BPD,STAGING,68800010001,TIAA_SALESFORCE,ACCOUNT,AI_BATCH_ID,XREF_PARTY,SCHEMA,,,,,,,,,
BPD,STAGING,68800010001,TIAA_SALESFORCE,ACCOUNT,AI_SRC_ID,XREF_PARTY,SCHEMA,,,,,,,,,
BPD,STAGING,68800010001,TIAA_SALESFORCE,ACCOUNT,AI_EFFECTIVE_DATE,XREF_PARTY,SCHEMA,,,,,,,,,
BPD,STAGING,68800010001,TIAA_SALESFORCE,ACCOUNT,AI_KNOWLEDGE_DATE,XREF_PARTY,SCHEMA,,,,,,,,,
BPD,STAGING,68800010001,TIAA_SALESFORCE,ACCOUNT,AI_PARTY_ID,XREF_PARTY,SCHEMA,,,,,,,,,
BPD,STAGING,68800010001,TIAA_SALESFORCE,ACCOUNT,ID_NAME,XREF_PARTY,SCHEMA,,,,,,,,,
BPD,STAGING,68800010001,TIAA_SALESFORCE,ACCOUNT,ID_VALUE,XREF_PARTY,SCHEMA,,,,,,,,,
BPD,STAGING,68800010001,TIAA_SALESFORCE,ACCOUNT,ID,XREF_PARTY,MAIN_SELECTED_COLUMNS,,,,,,,,,
BPD,STAGING,68800010001,TIAA_SALESFORCE,ACCOUNT,PARENTID,XREF_PARTY,MAIN_SELECTED_COLUMNS,,,,,,,,,
BPD,STAGING,68800010001,TIAA_SALESFORCE,ACCOUNT,AI_SRC_ID,XREF_PARTY,MAIN_SELECTED_COLUMNS,,,,,,,,,
BPD,STAGING,68800010001,TIAA_SALESFORCE,ACCOUNT,AI_BATCH_ID,XREF_PARTY,MAIN_SELECTED_COLUMNS,,,,,,,,,
BPD,STAGING,68800010001,TIAA_SALESFORCE,ACCOUNT,AI_EFFECTIVE_DATE,XREF_PARTY,MAIN_SELECTED_COLUMNS,,,,,,,,,
BPD,STAGING,68800010001,TIAA_SALESFORCE,ACCOUNT,AI_KNOWLEDGE_DATE,XREF_PARTY,MAIN_SELECTED_COLUMNS,,,,,,,,,
BPD,STAGING,68800010001,TIAA_SALESFORCE,ACCOUNT,ID,XREF_PARTY,TAG_VALUE_COLUMN,,TIAA_SFDC#1,,,,,,,
BPD,STAGING,68800010001,TIAA_SALESFORCE,ACCOUNT,PARENTID,XREF_PARTY,TAG_VALUE_COLUMN,,TIAA_SFDC#2,,,,,,,
BPD,STAGING,68800010001,TIAA_SALESFORCE,ACCOUNT,ID_NAME,XREF_PARTY,TAG_VALUE_MEASURE_COLUMN_NAME,,,,,,,,,
BPD,STAGING,68800010001,TIAA_SALESFORCE,ACCOUNT,ID_VALUE,XREF_PARTY,TAG_VALUE_MEASURE_COLUMN_NAME,,,,,,,,,
BPD,STAGING,68800010001,TIAA_SALESFORCE,ACCOUNT,ID_NAME,XREF_PARTY,EXCEPT_COLUMN,,,,,,,,,
BPD,STAGING,68800010001,TIAA_SALESFORCE,ACCOUNT,ID_VALUE,XREF_PARTY,EXCEPT_COLUMN,,,,,,,,,
BPD,STAGING,68800010001,TIAA_SALESFORCE,ACCOUNT,AI_PARTY_ID,XREF_PARTY,AUTOINCREMENT_COLUMN,,,,,,,,,
BPD,STAGING,68800010001,TIAA_SALESFORCE,ACCOUNT,CRD__C,XREF_PARTY,SYNONYM_COLUMN,,CRD,,,,,,,
BPD,STAGING,68800010001,TIAA_SALESFORCE,ACCOUNT,CRMOD_ID__C,XREF_PARTY,SYNONYM_COLUMN,,CRMOD_ID,,,,,,,
BPD,STAGING,68800010001,TIAA_SALESFORCE,ACCOUNT,MMD__C,XREF_PARTY,SYNONYM_COLUMN,,MMD_COMPANY_ID,,,,,,,
BPD,STAGING,68800010001,TIAA_SALESFORCE,ACCOUNT,TIAA_SIEBEL_ROW_ID__C,XREF_PARTY,SYNONYM_COLUMN,,SIEBEL_ID,,,,,,,
BPD,STAGING,68800010001,TIAA_SALESFORCE,ACCOUNT,TIAA_SFDC_ID__C,XREF_PARTY,SYNONYM_COLUMN,,TIAA_SFDC_ID,,,,,,,
BPD,STAGING,68800010001,TIAA_SALESFORCE,ACCOUNT,EIN__C,XREF_PARTY,SYNONYM_COLUMN,,EIN,,,,,,,
BPD,STAGING,68800010001,TIAA_SALESFORCE,ACCOUNT,NUVEEN_ID__C,XREF_PARTY,SYNONYM_COLUMN,,NUVEEN_ID,,,,,,,
BPD,STAGING,68800010001,TIAA_SALESFORCE,ACCOUNT,ID,XREF_PARTY,SYNONYM_SELECTED_COLUMN,,,,,,,,,
BPD,STAGING,68800010001,TIAA_SALESFORCE,ACCOUNT,PARENTID,XREF_PARTY,SYNONYM_SELECTED_COLUMN,,,,,,,,,
BPD,STAGING,68800010001,TIAA_SALESFORCE,ACCOUNT,CRD__C,XREF_PARTY,SYNONYM_SELECTED_COLUMN,,,,,,,,,
BPD,STAGING,68800010001,TIAA_SALESFORCE,ACCOUNT,CRMOD_ID__C,XREF_PARTY,SYNONYM_SELECTED_COLUMN,,,,,,,,,
BPD,STAGING,68800010001,TIAA_SALESFORCE,ACCOUNT,MMD__C,XREF_PARTY,SYNONYM_SELECTED_COLUMN,,,,,,,,,
BPD,STAGING,68800010001,TIAA_SALESFORCE,ACCOUNT,TIAA_SIEBEL_ROW_ID__C,XREF_PARTY,SYNONYM_SELECTED_COLUMN,,,,,,,,,
BPD,STAGING,68800010001,TIAA_SALESFORCE,ACCOUNT,TIAA_SFDC_ID__C,XREF_PARTY,SYNONYM_SELECTED_COLUMN,,,,,,,,,
BPD,STAGING,68800010001,TIAA_SALESFORCE,ACCOUNT,EIN__C,XREF_PARTY,SYNONYM_SELECTED_COLUMN,,,,,,,,,
BPD,STAGING,68800010001,TIAA_SALESFORCE,ACCOUNT,NUVEEN_ID__C,XREF_PARTY,SYNONYM_SELECTED_COLUMN,,,,,,,,,
BPD,STAGING,68800010001,TIAA_SALESFORCE,ACCOUNT,AI_MEASURE_NAME,XREF_PARTY,SYNONYM_COLUMN_NAME,,,,,,,,,
BPD,STAGING,68800010001,TIAA_SALESFORCE,ACCOUNT,AI_MEASURE_VALUE,XREF_PARTY,SYNONYM_COLUMN_NAME,,,,,,,,,
BPD,STAGING,68800010001,TIAA_SALESFORCE,ACCOUNT,ID,XREF_PARTY,SYNONYM_LOOKUP_COLUMN,,ID_VALUE,,,,,,,
BPD,STAGING,68800010001,TIAA_SALESFORCE,ACCOUNT,AI_PARTY_ID,XREF_PARTY,SYNONYM_SUBSET_COLUMN,,,,,,,,,
BPD,STAGING,68800010001,TIAA_SALESFORCE,ACCOUNT,AI_MEASURE_NAME,XREF_PARTY,SYNONYM_SUBSET_COLUMN,,,,,,,,,
BPD,STAGING,68800010001,TIAA_SALESFORCE,ACCOUNT,AI_MEASURE_VALUE,XREF_PARTY,SYNONYM_SUBSET_COLUMN,,,,,,,,,
BPD,STAGING,68800010001,TIAA_SALESFORCE,ACCOUNT,AI_SRC_ID,XREF_PARTY,SYNONYM_SUBSET_COLUMN,,,,,,,,,
BPD,STAGING,68800010001,TIAA_SALESFORCE,ACCOUNT,AI_EFFECTIVE_DATE,XREF_PARTY,SYNONYM_SUBSET_COLUMN,,,,,,,,,
BPD,STAGING,68800010001,TIAA_SALESFORCE,ACCOUNT,AI_KNOWLEDGE_DATE,XREF_PARTY,SYNONYM_SUBSET_COLUMN,,,,,,,,,
BPD,STAGING,68800010001,TIAA_SALESFORCE,ACCOUNT,AI_BATCH_ID,XREF_PARTY,SYNONYM_SUBSET_COLUMN,,,,,,,,,
BPD,STAGING,68800010001,TIAA_SALESFORCE,ACCOUNT,AI_PARTY_ID,XREF_PARTY,SYNONYM_UNION_RENAME,,AI_PARTY_ID,,,,,,,
BPD,STAGING,68800010001,TIAA_SALESFORCE,ACCOUNT,AI_MEASURE_NAME,XREF_PARTY,SYNONYM_UNION_RENAME,,ID_NAME,,,,,,,
BPD,STAGING,68800010001,TIAA_SALESFORCE,ACCOUNT,AI_MEASURE_VALUE,XREF_PARTY,SYNONYM_UNION_RENAME,,ID_VALUE,,,,,,,
BPD,STAGING,68800010001,TIAA_SALESFORCE,ACCOUNT,AI_SRC_ID,XREF_PARTY,SYNONYM_UNION_RENAME,,AI_SRC_ID,,,,,,,
BPD,STAGING,68800010001,TIAA_SALESFORCE,ACCOUNT,AI_EFFECTIVE_DATE,XREF_PARTY,SYNONYM_UNION_RENAME,,AI_EFFECTIVE_DATE,,,,,,,
BPD,STAGING,68800010001,TIAA_SALESFORCE,ACCOUNT,AI_KNOWLEDGE_DATE,XREF_PARTY,SYNONYM_UNION_RENAME,,AI_KNOWLEDGE_DATE,,,,,,,
BPD,STAGING,68800010001,TIAA_SALESFORCE,ACCOUNT,AI_BATCH_ID,XREF_PARTY,SYNONYM_UNION_RENAME,,AI_BATCH_ID,,,,,,,
,,,,,,,,,,,,,,,,
,,,,,,,,,,,,,,,,
,,,,,,,,,,,,,,,,
BPD,STAGING,68800010001,TIAA_SALESFORCE,ACCOUNT,DIMENSION_ADDRESS,DIMENSION_TABLES,LIST,,,,,,,,,
BPD,STAGING,68800010001,TIAA_SALESFORCE,ACCOUNT,DIMENSION_ADDRESS1,DIMENSION_TABLES,LIST,,,,,,,,,
BPD,STAGING,68800010001,TIAA_SALESFORCE,ACCOUNT,DIMENSION_PHONE,DIMENSION_TABLES,LIST,,,,,,,,,
BPD,STAGING,68800010001,TIAA_SALESFORCE,ACCOUNT,DIMENSION_PARTY,DIMENSION_TABLES,LIST,,,,,,,,,
BPD,STAGING,68800010001,TIAA_SALESFORCE,ACCOUNT,SHIPPINGLATITUDE,DIMENSION_ADDRESS,MAPPING_COLUMN,,LATITUDE,,,,,,,
BPD,STAGING,68800010001,TIAA_SALESFORCE,ACCOUNT,SHIPPINGLONGITUDE,DIMENSION_ADDRESS,MAPPING_COLUMN,,LONGITUDE,,,,,,,
BPD,STAGING,68800010001,TIAA_SALESFORCE,ACCOUNT,SHIPPINGSTREET,DIMENSION_ADDRESS,MAPPING_COLUMN,,ADDRESS_LINE_1,,,,,,,
BPD,STAGING,68800010001,TIAA_SALESFORCE,ACCOUNT,SHIPPINGCITY,DIMENSION_ADDRESS,MAPPING_COLUMN,,CITY,,,,,,,
BPD,STAGING,68800010001,TIAA_SALESFORCE,ACCOUNT,SHIPPINGSTATE,DIMENSION_ADDRESS,MAPPING_COLUMN,,STATE_OR_PROVINCE_CODE,,,,,,,
BPD,STAGING,68800010001,TIAA_SALESFORCE,ACCOUNT,SHIPPINGPOSTALCODE,DIMENSION_ADDRESS,MAPPING_COLUMN,,ZIP,,,,,,,
BPD,STAGING,68800010001,TIAA_SALESFORCE,ACCOUNT,SHIPPINGCOUNTRYCODE,DIMENSION_ADDRESS,MAPPING_COLUMN,,COUNTRY_CODE,,,,,,,
BPD,STAGING,68800010001,TIAA_SALESFORCE,ACCOUNT,ADDRESS_LINE_1,DIMENSION_ADDRESS,EXCEPT_COLUMN,,,,,,,,,
BPD,STAGING,68800010001,TIAA_SALESFORCE,ACCOUNT,CITY,DIMENSION_ADDRESS,EXCEPT_COLUMN,,,,,,,,,
BPD,STAGING,68800010001,TIAA_SALESFORCE,ACCOUNT,STATE_OR_PROVINCE_CODE,DIMENSION_ADDRESS,EXCEPT_COLUMN,,,,,,,,,
BPD,STAGING,68800010001,TIAA_SALESFORCE,ACCOUNT,ZIP,DIMENSION_ADDRESS,EXCEPT_COLUMN,,,,,,,,,
BPD,STAGING,68800010001,TIAA_SALESFORCE,ACCOUNT,COUNTRY_CODE,DIMENSION_ADDRESS,EXCEPT_COLUMN,,,,,,,,,
BPD,STAGING,68800010001,TIAA_SALESFORCE,ACCOUNT,LATITUDE,DIMENSION_ADDRESS,EXCEPT_COLUMN,,,,,,,,,
BPD,STAGING,68800010001,TIAA_SALESFORCE,ACCOUNT,LONGITUDE,DIMENSION_ADDRESS,EXCEPT_COLUMN,,,,,,,,,
BPD,STAGING,68800010001,TIAA_SALESFORCE,ACCOUNT,ADDRESS_LINE_1,DIMENSION_ADDRESS,SCHEMA,,,,,,,,,
BPD,STAGING,68800010001,TIAA_SALESFORCE,ACCOUNT,CITY,DIMENSION_ADDRESS,SCHEMA,,,,,,,,,
BPD,STAGING,68800010001,TIAA_SALESFORCE,ACCOUNT,STATE_OR_PROVINCE_CODE,DIMENSION_ADDRESS,SCHEMA,,,,,,,,,
BPD,STAGING,68800010001,TIAA_SALESFORCE,ACCOUNT,ZIP,DIMENSION_ADDRESS,SCHEMA,,,,,,,,,
BPD,STAGING,68800010001,TIAA_SALESFORCE,ACCOUNT,COUNTRY_CODE,DIMENSION_ADDRESS,SCHEMA,,,,,,,,,
BPD,STAGING,68800010001,TIAA_SALESFORCE,ACCOUNT,LATITUDE,DIMENSION_ADDRESS,SCHEMA,,,,,,,,,
BPD,STAGING,68800010001,TIAA_SALESFORCE,ACCOUNT,LONGITUDE,DIMENSION_ADDRESS,SCHEMA,,,,,,,,,
BPD,STAGING,68800010001,TIAA_SALESFORCE,ACCOUNT,AI_ADDRESS_ID,DIMENSION_ADDRESS,AUTOINCREMENT_COLUMN,,,,,,,,,
BPD,STAGING,68800010001,TIAA_SALESFORCE,ACCOUNT,ADDRESS_LINE_1,DIMENSION_ADDRESS,STANDARDIZATION_INPUT_COLUMNS,,,,,,,,,
BPD,STAGING,68800010001,TIAA_SALESFORCE,ACCOUNT,CITY,DIMENSION_ADDRESS,STANDARDIZATION_INPUT_COLUMNS,,,,,,,,,
BPD,STAGING,68800010001,TIAA_SALESFORCE,ACCOUNT,STATE_OR_PROVINCE_CODE,DIMENSION_ADDRESS,STANDARDIZATION_INPUT_COLUMNS,,,,,,,,,
BPD,STAGING,68800010001,TIAA_SALESFORCE,ACCOUNT,ZIP,DIMENSION_ADDRESS,STANDARDIZATION_INPUT_COLUMNS,,,,,,,,,
BPD,STAGING,68800010001,TIAA_SALESFORCE,ACCOUNT,COUNTRY_CODE,DIMENSION_ADDRESS,STANDARDIZATION_INPUT_COLUMNS,,,,,,,,,
BPD,STAGING,68800010001,TIAA_SALESFORCE,ACCOUNT,,DIMENSION_ADDRESS,STANDARDIZATION_OUTPUT_COLUMN,formatted_address_O,formatted_address,,,,,,,
,,,,,,,,,,,,,,,,
BPD,STAGING,68800010001,TIAA_SALESFORCE,ACCOUNT,ADDRESS_LINE_1,DIMENSION_ADDRESS1,SCHEMA,,,,,,,,,
BPD,STAGING,68800010001,TIAA_SALESFORCE,ACCOUNT,CITY,DIMENSION_ADDRESS1,SCHEMA,,,,,,,,,
BPD,STAGING,68800010001,TIAA_SALESFORCE,ACCOUNT,STATE_OR_PROVINCE_CODE,DIMENSION_ADDRESS1,SCHEMA,,,,,,,,,
BPD,STAGING,68800010001,TIAA_SALESFORCE,ACCOUNT,ZIP,DIMENSION_ADDRESS1,SCHEMA,,,,,,,,,
BPD,STAGING,68800010001,TIAA_SALESFORCE,ACCOUNT,COUNTRY_CODE,DIMENSION_ADDRESS1,SCHEMA,,,,,,,,,
BPD,STAGING,68800010001,TIAA_SALESFORCE,ACCOUNT,LATITUDE,DIMENSION_ADDRESS1,SCHEMA,,,,,,,,,
BPD,STAGING,68800010001,TIAA_SALESFORCE,ACCOUNT,LONGITUDE,DIMENSION_ADDRESS1,SCHEMA,,,,,,,,,
BPD,STAGING,68800010001,TIAA_SALESFORCE,ACCOUNT,ADDRESS_LINE_1,DIMENSION_ADDRESS1,EXCEPT_COLUMN,,,,,,,,,
BPD,STAGING,68800010001,TIAA_SALESFORCE,ACCOUNT,CITY,DIMENSION_ADDRESS1,EXCEPT_COLUMN,,,,,,,,,
BPD,STAGING,68800010001,TIAA_SALESFORCE,ACCOUNT,STATE_OR_PROVINCE_CODE,DIMENSION_ADDRESS1,EXCEPT_COLUMN,,,,,,,,,
BPD,STAGING,68800010001,TIAA_SALESFORCE,ACCOUNT,ZIP,DIMENSION_ADDRESS1,EXCEPT_COLUMN,,,,,,,,,
BPD,STAGING,68800010001,TIAA_SALESFORCE,ACCOUNT,COUNTRY_CODE,DIMENSION_ADDRESS1,EXCEPT_COLUMN,,,,,,,,,
BPD,STAGING,68800010001,TIAA_SALESFORCE,ACCOUNT,LATITUDE,DIMENSION_ADDRESS1,EXCEPT_COLUMN,,,,,,,,,
BPD,STAGING,68800010001,TIAA_SALESFORCE,ACCOUNT,LONGITUDE,DIMENSION_ADDRESS1,EXCEPT_COLUMN,,,,,,,,,
BPD,STAGING,68800010001,TIAA_SALESFORCE,ACCOUNT,BILLINGLATITUDE,DIMENSION_ADDRESS1,MAPPING_COLUMN,,LATITUDE,,,,,,,
BPD,STAGING,68800010001,TIAA_SALESFORCE,ACCOUNT,BILLINGLONGITUDE,DIMENSION_ADDRESS1,MAPPING_COLUMN,,LONGITUDE,,,,,,,
BPD,STAGING,68800010001,TIAA_SALESFORCE,ACCOUNT,BILLINGSTREET,DIMENSION_ADDRESS1,MAPPING_COLUMN,,ADDRESS_LINE_1,,,,,,,
BPD,STAGING,68800010001,TIAA_SALESFORCE,ACCOUNT,BILLINGCITY,DIMENSION_ADDRESS1,MAPPING_COLUMN,,CITY,,,,,,,
BPD,STAGING,68800010001,TIAA_SALESFORCE,ACCOUNT,BILLINGSTATE,DIMENSION_ADDRESS1,MAPPING_COLUMN,,STATE_OR_PROVINCE_CODE,,,,,,,
BPD,STAGING,68800010001,TIAA_SALESFORCE,ACCOUNT,BILLINGPOSTALCODE,DIMENSION_ADDRESS1,MAPPING_COLUMN,,ZIP,,,,,,,
BPD,STAGING,68800010001,TIAA_SALESFORCE,ACCOUNT,BILLINGCOUNTRYCODE,DIMENSION_ADDRESS1,MAPPING_COLUMN,,COUNTRY_CODE,,,,,,,
BPD,STAGING,68800010001,TIAA_SALESFORCE,ACCOUNT,AI_ADDRESS_ID,DIMENSION_ADDRESS1,AUTOINCREMENT_COLUMN,,,,,,,,,
BPD,STAGING,68800010001,TIAA_SALESFORCE,ACCOUNT,ADDRESS_LINE_1,DIMENSION_ADDRESS1,STANDARDIZATION_INPUT_COLUMNS,,,,,,,,,
BPD,STAGING,68800010001,TIAA_SALESFORCE,ACCOUNT,CITY,DIMENSION_ADDRESS1,STANDARDIZATION_INPUT_COLUMNS,,,,,,,,,
BPD,STAGING,68800010001,TIAA_SALESFORCE,ACCOUNT,STATE_OR_PROVINCE_CODE,DIMENSION_ADDRESS1,STANDARDIZATION_INPUT_COLUMNS,,,,,,,,,
BPD,STAGING,68800010001,TIAA_SALESFORCE,ACCOUNT,ZIP,DIMENSION_ADDRESS1,STANDARDIZATION_INPUT_COLUMNS,,,,,,,,,
BPD,STAGING,68800010001,TIAA_SALESFORCE,ACCOUNT,COUNTRY_CODE,DIMENSION_ADDRESS1,STANDARDIZATION_INPUT_COLUMNS,,,,,,,,,
BPD,STAGING,68800010001,TIAA_SALESFORCE,ACCOUNT,,DIMENSION_ADDRESS1,STANDARDIZATION_OUTPUT_COLUMN,formatted_address_O,formatted_address,,,,,,,
,,,,,,,,,,,,,,,,
,,,,,,,,,,,,,,,,
BPD,STAGING,68800010001,TIAA_SALESFORCE,ACCOUNT,PHONE,DIMENSION_PHONE,TAG_VALUE_COLUMN,,PHONE,,,,,,,
BPD,STAGING,68800010001,TIAA_SALESFORCE,ACCOUNT,FAX,DIMENSION_PHONE,TAG_VALUE_COLUMN,,FAX,,,,,,,
BPD,STAGING,68800010001,TIAA_SALESFORCE,ACCOUNT,ID_NAME,DIMENSION_PHONE,TAG_VALUE_MEASURE_COLUMN_NAME,,,,,,,,,
BPD,STAGING,68800010001,TIAA_SALESFORCE,ACCOUNT,PHONE,DIMENSION_PHONE,TAG_VALUE_MEASURE_COLUMN_NAME,,,,,,,,,
BPD,STAGING,68800010001,TIAA_SALESFORCE,ACCOUNT,PHONE,DIMENSION_PHONE,EXCEPT_COLUMN,,,,,,,,,
BPD,STAGING,68800010001,TIAA_SALESFORCE,ACCOUNT,AI_PHONE_ID,DIMENSION_PHONE,SCHEMA,,,,,,,,,
BPD,STAGING,68800010001,TIAA_SALESFORCE,ACCOUNT,PHONE,DIMENSION_PHONE,SCHEMA,,,,,,,,,
BPD,STAGING,68800010001,TIAA_SALESFORCE,ACCOUNT,AI_PHONE_ID,DIMENSION_PHONE,AUTOINCREMENT_COLUMN,,,,,,,,,
,,,,,,,,,,,,,,,,
BPD,STAGING,68800010001,TIAA_SALESFORCE,ACCOUNT,AI_BATCH_ID,DIMENSION_PARTY,MAIN_SELECTED_COLUMNS,,,,,,,,,
BPD,STAGING,68800010001,TIAA_SALESFORCE,ACCOUNT,AI_SRC_ID,DIMENSION_PARTY,MAIN_SELECTED_COLUMNS,,,,,,,,,
BPD,STAGING,68800010001,TIAA_SALESFORCE,ACCOUNT,AI_EFFECTIVE_DATE,DIMENSION_PARTY,MAIN_SELECTED_COLUMNS,,,,,,,,,
BPD,STAGING,68800010001,TIAA_SALESFORCE,ACCOUNT,AI_KNOWLEDGE_DATE,DIMENSION_PARTY,MAIN_SELECTED_COLUMNS,,,,,,,,,
BPD,STAGING,68800010001,TIAA_SALESFORCE,ACCOUNT,ID,DIMENSION_PARTY,MAIN_SELECTED_COLUMNS,,,,,,,,,
BPD,STAGING,68800010001,TIAA_SALESFORCE,ACCOUNT,NAME,DIMENSION_PARTY,MAIN_SELECTED_COLUMNS,,,,,,,,,
BPD,STAGING,68800010001,TIAA_SALESFORCE,ACCOUNT,ID,DIMENSION_PARTY,MAPPING_COLUMN,,SRC_PARTY_ID,,,,,,,
BPD,STAGING,68800010001,TIAA_SALESFORCE,ACCOUNT,NAME,DIMENSION_PARTY,MAPPING_COLUMN,,FULL_NAME,,,,,,,
BPD,STAGING,68800010001,TIAA_SALESFORCE,ACCOUNT,AI_PARTY_ID,DIMENSION_PARTY,XREF_SELECTED_COLUMN,,,,,,,,,
BPD,STAGING,68800010001,TIAA_SALESFORCE,ACCOUNT,ID_NAME,DIMENSION_PARTY,XREF_SELECTED_COLUMN,,,,,,,,,
BPD,STAGING,68800010001,TIAA_SALESFORCE,ACCOUNT,ID_VALUE,DIMENSION_PARTY,XREF_SELECTED_COLUMN,,,,,,,,,
BPD,STAGING,68800010001,TIAA_SALESFORCE,ACCOUNT,ID,DIMENSION_PARTY,XREF_TAG_VALUE_COLUMN,,TIAA_SFDC,,,,,,,
BPD,STAGING,68800010001,TIAA_SALESFORCE,ACCOUNT,ID_NAME,DIMENSION_PARTY,XREF_TAG_VALUE_MEASURE_COLUMN_NAME,,,,,,,,,
BPD,STAGING,68800010001,TIAA_SALESFORCE,ACCOUNT,ID,DIMENSION_PARTY,XREF_TAG_VALUE_MEASURE_COLUMN_NAME,,,,,,,,,
BPD,STAGING,68800010001,TIAA_SALESFORCE,ACCOUNT,PARTY_TYPE,DIMENSION_PARTY,ADDITIONAL_COLUMNS,,COMPANY,,,,,,,
BPD,STAGING,68800010001,TIAA_SALESFORCE,ACCOUNT,PARTYXREF,DIMENSION_PARTY,FIRST_LOOKUP,,,,,,,,,
BPD,STAGING,68800010001,TIAA_SALESFORCE,ACCOUNT,ID,DIMENSION_PARTY,FIRST_LOOKUP_COLUMNS,,ID_VALUE,,,,,,,
BPD,STAGING,68800010001,TIAA_SALESFORCE,ACCOUNT,ID_NAME,DIMENSION_PARTY,FIRST_LOOKUP_COLUMNS,,ID_NAME,,,,,,,
BPD,STAGING,68800010001,TIAA_SALESFORCE,ACCOUNT,AI_BATCH_ID,DIMENSION_PARTY,SCHEMA,,,,,,,,,
BPD,STAGING,68800010001,TIAA_SALESFORCE,ACCOUNT,AI_SRC_ID,DIMENSION_PARTY,SCHEMA,,,,,,,,,
BPD,STAGING,68800010001,TIAA_SALESFORCE,ACCOUNT,AI_EFFECTIVE_DATE,DIMENSION_PARTY,SCHEMA,,,,,,,,,
BPD,STAGING,68800010001,TIAA_SALESFORCE,ACCOUNT,AI_KNOWLEDGE_DATE,DIMENSION_PARTY,SCHEMA,,,,,,,,,
BPD,STAGING,68800010001,TIAA_SALESFORCE,ACCOUNT,AI_PARTY_ID,DIMENSION_PARTY,SCHEMA,,,,,,,,,
BPD,STAGING,68800010001,TIAA_SALESFORCE,ACCOUNT,SRC_PARTY_ID,DIMENSION_PARTY,SCHEMA,,,,,,,,,
BPD,STAGING,68800010001,TIAA_SALESFORCE,ACCOUNT,FIRST_NAME,DIMENSION_PARTY,SCHEMA,,,,,,,,,
BPD,STAGING,68800010001,TIAA_SALESFORCE,ACCOUNT,MIDDLE_NAME,DIMENSION_PARTY,SCHEMA,,,,,,,,,
BPD,STAGING,68800010001,TIAA_SALESFORCE,ACCOUNT,LAST_NAME,DIMENSION_PARTY,SCHEMA,,,,,,,,,
BPD,STAGING,68800010001,TIAA_SALESFORCE,ACCOUNT,FULL_NAME,DIMENSION_PARTY,SCHEMA,,,,,,,,,
BPD,STAGING,68800010001,TIAA_SALESFORCE,ACCOUNT,PARTY_TYPE,DIMENSION_PARTY,SCHEMA,,,,,,,,,
,,,,,,,,,,,,,,,,
,,,,,,,,,,,,,,,,
,,,,,,,,,,,,,,,,
BPD,STAGING,68800010001,TIAA_SALESFORCE,ACCOUNT,FACTS_COMPANYFACTS,FACT_TABLES,LIST,,,,,,,,,
BPD,STAGING,68800010001,TIAA_SALESFORCE,ACCOUNT,AI_BATCH_ID,FACTS_COMPANYFACTS,MAIN_SELECTED_COLUMN,,,,,,,,,
BPD,STAGING,68800010001,TIAA_SALESFORCE,ACCOUNT,AI_SRC_ID,FACTS_COMPANYFACTS,MAIN_SELECTED_COLUMN,,,,,,,,,
BPD,STAGING,68800010001,TIAA_SALESFORCE,ACCOUNT,AI_EFFECTIVE_DATE,FACTS_COMPANYFACTS,MAIN_SELECTED_COLUMN,,,,,,,,,
BPD,STAGING,68800010001,TIAA_SALESFORCE,ACCOUNT,AI_KNOWLEDGE_DATE,FACTS_COMPANYFACTS,MAIN_SELECTED_COLUMN,,,,,,,,,
BPD,STAGING,68800010001,TIAA_SALESFORCE,ACCOUNT,ID,FACTS_COMPANYFACTS,MAIN_SELECTED_COLUMN,,,,,,,,,
BPD,STAGING,68800010001,TIAA_SALESFORCE,ACCOUNT,AI_PARTY_ID,FACTS_COMPANYFACTS,PARTYXREF_SELECTED_COLUMN,,,,,,,,,
BPD,STAGING,68800010001,TIAA_SALESFORCE,ACCOUNT,ID_NAME,FACTS_COMPANYFACTS,PARTYXREF_SELECTED_COLUMN,,,,,,,,,
BPD,STAGING,68800010001,TIAA_SALESFORCE,ACCOUNT,ID_VALUE,FACTS_COMPANYFACTS,PARTYXREF_SELECTED_COLUMN,,,,,,,,,
BPD,STAGING,68800010001,TIAA_SALESFORCE,ACCOUNT,NA,FACTS_COMPANYFACTS,DIMFACT_SELECTED_COLUMN,,,,,,,,,
BPD,STAGING,68800010001,TIAA_SALESFORCE,ACCOUNT,NA,FACTS_COMPANYFACTS,PRODUCTXREF_SELECTED_COLUMN,,,,,,,,,
BPD,STAGING,68800010001,TIAA_SALESFORCE,ACCOUNT,AI_BATCH_ID,FACTS_COMPANYFACTS,SCHEMA,,,,,,,,,
BPD,STAGING,68800010001,TIAA_SALESFORCE,ACCOUNT,AI_SRC_ID,FACTS_COMPANYFACTS,SCHEMA,,,,,,,,,
BPD,STAGING,68800010001,TIAA_SALESFORCE,ACCOUNT,AI_EFFECTIVE_DATE,FACTS_COMPANYFACTS,SCHEMA,,,,,,,,,
BPD,STAGING,68800010001,TIAA_SALESFORCE,ACCOUNT,AI_KNOWLEDGE_DATE,FACTS_COMPANYFACTS,SCHEMA,,,,,,,,,
BPD,STAGING,68800010001,TIAA_SALESFORCE,ACCOUNT,AI_PARTY_ID,FACTS_COMPANYFACTS,SCHEMA,,,,,,,,,
BPD,STAGING,68800010001,TIAA_SALESFORCE,ACCOUNT,AI_MEASURE_NAME,FACTS_COMPANYFACTS,SCHEMA,,,,,,,,,
BPD,STAGING,68800010001,TIAA_SALESFORCE,ACCOUNT,AI_MEASURE_VALUE,FACTS_COMPANYFACTS,SCHEMA,,,,,,,,,
BPD,STAGING,68800010001,TIAA_SALESFORCE,ACCOUNT,ISDELETED,FACTS_COMPANYFACTS,TAG_VALUE_COLUMN,,ISDELETED,,,,,,,
BPD,STAGING,68800010001,TIAA_SALESFORCE,ACCOUNT,MASTERRECORDID,FACTS_COMPANYFACTS,TAG_VALUE_COLUMN,,MASTERRECORDID,,,,,,,
BPD,STAGING,68800010001,TIAA_SALESFORCE,ACCOUNT,TYPE,FACTS_COMPANYFACTS,TAG_VALUE_COLUMN,,TYPE,,,,,,,
BPD,STAGING,68800010001,TIAA_SALESFORCE,ACCOUNT,RECORDTYPEID,FACTS_COMPANYFACTS,TAG_VALUE_COLUMN,,RECORDTYPEID,,,,,,,
BPD,STAGING,68800010001,TIAA_SALESFORCE,ACCOUNT,WEBSITE,FACTS_COMPANYFACTS,TAG_VALUE_COLUMN,,WEBSITE,,,,,,,
BPD,STAGING,68800010001,TIAA_SALESFORCE,ACCOUNT,PHOTOURL,FACTS_COMPANYFACTS,TAG_VALUE_COLUMN,,PHOTOURL,,,,,,,
BPD,STAGING,68800010001,TIAA_SALESFORCE,ACCOUNT,INDUSTRY,FACTS_COMPANYFACTS,TAG_VALUE_COLUMN,,INDUSTRY,,,,,,,
BPD,STAGING,68800010001,TIAA_SALESFORCE,ACCOUNT,ANNUALREVENUE,FACTS_COMPANYFACTS,TAG_VALUE_COLUMN,,ANNUALREVENUE,,,,,,,
BPD,STAGING,68800010001,TIAA_SALESFORCE,ACCOUNT,NUMBEROFEMPLOYEES,FACTS_COMPANYFACTS,TAG_VALUE_COLUMN,,NUMBEROFEMPLOYEES,,,,,,,
BPD,STAGING,68800010001,TIAA_SALESFORCE,ACCOUNT,DESCRIPTION,FACTS_COMPANYFACTS,TAG_VALUE_COLUMN,,DESCRIPTION,,,,,,,
BPD,STAGING,68800010001,TIAA_SALESFORCE,ACCOUNT,SITE,FACTS_COMPANYFACTS,TAG_VALUE_COLUMN,,SITE,,,,,,,
BPD,STAGING,68800010001,TIAA_SALESFORCE,ACCOUNT,OWNERID,FACTS_COMPANYFACTS,TAG_VALUE_COLUMN,,OWNERID,,,,,,,
BPD,STAGING,68800010001,TIAA_SALESFORCE,ACCOUNT,CREATEDBYID,FACTS_COMPANYFACTS,TAG_VALUE_COLUMN,,CREATEDBYID,,,,,,,
BPD,STAGING,68800010001,TIAA_SALESFORCE,ACCOUNT,LASTMODIFIEDBYID,FACTS_COMPANYFACTS,TAG_VALUE_COLUMN,,LASTMODIFIEDBYID,,,,,,,
BPD,STAGING,68800010001,TIAA_SALESFORCE,ACCOUNT,SYSTEMMODSTAMP,FACTS_COMPANYFACTS,TAG_VALUE_COLUMN,,SYSTEMMODSTAMP,,,,,,,
BPD,STAGING,68800010001,TIAA_SALESFORCE,ACCOUNT,LASTACTIVITYDATE,FACTS_COMPANYFACTS,TAG_VALUE_COLUMN,,LASTACTIVITYDATE,,,,,,,
BPD,STAGING,68800010001,TIAA_SALESFORCE,ACCOUNT,LASTVIEWEDDATE,FACTS_COMPANYFACTS,TAG_VALUE_COLUMN,,LASTVIEWEDDATE,,,,,,,
BPD,STAGING,68800010001,TIAA_SALESFORCE,ACCOUNT,LASTREFERENCEDDATE,FACTS_COMPANYFACTS,TAG_VALUE_COLUMN,,LASTREFERENCEDDATE,,,,,,,
BPD,STAGING,68800010001,TIAA_SALESFORCE,ACCOUNT,JIGSAW,FACTS_COMPANYFACTS,TAG_VALUE_COLUMN,,JIGSAW,,,,,,,
BPD,STAGING,68800010001,TIAA_SALESFORCE,ACCOUNT,JIGSAWCOMPANYID,FACTS_COMPANYFACTS,TAG_VALUE_COLUMN,,JIGSAWCOMPANYID,,,,,,,
BPD,STAGING,68800010001,TIAA_SALESFORCE,ACCOUNT,ACCOUNTSOURCE,FACTS_COMPANYFACTS,TAG_VALUE_COLUMN,,ACCOUNTSOURCE,,,,,,,
BPD,STAGING,68800010001,TIAA_SALESFORCE,ACCOUNT,AMBD_CHANNEL__C,FACTS_COMPANYFACTS,TAG_VALUE_COLUMN,,AMBD_CHANNEL__C,,,,,,,
BPD,STAGING,68800010001,TIAA_SALESFORCE,ACCOUNT,ACCEPT_ADDRESS_UPDATES_FROM_VENDOR__C,FACTS_COMPANYFACTS,TAG_VALUE_COLUMN,,ACCEPT_ADDRESS_UPDATES_FROM_VENDOR__C,,,,,,,
BPD,STAGING,68800010001,TIAA_SALESFORCE,ACCOUNT,ACCOUNT_AUM__C,FACTS_COMPANYFACTS,TAG_VALUE_COLUMN,,ACCOUNT_AUM__C,,,,,,,
BPD,STAGING,68800010001,TIAA_SALESFORCE,ACCOUNT,ACCOUNT_NAME_AND_LOCATION__C,FACTS_COMPANYFACTS,TAG_VALUE_COLUMN,,ACCOUNT_NAME_AND_LOCATION__C,,,,,,,
BPD,STAGING,68800010001,TIAA_SALESFORCE,ACCOUNT,ADVERTISING__C,FACTS_COMPANYFACTS,TAG_VALUE_COLUMN,,ADVERTISING__C,,,,,,,
BPD,STAGING,68800010001,TIAA_SALESFORCE,ACCOUNT,ADVISOR_SUPPORT__C,FACTS_COMPANYFACTS,TAG_VALUE_COLUMN,,ADVISOR_SUPPORT__C,,,,,,,
BPD,STAGING,68800010001,TIAA_SALESFORCE,ACCOUNT,AFFILIATED_LINES_OF_BUSINESS__C,FACTS_COMPANYFACTS,TAG_VALUE_COLUMN,,AFFILIATED_LINES_OF_BUSINESS__C,,,,,,,
BPD,STAGING,68800010001,TIAA_SALESFORCE,ACCOUNT,AT_RISK__C,FACTS_COMPANYFACTS,TAG_VALUE_COLUMN,,AT_RISK__C,,,,,,,
BPD,STAGING,68800010001,TIAA_SALESFORCE,ACCOUNT,AVG_ACCOUNT_SIZE_DISCRETIONARY__C,FACTS_COMPANYFACTS,TAG_VALUE_COLUMN,,AVG_ACCOUNT_SIZE_DISCRETIONARY__C,,,,,,,
BPD,STAGING,68800010001,TIAA_SALESFORCE,ACCOUNT,CRD__C,FACTS_COMPANYFACTS,TAG_VALUE_COLUMN,,CRD__C,,,,,,,
BPD,STAGING,68800010001,TIAA_SALESFORCE,ACCOUNT,CRMOD_ID__C,FACTS_COMPANYFACTS,TAG_VALUE_COLUMN,,CRMOD_ID__C,,,,,,,
BPD,STAGING,68800010001,TIAA_SALESFORCE,ACCOUNT,CLIENT_RANKING__C,FACTS_COMPANYFACTS,TAG_VALUE_COLUMN,,CLIENT_RANKING__C,,,,,,,
BPD,STAGING,68800010001,TIAA_SALESFORCE,ACCOUNT,CLIENT_SCORE__C,FACTS_COMPANYFACTS,TAG_VALUE_COLUMN,,CLIENT_SCORE__C,,,,,,,
BPD,STAGING,68800010001,TIAA_SALESFORCE,ACCOUNT,COMMON_CLIENTS__C,FACTS_COMPANYFACTS,TAG_VALUE_COLUMN,,COMMON_CLIENTS__C,,,,,,,
BPD,STAGING,68800010001,TIAA_SALESFORCE,ACCOUNT,COMPENSATION__C,FACTS_COMPANYFACTS,TAG_VALUE_COLUMN,,COMPENSATION__C,,,,,,,
BPD,STAGING,68800010001,TIAA_SALESFORCE,ACCOUNT,CONFERENCES__C,FACTS_COMPANYFACTS,TAG_VALUE_COLUMN,,CONFERENCES__C,,,,,,,
BPD,STAGING,68800010001,TIAA_SALESFORCE,ACCOUNT,ACCOUNT_LEGAL_NAME__C,FACTS_COMPANYFACTS,TAG_VALUE_COLUMN,,ACCOUNT_LEGAL_NAME__C,,,,,,,
BPD,STAGING,68800010001,TIAA_SALESFORCE,ACCOUNT,CORPORATIONS__C,FACTS_COMPANYFACTS,TAG_VALUE_COLUMN,,CORPORATIONS__C,,,,,,,
BPD,STAGING,68800010001,TIAA_SALESFORCE,ACCOUNT,CUSTODIANS__C,FACTS_COMPANYFACTS,TAG_VALUE_COLUMN,,CUSTODIANS__C,,,,,,,
BPD,STAGING,68800010001,TIAA_SALESFORCE,ACCOUNT,EVENT__C,FACTS_COMPANYFACTS,TAG_VALUE_COLUMN,,EVENT__C,,,,,,,
BPD,STAGING,68800010001,TIAA_SALESFORCE,ACCOUNT,HNW__C,FACTS_COMPANYFACTS,TAG_VALUE_COLUMN,,HNW__C,,,,,,,
BPD,STAGING,68800010001,TIAA_SALESFORCE,ACCOUNT,INDIVIDUAL_CLIENTS__C,FACTS_COMPANYFACTS,TAG_VALUE_COLUMN,,INDIVIDUAL_CLIENTS__C,,,,,,,
BPD,STAGING,68800010001,TIAA_SALESFORCE,ACCOUNT,INDUSTRY_TRENDS_IMPACTING_FIRM__C,FACTS_COMPANYFACTS,TAG_VALUE_COLUMN,,INDUSTRY_TRENDS_IMPACTING_FIRM__C,,,,,,,
BPD,STAGING,68800010001,TIAA_SALESFORCE,ACCOUNT,INFORMATION_AS_OF_MMD__C,FACTS_COMPANYFACTS,TAG_VALUE_COLUMN,,INFORMATION_AS_OF_MMD__C,,,,,,,
BPD,STAGING,68800010001,TIAA_SALESFORCE,ACCOUNT,INFORMATION_AS_OF_MERIDIAN_IQ__C,FACTS_COMPANYFACTS,TAG_VALUE_COLUMN,,INFORMATION_AS_OF_MERIDIAN_IQ__C,,,,,,,
BPD,STAGING,68800010001,TIAA_SALESFORCE,ACCOUNT,AMBD_INTERNAL_ACCOUNT_TYPE__C,FACTS_COMPANYFACTS,TAG_VALUE_COLUMN,,AMBD_INTERNAL_ACCOUNT_TYPE__C,,,,,,,
BPD,STAGING,68800010001,TIAA_SALESFORCE,ACCOUNT,INVESTMENT_VEHICLES__C,FACTS_COMPANYFACTS,TAG_VALUE_COLUMN,,INVESTMENT_VEHICLES__C,,,,,,,
BPD,STAGING,68800010001,TIAA_SALESFORCE,ACCOUNT,LOCATION__C,FACTS_COMPANYFACTS,TAG_VALUE_COLUMN,,LOCATION__C,,,,,,,
BPD,STAGING,68800010001,TIAA_SALESFORCE,ACCOUNT,MMD__C,FACTS_COMPANYFACTS,TAG_VALUE_COLUMN,,MMD__C,,,,,,,
BPD,STAGING,68800010001,TIAA_SALESFORCE,ACCOUNT,MARKET__C,FACTS_COMPANYFACTS,TAG_VALUE_COLUMN,,MARKET__C,,,,,,,
BPD,STAGING,68800010001,TIAA_SALESFORCE,ACCOUNT,MARKETING_FOCUS__C,FACTS_COMPANYFACTS,TAG_VALUE_COLUMN,,MARKETING_FOCUS__C,,,,,,,
BPD,STAGING,68800010001,TIAA_SALESFORCE,ACCOUNT,MERIDIAN_IQ_ACCOUNT_URL__C,FACTS_COMPANYFACTS,TAG_VALUE_COLUMN,,MERIDIAN_IQ_ACCOUNT_URL__C,,,,,,,
BPD,STAGING,68800010001,TIAA_SALESFORCE,ACCOUNT,MERIDIAN_IQ_ACCOUNT__C,FACTS_COMPANYFACTS,TAG_VALUE_COLUMN,,MERIDIAN_IQ_ACCOUNT__C,,,,,,,
BPD,STAGING,68800010001,TIAA_SALESFORCE,ACCOUNT,NO_OF_ACCOUNTS_DISCRETIONARY__C,FACTS_COMPANYFACTS,TAG_VALUE_COLUMN,,NO_OF_ACCOUNTS_DISCRETIONARY__C,,,,,,,
BPD,STAGING,68800010001,TIAA_SALESFORCE,ACCOUNT,NO_OF_ACCOUNTS_NON_DISCRETIONARY__C,FACTS_COMPANYFACTS,TAG_VALUE_COLUMN,,NO_OF_ACCOUNTS_NON_DISCRETIONARY__C,,,,,,,
BPD,STAGING,68800010001,TIAA_SALESFORCE,ACCOUNT,NO_OF_ADVISORS__C,FACTS_COMPANYFACTS,TAG_VALUE_COLUMN,,NO_OF_ADVISORS__C,,,,,,,
BPD,STAGING,68800010001,TIAA_SALESFORCE,ACCOUNT,OUT_OF_RANKING_TOTAL__C,FACTS_COMPANYFACTS,TAG_VALUE_COLUMN,,OUT_OF_RANKING_TOTAL__C,,,,,,,
BPD,STAGING,68800010001,TIAA_SALESFORCE,ACCOUNT,OUT_OF_SCORE_TOTAL__C,FACTS_COMPANYFACTS,TAG_VALUE_COLUMN,,OUT_OF_SCORE_TOTAL__C,,,,,,,
BPD,STAGING,68800010001,TIAA_SALESFORCE,ACCOUNT,PARENT_REPORTING_INDICATOR_ONLY__C,FACTS_COMPANYFACTS,TAG_VALUE_COLUMN,,PARENT_REPORTING_INDICATOR_ONLY__C,,,,,,,
BPD,STAGING,68800010001,TIAA_SALESFORCE,ACCOUNT,PENSION__C,FACTS_COMPANYFACTS,TAG_VALUE_COLUMN,,PENSION__C,,,,,,,
BPD,STAGING,68800010001,TIAA_SALESFORCE,ACCOUNT,PLATFORM__C,FACTS_COMPANYFACTS,TAG_VALUE_COLUMN,,PLATFORM__C,,,,,,,
BPD,STAGING,68800010001,TIAA_SALESFORCE,ACCOUNT,PREVENT_AMBD_CHANNEL_AUTO_ASSIGN__C,FACTS_COMPANYFACTS,TAG_VALUE_COLUMN,,PREVENT_AMBD_CHANNEL_AUTO_ASSIGN__C,,,,,,,
BPD,STAGING,68800010001,TIAA_SALESFORCE,ACCOUNT,PREVENT_REGION_AUTO_ASSIGN__C,FACTS_COMPANYFACTS,TAG_VALUE_COLUMN,,PREVENT_REGION_AUTO_ASSIGN__C,,,,,,,
BPD,STAGING,68800010001,TIAA_SALESFORCE,ACCOUNT,REGION__C,FACTS_COMPANYFACTS,TAG_VALUE_COLUMN,,REGION__C,,,,,,,
BPD,STAGING,68800010001,TIAA_SALESFORCE,ACCOUNT,AMBD_SEGMENT__C,FACTS_COMPANYFACTS,TAG_VALUE_COLUMN,,AMBD_SEGMENT__C,,,,,,,
BPD,STAGING,68800010001,TIAA_SALESFORCE,ACCOUNT,SHARE_CLASS_AVAILABILITY__C,FACTS_COMPANYFACTS,TAG_VALUE_COLUMN,,SHARE_CLASS_AVAILABILITY__C,,,,,,,
BPD,STAGING,68800010001,TIAA_SALESFORCE,ACCOUNT,SPONSORSHIPS__C,FACTS_COMPANYFACTS,TAG_VALUE_COLUMN,,SPONSORSHIPS__C,,,,,,,
BPD,STAGING,68800010001,TIAA_SALESFORCE,ACCOUNT,TIAA_SIEBEL_ROW_ID__C,FACTS_COMPANYFACTS,TAG_VALUE_COLUMN,,TIAA_SIEBEL_ROW_ID__C,,,,,,,
BPD,STAGING,68800010001,TIAA_SALESFORCE,ACCOUNT,TIER_LEVEL_AMBD_CONSULTING__C,FACTS_COMPANYFACTS,TAG_VALUE_COLUMN,,TIER_LEVEL_AMBD_CONSULTING__C,,,,,,,
BPD,STAGING,68800010001,TIAA_SALESFORCE,ACCOUNT,TIER_LEVEL_AMBD_DCIO__C,FACTS_COMPANYFACTS,TAG_VALUE_COLUMN,,TIER_LEVEL_AMBD_DCIO__C,,,,,,,
BPD,STAGING,68800010001,TIAA_SALESFORCE,ACCOUNT,TOP_LEVEL_STRATEGY__C,FACTS_COMPANYFACTS,TAG_VALUE_COLUMN,,TOP_LEVEL_STRATEGY__C,,,,,,,
BPD,STAGING,68800010001,TIAA_SALESFORCE,ACCOUNT,VENDOR_TOTAL_ASSETS__C,FACTS_COMPANYFACTS,TAG_VALUE_COLUMN,,VENDOR_TOTAL_ASSETS__C,,,,,,,
BPD,STAGING,68800010001,TIAA_SALESFORCE,ACCOUNT,VENDOR_ACCOUNT_CATEGORY__C,FACTS_COMPANYFACTS,TAG_VALUE_COLUMN,,VENDOR_ACCOUNT_CATEGORY__C,,,,,,,
BPD,STAGING,68800010001,TIAA_SALESFORCE,ACCOUNT,VENDOR_ACCOUNT_NAME__C,FACTS_COMPANYFACTS,TAG_VALUE_COLUMN,,VENDOR_ACCOUNT_NAME__C,,,,,,,
BPD,STAGING,68800010001,TIAA_SALESFORCE,ACCOUNT,VENDOR_ACCOUNT_SUBCATEGORY__C,FACTS_COMPANYFACTS,TAG_VALUE_COLUMN,,VENDOR_ACCOUNT_SUBCATEGORY__C,,,,,,,
BPD,STAGING,68800010001,TIAA_SALESFORCE,ACCOUNT,VENDOR_ACCOUNT_TYPE__C,FACTS_COMPANYFACTS,TAG_VALUE_COLUMN,,VENDOR_ACCOUNT_TYPE__C,,,,,,,
BPD,STAGING,68800010001,TIAA_SALESFORCE,ACCOUNT,VENDOR_NO_OF_EMPLOYEES__C,FACTS_COMPANYFACTS,TAG_VALUE_COLUMN,,VENDOR_NO_OF_EMPLOYEES__C,,,,,,,
BPD,STAGING,68800010001,TIAA_SALESFORCE,ACCOUNT,VENDOR_SYSTEM_RECORD__C,FACTS_COMPANYFACTS,TAG_VALUE_COLUMN,,VENDOR_SYSTEM_RECORD__C,,,,,,,
BPD,STAGING,68800010001,TIAA_SALESFORCE,ACCOUNT,YTD_GROSS_REDEMP__C,FACTS_COMPANYFACTS,TAG_VALUE_COLUMN,,YTD_GROSS_REDEMP__C,,,,,,,
BPD,STAGING,68800010001,TIAA_SALESFORCE,ACCOUNT,YTD_GROSS_SALES__C,FACTS_COMPANYFACTS,TAG_VALUE_COLUMN,,YTD_GROSS_SALES__C,,,,,,,
BPD,STAGING,68800010001,TIAA_SALESFORCE,ACCOUNT,YTD_NET_SALES__C,FACTS_COMPANYFACTS,TAG_VALUE_COLUMN,,YTD_NET_SALES__C,,,,,,,
BPD,STAGING,68800010001,TIAA_SALESFORCE,ACCOUNT,YTD_REVENUE__C,FACTS_COMPANYFACTS,TAG_VALUE_COLUMN,,YTD_REVENUE__C,,,,,,,
BPD,STAGING,68800010001,TIAA_SALESFORCE,ACCOUNT,IS_COLLECTOR_ACCOUNT__C,FACTS_COMPANYFACTS,TAG_VALUE_COLUMN,,IS_COLLECTOR_ACCOUNT__C,,,,,,,
BPD,STAGING,68800010001,TIAA_SALESFORCE,ACCOUNT,CLIENT_ID__C,FACTS_COMPANYFACTS,TAG_VALUE_COLUMN,,CLIENT_ID__C,,,,,,,
BPD,STAGING,68800010001,TIAA_SALESFORCE,ACCOUNT,TOTAL_ASSETS_DEFINED_BY_SALES_TEAM__C,FACTS_COMPANYFACTS,TAG_VALUE_COLUMN,,TOTAL_ASSETS_DEFINED_BY_SALES_TEAM__C,,,,,,,
BPD,STAGING,68800010001,TIAA_SALESFORCE,ACCOUNT,ACCOUNT_18_ID__C,FACTS_COMPANYFACTS,TAG_VALUE_COLUMN,,ACCOUNT_18_ID__C,,,,,,,
BPD,STAGING,68800010001,TIAA_SALESFORCE,ACCOUNT,AMBD_ACCOUNT_STATUS__C,FACTS_COMPANYFACTS,TAG_VALUE_COLUMN,,AMBD_ACCOUNT_STATUS__C,,,,,,,
BPD,STAGING,68800010001,TIAA_SALESFORCE,ACCOUNT,OFFICE__C,FACTS_COMPANYFACTS,TAG_VALUE_COLUMN,,OFFICE__C,,,,,,,
BPD,STAGING,68800010001,TIAA_SALESFORCE,ACCOUNT,TIAA_ACCOUNT__C,FACTS_COMPANYFACTS,TAG_VALUE_COLUMN,,TIAA_ACCOUNT__C,,,,,,,
BPD,STAGING,68800010001,TIAA_SALESFORCE,ACCOUNT,ASSOCIATED_PLATFORM__C,FACTS_COMPANYFACTS,TAG_VALUE_COLUMN,,ASSOCIATED_PLATFORM__C,,,,,,,
BPD,STAGING,68800010001,TIAA_SALESFORCE,ACCOUNT,SBL_COMPETITOR_ESTIMATE__C,FACTS_COMPANYFACTS,TAG_VALUE_COLUMN,,SBL_COMPETITOR_ESTIMATE__C,,,,,,,
BPD,STAGING,68800010001,TIAA_SALESFORCE,ACCOUNT,SBL_INSTITUTIONAL_TEAM__C,FACTS_COMPANYFACTS,TAG_VALUE_COLUMN,,SBL_INSTITUTIONAL_TEAM__C,,,,,,,
BPD,STAGING,68800010001,TIAA_SALESFORCE,ACCOUNT,SBL_LAST_UPDATED_DATE__C,FACTS_COMPANYFACTS,TAG_VALUE_COLUMN,,SBL_LAST_UPDATED_DATE__C,,,,,,,
BPD,STAGING,68800010001,TIAA_SALESFORCE,ACCOUNT,SBL_MICROSITE__C,FACTS_COMPANYFACTS,TAG_VALUE_COLUMN,,SBL_MICROSITE__C,,,,,,,
BPD,STAGING,68800010001,TIAA_SALESFORCE,ACCOUNT,SBL_RISK_LEVEL__C,FACTS_COMPANYFACTS,TAG_VALUE_COLUMN,,SBL_RISK_LEVEL__C,,,,,,,
BPD,STAGING,68800010001,TIAA_SALESFORCE,ACCOUNT,SBL_SEGMENT__C,FACTS_COMPANYFACTS,TAG_VALUE_COLUMN,,SBL_SEGMENT__C,,,,,,,
BPD,STAGING,68800010001,TIAA_SALESFORCE,ACCOUNT,SBL_SUB_SEGMENT__C,FACTS_COMPANYFACTS,TAG_VALUE_COLUMN,,SBL_SUB_SEGMENT__C,,,,,,,
BPD,STAGING,68800010001,TIAA_SALESFORCE,ACCOUNT,SBL_TIAA_RECORD_KEPT__C,FACTS_COMPANYFACTS,TAG_VALUE_COLUMN,,SBL_TIAA_RECORD_KEPT__C,,,,,,,
BPD,STAGING,68800010001,TIAA_SALESFORCE,ACCOUNT,SBL_TOTAL_PARTICIPANTS__C,FACTS_COMPANYFACTS,TAG_VALUE_COLUMN,,SBL_TOTAL_PARTICIPANTS__C,,,,,,,
BPD,STAGING,68800010001,TIAA_SALESFORCE,ACCOUNT,SBL_TOTAL_PAYMENTS__C,FACTS_COMPANYFACTS,TAG_VALUE_COLUMN,,SBL_TOTAL_PAYMENTS__C,,,,,,,
BPD,STAGING,68800010001,TIAA_SALESFORCE,ACCOUNT,SBL_TOTAL_RECEIPTS__C,FACTS_COMPANYFACTS,TAG_VALUE_COLUMN,,SBL_TOTAL_RECEIPTS__C,,,,,,,
BPD,STAGING,68800010001,TIAA_SALESFORCE,ACCOUNT,SBL_TOTAL_ASSETS__C,FACTS_COMPANYFACTS,TAG_VALUE_COLUMN,,SBL_TOTAL_ASSETS__C,,,,,,,
BPD,STAGING,68800010001,TIAA_SALESFORCE,ACCOUNT,AMBD_ACCOUNT_OWNER__C,FACTS_COMPANYFACTS,TAG_VALUE_COLUMN,,AMBD_ACCOUNT_OWNER__C,,,,,,,
BPD,STAGING,68800010001,TIAA_SALESFORCE,ACCOUNT,CONSORTIUM__C,FACTS_COMPANYFACTS,TAG_VALUE_COLUMN,,CONSORTIUM__C,,,,,,,
BPD,STAGING,68800010001,TIAA_SALESFORCE,ACCOUNT,ISS_REGION__C,FACTS_COMPANYFACTS,TAG_VALUE_COLUMN,,ISS_REGION__C,,,,,,,
BPD,STAGING,68800010001,TIAA_SALESFORCE,ACCOUNT,ISS_SALES_RANK__C,FACTS_COMPANYFACTS,TAG_VALUE_COLUMN,,ISS_SALES_RANK__C,,,,,,,
BPD,STAGING,68800010001,TIAA_SALESFORCE,ACCOUNT,ISS_TIER_RANK__C,FACTS_COMPANYFACTS,TAG_VALUE_COLUMN,,ISS_TIER_RANK__C,,,,,,,
BPD,STAGING,68800010001,TIAA_SALESFORCE,ACCOUNT,MARKET_SUBTYPE__C,FACTS_COMPANYFACTS,TAG_VALUE_COLUMN,,MARKET_SUBTYPE__C,,,,,,,
BPD,STAGING,68800010001,TIAA_SALESFORCE,ACCOUNT,SEGMENT_OFFER__C,FACTS_COMPANYFACTS,TAG_VALUE_COLUMN,,SEGMENT_OFFER__C,,,,,,,
BPD,STAGING,68800010001,TIAA_SALESFORCE,ACCOUNT,TIAA_SFDC_ID__C,FACTS_COMPANYFACTS,TAG_VALUE_COLUMN,,TIAA_SFDC_ID__C,,,,,,,
BPD,STAGING,68800010001,TIAA_SALESFORCE,ACCOUNT,LAST_RISK_ASSESSMENT_DATE__C,FACTS_COMPANYFACTS,TAG_VALUE_COLUMN,,LAST_RISK_ASSESSMENT_DATE__C,,,,,,,
BPD,STAGING,68800010001,TIAA_SALESFORCE,ACCOUNT,RISK_ASSESSMENT_OVERDUE__C,FACTS_COMPANYFACTS,TAG_VALUE_COLUMN,,RISK_ASSESSMENT_OVERDUE__C,,,,,,,
BPD,STAGING,68800010001,TIAA_SALESFORCE,ACCOUNT,VENDOR_EF_ASSETS__C,FACTS_COMPANYFACTS,TAG_VALUE_COLUMN,,VENDOR_EF_ASSETS__C,,,,,,,
BPD,STAGING,68800010001,TIAA_SALESFORCE,ACCOUNT,VENDOR_OTHER_ASSETS__C,FACTS_COMPANYFACTS,TAG_VALUE_COLUMN,,VENDOR_OTHER_ASSETS__C,,,,,,,
BPD,STAGING,68800010001,TIAA_SALESFORCE,ACCOUNT,VENDOR_PENSION_ASSETS__C,FACTS_COMPANYFACTS,TAG_VALUE_COLUMN,,VENDOR_PENSION_ASSETS__C,,,,,,,
BPD,STAGING,68800010001,TIAA_SALESFORCE,ACCOUNT,VENDOR_TOTAL_DB_ASSETS__C,FACTS_COMPANYFACTS,TAG_VALUE_COLUMN,,VENDOR_TOTAL_DB_ASSETS__C,,,,,,,
BPD,STAGING,68800010001,TIAA_SALESFORCE,ACCOUNT,VENDOR_TOTAL_DC_ASSETS__C,FACTS_COMPANYFACTS,TAG_VALUE_COLUMN,,VENDOR_TOTAL_DC_ASSETS__C,,,,,,,
BPD,STAGING,68800010001,TIAA_SALESFORCE,ACCOUNT,TIER_LEVEL_AMBD_INSTITUTIONAL__C,FACTS_COMPANYFACTS,TAG_VALUE_COLUMN,,TIER_LEVEL_AMBD_INSTITUTIONAL__C,,,,,,,
BPD,STAGING,68800010001,TIAA_SALESFORCE,ACCOUNT,CLIENT_RANK__C,FACTS_COMPANYFACTS,TAG_VALUE_COLUMN,,CLIENT_RANK__C,,,,,,,
BPD,STAGING,68800010001,TIAA_SALESFORCE,ACCOUNT,AMCR_KEY_OFFICE__C,FACTS_COMPANYFACTS,TAG_VALUE_COLUMN,,AMCR_KEY_OFFICE__C,,,,,,,
BPD,STAGING,68800010001,TIAA_SALESFORCE,ACCOUNT,COVARIANCE_TARGET__C,FACTS_COMPANYFACTS,TAG_VALUE_COLUMN,,COVARIANCE_TARGET__C,,,,,,,
BPD,STAGING,68800010001,TIAA_SALESFORCE,ACCOUNT,AMBD_ACCOUNT_FILTER__C,FACTS_COMPANYFACTS,TAG_VALUE_COLUMN,,AMBD_ACCOUNT_FILTER__C,,,,,,,
BPD,STAGING,68800010001,TIAA_SALESFORCE,ACCOUNT,LOCATION_INDICATOR__C,FACTS_COMPANYFACTS,TAG_VALUE_COLUMN,,LOCATION_INDICATOR__C,,,,,,,
BPD,STAGING,68800010001,TIAA_SALESFORCE,ACCOUNT,LOCATION_REGION__C,FACTS_COMPANYFACTS,TAG_VALUE_COLUMN,,LOCATION_REGION__C,,,,,,,
BPD,STAGING,68800010001,TIAA_SALESFORCE,ACCOUNT,LOCATION_TYPE__C,FACTS_COMPANYFACTS,TAG_VALUE_COLUMN,,LOCATION_TYPE__C,,,,,,,
BPD,STAGING,68800010001,TIAA_SALESFORCE,ACCOUNT,PAYROLL_AGENCY__C,FACTS_COMPANYFACTS,TAG_VALUE_COLUMN,,PAYROLL_AGENCY__C,,,,,,,
BPD,STAGING,68800010001,TIAA_SALESFORCE,ACCOUNT,SELECT_TIER__C,FACTS_COMPANYFACTS,TAG_VALUE_COLUMN,,SELECT_TIER__C,,,,,,,
BPD,STAGING,68800010001,TIAA_SALESFORCE,ACCOUNT,THRE_ACCOUNT__C,FACTS_COMPANYFACTS,TAG_VALUE_COLUMN,,THRE_ACCOUNT__C,,,,,,,
BPD,STAGING,68800010001,TIAA_SALESFORCE,ACCOUNT,THRE_ID__C,FACTS_COMPANYFACTS,TAG_VALUE_COLUMN,,THRE_ID__C,,,,,,,
BPD,STAGING,68800010001,TIAA_SALESFORCE,ACCOUNT,HEADQUARTERS__C,FACTS_COMPANYFACTS,TAG_VALUE_COLUMN,,HEADQUARTERS__C,,,,,,,
BPD,STAGING,68800010001,TIAA_SALESFORCE,ACCOUNT,CORRUPTION_RISK_CPI_RANK__C,FACTS_COMPANYFACTS,TAG_VALUE_COLUMN,,CORRUPTION_RISK_CPI_RANK__C,,,,,,,
BPD,STAGING,68800010001,TIAA_SALESFORCE,ACCOUNT,CORRUPTION_RISK_CPI_SCORE__C,FACTS_COMPANYFACTS,TAG_VALUE_COLUMN,,CORRUPTION_RISK_CPI_SCORE__C,,,,,,,
BPD,STAGING,68800010001,TIAA_SALESFORCE,ACCOUNT,ACCOUNT_ALERT__C,FACTS_COMPANYFACTS,TAG_VALUE_COLUMN,,ACCOUNT_ALERT__C,,,,,,,
BPD,STAGING,68800010001,TIAA_SALESFORCE,ACCOUNT,BUSINESS_CODE__C,FACTS_COMPANYFACTS,TAG_VALUE_COLUMN,,BUSINESS_CODE__C,,,,,,,
BPD,STAGING,68800010001,TIAA_SALESFORCE,ACCOUNT,CONSULTANT_RELATIONS_OWNER__C,FACTS_COMPANYFACTS,TAG_VALUE_COLUMN,,CONSULTANT_RELATIONS_OWNER__C,,,,,,,
BPD,STAGING,68800010001,TIAA_SALESFORCE,ACCOUNT,DIRECTOR__C,FACTS_COMPANYFACTS,TAG_VALUE_COLUMN,,DIRECTOR__C,,,,,,,
BPD,STAGING,68800010001,TIAA_SALESFORCE,ACCOUNT,INSTITUTIONAL_MARKET__C,FACTS_COMPANYFACTS,TAG_VALUE_COLUMN,,INSTITUTIONAL_MARKET__C,,,,,,,
BPD,STAGING,68800010001,TIAA_SALESFORCE,ACCOUNT,INSTITUTIONAL_REGION__C,FACTS_COMPANYFACTS,TAG_VALUE_COLUMN,,INSTITUTIONAL_REGION__C,,,,,,,
BPD,STAGING,68800010001,TIAA_SALESFORCE,ACCOUNT,INSTITUTIONAL_SEGMENT__C,FACTS_COMPANYFACTS,TAG_VALUE_COLUMN,,INSTITUTIONAL_SEGMENT__C,,,,,,,
BPD,STAGING,68800010001,TIAA_SALESFORCE,ACCOUNT,INSTITUTIONAL_SUB_SEGMENT__C,FACTS_COMPANYFACTS,TAG_VALUE_COLUMN,,INSTITUTIONAL_SUB_SEGMENT__C,,,,,,,
BPD,STAGING,68800010001,TIAA_SALESFORCE,ACCOUNT,JD_FLAG__C,FACTS_COMPANYFACTS,TAG_VALUE_COLUMN,,JD_FLAG__C,,,,,,,
BPD,STAGING,68800010001,TIAA_SALESFORCE,ACCOUNT,RELATIONSHIP_MANAGER__C,FACTS_COMPANYFACTS,TAG_VALUE_COLUMN,,RELATIONSHIP_MANAGER__C,,,,,,,
BPD,STAGING,68800010001,TIAA_SALESFORCE,ACCOUNT,TOP_ACCOUNT__C,FACTS_COMPANYFACTS,TAG_VALUE_COLUMN,,TOP_ACCOUNT__C,,,,,,,
BPD,STAGING,68800010001,TIAA_SALESFORCE,ACCOUNT,OF_REQUESTS__C,FACTS_COMPANYFACTS,TAG_VALUE_COLUMN,,OF_REQUESTS__C,,,,,,,
BPD,STAGING,68800010001,TIAA_SALESFORCE,ACCOUNT,INSTITUTIONAL_OPEN_OPPORTUNITIES__C,FACTS_COMPANYFACTS,TAG_VALUE_COLUMN,,INSTITUTIONAL_OPEN_OPPORTUNITIES__C,,,,,,,
BPD,STAGING,68800010001,TIAA_SALESFORCE,ACCOUNT,INSTITUTIONAL_OPEN_OPPORTUNITIES_NUM__C,FACTS_COMPANYFACTS,TAG_VALUE_COLUMN,,INSTITUTIONAL_OPEN_OPPORTUNITIES_NUM__C,,,,,,,
BPD,STAGING,68800010001,TIAA_SALESFORCE,ACCOUNT,CONSENT_ON__C,FACTS_COMPANYFACTS,TAG_VALUE_COLUMN,,CONSENT_ON__C,,,,,,,
BPD,STAGING,68800010001,TIAA_SALESFORCE,ACCOUNT,CONSENTED_BY__C,FACTS_COMPANYFACTS,TAG_VALUE_COLUMN,,CONSENTED_BY__C,,,,,,,
BPD,STAGING,68800010001,TIAA_SALESFORCE,ACCOUNT,DATE_UNIVERSITY_FOUNDED__C,FACTS_COMPANYFACTS,TAG_VALUE_COLUMN,,DATE_UNIVERSITY_FOUNDED__C,,,,,,,
BPD,STAGING,68800010001,TIAA_SALESFORCE,ACCOUNT,DEFAULT_EDELIVERY_ELECTION__C,FACTS_COMPANYFACTS,TAG_VALUE_COLUMN,,DEFAULT_EDELIVERY_ELECTION__C,,,,,,,
BPD,STAGING,68800010001,TIAA_SALESFORCE,ACCOUNT,DESCRIBE_STUDENT_AND_FACULTY_COMPOSITION__C,FACTS_COMPANYFACTS,TAG_VALUE_COLUMN,,DESCRIBE_STUDENT_AND_FACULTY_COMPOSITION__C,,,,,,,
BPD,STAGING,68800010001,TIAA_SALESFORCE,ACCOUNT,LENGTH_OF_RELATIONSHIP__C,FACTS_COMPANYFACTS,TAG_VALUE_COLUMN,,LENGTH_OF_RELATIONSHIP__C,,,,,,,
BPD,STAGING,68800010001,TIAA_SALESFORCE,ACCOUNT,MOTTO__C,FACTS_COMPANYFACTS,TAG_VALUE_COLUMN,,MOTTO__C,,,,,,,
BPD,STAGING,68800010001,TIAA_SALESFORCE,ACCOUNT,SV_TIAA_ACCOUNT__C,FACTS_COMPANYFACTS,TAG_VALUE_COLUMN,,SV_TIAA_ACCOUNT__C,,,,,,,
BPD,STAGING,68800010001,TIAA_SALESFORCE,ACCOUNT,LPL_INDICATOR__C,FACTS_COMPANYFACTS,TAG_VALUE_COLUMN,,LPL_INDICATOR__C,,,,,,,
BPD,STAGING,68800010001,TIAA_SALESFORCE,ACCOUNT,AMBD_AFFILIATED_INDICATOR__C,FACTS_COMPANYFACTS,TAG_VALUE_COLUMN,,AMBD_AFFILIATED_INDICATOR__C,,,,,,,
BPD,STAGING,68800010001,TIAA_SALESFORCE,ACCOUNT,LAST_INTERACTION_DATE__C,FACTS_COMPANYFACTS,TAG_VALUE_COLUMN,,LAST_INTERACTION_DATE__C,,,,,,,
BPD,STAGING,68800010001,TIAA_SALESFORCE,ACCOUNT,MALATITUDE__C,FACTS_COMPANYFACTS,TAG_VALUE_COLUMN,,MALATITUDE__C,,,,,,,
BPD,STAGING,68800010001,TIAA_SALESFORCE,ACCOUNT,MALONGITUDE__C,FACTS_COMPANYFACTS,TAG_VALUE_COLUMN,,MALONGITUDE__C,,,,,,,
BPD,STAGING,68800010001,TIAA_SALESFORCE,ACCOUNT,BD_ID__C,FACTS_COMPANYFACTS,TAG_VALUE_COLUMN,,BD_ID__C,,,,,,,
BPD,STAGING,68800010001,TIAA_SALESFORCE,ACCOUNT,REGISTRATION_DATE__C,FACTS_COMPANYFACTS,TAG_VALUE_COLUMN,,REGISTRATION_DATE__C,,,,,,,
BPD,STAGING,68800010001,TIAA_SALESFORCE,ACCOUNT,CONTRACT_RENEWAL_DATE__C,FACTS_COMPANYFACTS,TAG_VALUE_COLUMN,,CONTRACT_RENEWAL_DATE__C,,,,,,,
BPD,STAGING,68800010001,TIAA_SALESFORCE,ACCOUNT,AMBD_ACCOUNT_ASSIGNMENT__C,FACTS_COMPANYFACTS,TAG_VALUE_COLUMN,,AMBD_ACCOUNT_ASSIGNMENT__C,,,,,,,
BPD,STAGING,68800010001,TIAA_SALESFORCE,ACCOUNT,SHORT_DESCRIPTION__C,FACTS_COMPANYFACTS,TAG_VALUE_COLUMN,,SHORT_DESCRIPTION__C,,,,,,,
BPD,STAGING,68800010001,TIAA_SALESFORCE,ACCOUNT,AMBD_AFFILIATED_INDIVIDUAL_TIER_LEVEL__C,FACTS_COMPANYFACTS,TAG_VALUE_COLUMN,,AMBD_AFFILIATED_INDIVIDUAL_TIER_LEVEL__C,,,,,,,
BPD,STAGING,68800010001,TIAA_SALESFORCE,ACCOUNT,AMBD_AFFILIATED_INSTITUTIONAL_TIER_LEVEL__C,FACTS_COMPANYFACTS,TAG_VALUE_COLUMN,,AMBD_AFFILIATED_INSTITUTIONAL_TIER_LEVEL__C,,,,,,,
BPD,STAGING,68800010001,TIAA_SALESFORCE,ACCOUNT,AMBD_AT_RISK_TIER__C,FACTS_COMPANYFACTS,TAG_VALUE_COLUMN,,AMBD_AT_RISK_TIER__C,,,,,,,
BPD,STAGING,68800010001,TIAA_SALESFORCE,ACCOUNT,AMBD_PRIMARY_REASON__C,FACTS_COMPANYFACTS,TAG_VALUE_COLUMN,,AMBD_PRIMARY_REASON__C,,,,,,,
BPD,STAGING,68800010001,TIAA_SALESFORCE,ACCOUNT,AMBD_PROBABILITY_AT_RISK__C,FACTS_COMPANYFACTS,TAG_VALUE_COLUMN,,AMBD_PROBABILITY_AT_RISK__C,,,,,,,
BPD,STAGING,68800010001,TIAA_SALESFORCE,ACCOUNT,AMBD_RISK_COMMENTS__C,FACTS_COMPANYFACTS,TAG_VALUE_COLUMN,,AMBD_RISK_COMMENTS__C,,,,,,,
BPD,STAGING,68800010001,TIAA_SALESFORCE,ACCOUNT,AMBD_SECONDARY_REASON__C,FACTS_COMPANYFACTS,TAG_VALUE_COLUMN,,AMBD_SECONDARY_REASON__C,,,,,,,
BPD,STAGING,68800010001,TIAA_SALESFORCE,ACCOUNT,ANNUAL_GOALS__C,FACTS_COMPANYFACTS,TAG_VALUE_COLUMN,,ANNUAL_GOALS__C,,,,,,,
BPD,STAGING,68800010001,TIAA_SALESFORCE,ACCOUNT,FIRM_DESCRIPTION_CLIENT_MAKE_UP__C,FACTS_COMPANYFACTS,TAG_VALUE_COLUMN,,FIRM_DESCRIPTION_CLIENT_MAKE_UP__C,,,,,,,
BPD,STAGING,68800010001,TIAA_SALESFORCE,ACCOUNT,MANAGER_RESEARCH_PROCESS__C,FACTS_COMPANYFACTS,TAG_VALUE_COLUMN,,MANAGER_RESEARCH_PROCESS__C,,,,,,,
BPD,STAGING,68800010001,TIAA_SALESFORCE,ACCOUNT,AMBD_ACCOUNT_BUSINESS_MODEL__C,FACTS_COMPANYFACTS,TAG_VALUE_COLUMN,,AMBD_ACCOUNT_BUSINESS_MODEL__C,,,,,,,
BPD,STAGING,68800010001,TIAA_SALESFORCE,ACCOUNT,NUVEEN_SALESPAGE_ID__C,FACTS_COMPANYFACTS,TAG_VALUE_COLUMN,,NUVEEN_SALESPAGE_ID__C,,,,,,,
BPD,STAGING,68800010001,TIAA_SALESFORCE,ACCOUNT,ACCOUNT_HIERARCHY__C,FACTS_COMPANYFACTS,TAG_VALUE_COLUMN,,ACCOUNT_HIERARCHY__C,,,,,,,
BPD,STAGING,68800010001,TIAA_SALESFORCE,ACCOUNT,CLIENT_NAME__C,FACTS_COMPANYFACTS,TAG_VALUE_COLUMN,,CLIENT_NAME__C,,,,,,,
BPD,STAGING,68800010001,TIAA_SALESFORCE,ACCOUNT,CLIENT_TIAA_SIEBEL_ROW_ID__C,FACTS_COMPANYFACTS,TAG_VALUE_COLUMN,,CLIENT_TIAA_SIEBEL_ROW_ID__C,,,,,,,
BPD,STAGING,68800010001,TIAA_SALESFORCE,ACCOUNT,CONTROL_CODE__C,FACTS_COMPANYFACTS,TAG_VALUE_COLUMN,,CONTROL_CODE__C,,,,,,,
BPD,STAGING,68800010001,TIAA_SALESFORCE,ACCOUNT,DIVSUB_EMPLOYER__C,FACTS_COMPANYFACTS,TAG_VALUE_COLUMN,,DIVSUB_EMPLOYER__C,,,,,,,
BPD,STAGING,68800010001,TIAA_SALESFORCE,ACCOUNT,EIN__C,FACTS_COMPANYFACTS,TAG_VALUE_COLUMN,,EIN__C,,,,,,,
BPD,STAGING,68800010001,TIAA_SALESFORCE,ACCOUNT,ERISA__C,FACTS_COMPANYFACTS,TAG_VALUE_COLUMN,,ERISA__C,,,,,,,
BPD,STAGING,68800010001,TIAA_SALESFORCE,ACCOUNT,EMERITI__C,FACTS_COMPANYFACTS,TAG_VALUE_COLUMN,,EMERITI__C,,,,,,,
BPD,STAGING,68800010001,TIAA_SALESFORCE,ACCOUNT,EMPLOYER_ID__C,FACTS_COMPANYFACTS,TAG_VALUE_COLUMN,,EMPLOYER_ID__C,,,,,,,
BPD,STAGING,68800010001,TIAA_SALESFORCE,ACCOUNT,IR_FLAG__C,FACTS_COMPANYFACTS,TAG_VALUE_COLUMN,,IR_FLAG__C,,,,,,,
BPD,STAGING,68800010001,TIAA_SALESFORCE,ACCOUNT,IR_REGION__C,FACTS_COMPANYFACTS,TAG_VALUE_COLUMN,,IR_REGION__C,,,,,,,
BPD,STAGING,68800010001,TIAA_SALESFORCE,ACCOUNT,LOCATION_ID__C,FACTS_COMPANYFACTS,TAG_VALUE_COLUMN,,LOCATION_ID__C,,,,,,,
BPD,STAGING,68800010001,TIAA_SALESFORCE,ACCOUNT,ORGANIZATION_TYPE__C,FACTS_COMPANYFACTS,TAG_VALUE_COLUMN,,ORGANIZATION_TYPE__C,,,,,,,
BPD,STAGING,68800010001,TIAA_SALESFORCE,ACCOUNT,OTHER__C,FACTS_COMPANYFACTS,TAG_VALUE_COLUMN,,OTHER__C,,,,,,,
BPD,STAGING,68800010001,TIAA_SALESFORCE,ACCOUNT,PARENT_EMPLOYER_WEBSITE__C,FACTS_COMPANYFACTS,TAG_VALUE_COLUMN,,PARENT_EMPLOYER_WEBSITE__C,,,,,,,
BPD,STAGING,68800010001,TIAA_SALESFORCE,ACCOUNT,PLAN_EMPLOYER__C,FACTS_COMPANYFACTS,TAG_VALUE_COLUMN,,PLAN_EMPLOYER__C,,,,,,,
BPD,STAGING,68800010001,TIAA_SALESFORCE,ACCOUNT,PRIMARY_STATE__C,FACTS_COMPANYFACTS,TAG_VALUE_COLUMN,,PRIMARY_STATE__C,,,,,,,
BPD,STAGING,68800010001,TIAA_SALESFORCE,ACCOUNT,RISK_LEVEL_FLAG__C,FACTS_COMPANYFACTS,TAG_VALUE_COLUMN,,RISK_LEVEL_FLAG__C,,,,,,,
BPD,STAGING,68800010001,TIAA_SALESFORCE,ACCOUNT,SERVICES__C,FACTS_COMPANYFACTS,TAG_VALUE_COLUMN,,SERVICES__C,,,,,,,
BPD,STAGING,68800010001,TIAA_SALESFORCE,ACCOUNT,SYSTEM_INTEGRATION_ID__C,FACTS_COMPANYFACTS,TAG_VALUE_COLUMN,,SYSTEM_INTEGRATION_ID__C,,,,,,,
BPD,STAGING,68800010001,TIAA_SALESFORCE,ACCOUNT,NO_OF_INSTITUTIONAL_OPPORTUNITIES__C,FACTS_COMPANYFACTS,TAG_VALUE_COLUMN,,NO_OF_INSTITUTIONAL_OPPORTUNITIES__C,,,,,,,
BPD,STAGING,68800010001,TIAA_SALESFORCE,ACCOUNT,SIEBEL_CLIENT_NAME__C,FACTS_COMPANYFACTS,TAG_VALUE_COLUMN,,SIEBEL_CLIENT_NAME__C,,,,,,,
BPD,STAGING,68800010001,TIAA_SALESFORCE,ACCOUNT,SIEBEL_ULTIMATE_CLIENT_NAME__C,FACTS_COMPANYFACTS,TAG_VALUE_COLUMN,,SIEBEL_ULTIMATE_CLIENT_NAME__C,,,,,,,
BPD,STAGING,68800010001,TIAA_SALESFORCE,ACCOUNT,UNIVERSITY_ACCOLADES__C,FACTS_COMPANYFACTS,TAG_VALUE_COLUMN,,UNIVERSITY_ACCOLADES__C,,,,,,,
BPD,STAGING,68800010001,TIAA_SALESFORCE,ACCOUNT,THIRD_PARTY_ACCOUNT_ROLE__C,FACTS_COMPANYFACTS,TAG_VALUE_COLUMN,,THIRD_PARTY_ACCOUNT_ROLE__C,,,,,,,
BPD,STAGING,68800010001,TIAA_SALESFORCE,ACCOUNT,TIER_LEVEL_DCIO_STRATEGIC_ACCOUNTS__C,FACTS_COMPANYFACTS,TAG_VALUE_COLUMN,,TIER_LEVEL_DCIO_STRATEGIC_ACCOUNTS__C,,,,,,,
BPD,STAGING,68800010001,TIAA_SALESFORCE,ACCOUNT,ENTERPRISE_ASSET_UNDER_ADVISEMENT__C,FACTS_COMPANYFACTS,TAG_VALUE_COLUMN,,ENTERPRISE_ASSET_UNDER_ADVISEMENT__C,,,,,,,
BPD,STAGING,68800010001,TIAA_SALESFORCE,ACCOUNT,MASTER_RECORD_KEEPER_VENDOR__C,FACTS_COMPANYFACTS,TAG_VALUE_COLUMN,,MASTER_RECORD_KEEPER_VENDOR__C,,,,,,,
BPD,STAGING,68800010001,TIAA_SALESFORCE,ACCOUNT,NUVEEN_EST_ANNUALIZED_REVENUE__C,FACTS_COMPANYFACTS,TAG_VALUE_COLUMN,,NUVEEN_EST_ANNUALIZED_REVENUE__C,,,,,,,
BPD,STAGING,68800010001,TIAA_SALESFORCE,ACCOUNT,NUVEEN_ID__C,FACTS_COMPANYFACTS,TAG_VALUE_COLUMN,,NUVEEN_ID__C,,,,,,,
BPD,STAGING,68800010001,TIAA_SALESFORCE,ACCOUNT,RECORD_KEEPING_DEFAULT_VENDOR__C,FACTS_COMPANYFACTS,TAG_VALUE_COLUMN,,RECORD_KEEPING_DEFAULT_VENDOR__C,,,,,,,
BPD,STAGING,68800010001,TIAA_SALESFORCE,ACCOUNT,RECORD_KEEPING_STATUS__C,FACTS_COMPANYFACTS,TAG_VALUE_COLUMN,,RECORD_KEEPING_STATUS__C,,,,,,,
BPD,STAGING,68800010001,TIAA_SALESFORCE,ACCOUNT,RECORD_KEEPING_TARGET_RENEWAL__C,FACTS_COMPANYFACTS,TAG_VALUE_COLUMN,,RECORD_KEEPING_TARGET_RENEWAL__C,,,,,,,
BPD,STAGING,68800010001,TIAA_SALESFORCE,ACCOUNT,TOTAL_PLAN_ASSETS__C,FACTS_COMPANYFACTS,TAG_VALUE_COLUMN,,TOTAL_PLAN_ASSETS__C,,,,,,,
BPD,STAGING,68800010001,TIAA_SALESFORCE,ACCOUNT,ULTIMATE_INSTITUTIONAL_SEGMENT__C,FACTS_COMPANYFACTS,TAG_VALUE_COLUMN,,ULTIMATE_INSTITUTIONAL_SEGMENT__C,,,,,,,
BPD,STAGING,68800010001,TIAA_SALESFORCE,ACCOUNT,ULTIMATE_RELATIONSHIP_MANAGER__C,FACTS_COMPANYFACTS,TAG_VALUE_COLUMN,,ULTIMATE_RELATIONSHIP_MANAGER__C,,,,,,,
BPD,STAGING,68800010001,TIAA_SALESFORCE,ACCOUNT,VALIDATION_DATE__C,FACTS_COMPANYFACTS,TAG_VALUE_COLUMN,,VALIDATION_DATE__C,,,,,,,
BPD,STAGING,68800010001,TIAA_SALESFORCE,ACCOUNT,RC_RCP__C,FACTS_COMPANYFACTS,TAG_VALUE_COLUMN,,RC_RCP__C,,,,,,,
BPD,STAGING,68800010001,TIAA_SALESFORCE,ACCOUNT,PRE_2016_INSTITUTIONAL_REGION__C,FACTS_COMPANYFACTS,TAG_VALUE_COLUMN,,PRE_2016_INSTITUTIONAL_REGION__C,,,,,,,
BPD,STAGING,68800010001,TIAA_SALESFORCE,ACCOUNT,PRE_2016_INSTITUTIONAL_SEGMENT__C,FACTS_COMPANYFACTS,TAG_VALUE_COLUMN,,PRE_2016_INSTITUTIONAL_SEGMENT__C,,,,,,,
BPD,STAGING,68800010001,TIAA_SALESFORCE,ACCOUNT,PRE_2016_INSTITUTIONAL_SUB_SEGMENT__C,FACTS_COMPANYFACTS,TAG_VALUE_COLUMN,,PRE_2016_INSTITUTIONAL_SUB_SEGMENT__C,,,,,,,
BPD,STAGING,68800010001,TIAA_SALESFORCE,ACCOUNT,TEST_ACCOUNT__C,FACTS_COMPANYFACTS,TAG_VALUE_COLUMN,,TEST_ACCOUNT__C,,,,,,,
BPD,STAGING,68800010001,TIAA_SALESFORCE,ACCOUNT,X2017_CLIENT_TRANSITION_STATUS__C,FACTS_COMPANYFACTS,TAG_VALUE_COLUMN,,X2017_CLIENT_TRANSITION_STATUS__C,,,,,,,
BPD,STAGING,68800010001,TIAA_SALESFORCE,ACCOUNT,X2017_CLIENT_TRANSITION_QUALITY__C,FACTS_COMPANYFACTS,TAG_VALUE_COLUMN,,X2017_CLIENT_TRANSITION_QUALITY__C,,,,,,,
BPD,STAGING,68800010001,TIAA_SALESFORCE,ACCOUNT,X2017_CLIENT_TRANSITION_NOTES__C,FACTS_COMPANYFACTS,TAG_VALUE_COLUMN,,X2017_CLIENT_TRANSITION_NOTES__C,,,,,,,
BPD,STAGING,68800010001,TIAA_SALESFORCE,ACCOUNT,CLIENT_SEGMENT__C,FACTS_COMPANYFACTS,TAG_VALUE_COLUMN,,CLIENT_SEGMENT__C,,,,,,,
BPD,STAGING,68800010001,TIAA_SALESFORCE,ACCOUNT,CLIENT_TERRITORY__C,FACTS_COMPANYFACTS,TAG_VALUE_COLUMN,,CLIENT_TERRITORY__C,,,,,,,
BPD,STAGING,68800010001,TIAA_SALESFORCE,ACCOUNT,CLIENT_REGION__C,FACTS_COMPANYFACTS,TAG_VALUE_COLUMN,,CLIENT_REGION__C,,,,,,,
BPD,STAGING,68800010001,TIAA_SALESFORCE,ACCOUNT,ADDITIONAL_INFORMATION__C,FACTS_COMPANYFACTS,TAG_VALUE_COLUMN,,ADDITIONAL_INFORMATION__C,,,,,,,
BPD,STAGING,68800010001,TIAA_SALESFORCE,ACCOUNT,BUSINESS_MODEL__C,FACTS_COMPANYFACTS,TAG_VALUE_COLUMN,,BUSINESS_MODEL__C,,,,,,,
BPD,STAGING,68800010001,TIAA_SALESFORCE,ACCOUNT,GEOGRAPHIC_FOOTPRINT__C,FACTS_COMPANYFACTS,TAG_VALUE_COLUMN,,GEOGRAPHIC_FOOTPRINT__C,,,,,,,
BPD,STAGING,68800010001,TIAA_SALESFORCE,ACCOUNT,KNOWLEDGE_TIAA_INVESTMENT_CAPABILITIES__C,FACTS_COMPANYFACTS,TAG_VALUE_COLUMN,,KNOWLEDGE_TIAA_INVESTMENT_CAPABILITIES__C,,,,,,,
BPD,STAGING,68800010001,TIAA_SALESFORCE,ACCOUNT,KNOWLEDGE_OF_403_B_MARKETPLACE__C,FACTS_COMPANYFACTS,TAG_VALUE_COLUMN,,KNOWLEDGE_OF_403_B_MARKETPLACE__C,,,,,,,
BPD,STAGING,68800010001,TIAA_SALESFORCE,ACCOUNT,MAJOR_OFFICE_LOCATIONS__C,FACTS_COMPANYFACTS,TAG_VALUE_COLUMN,,MAJOR_OFFICE_LOCATIONS__C,,,,,,,
BPD,STAGING,68800010001,TIAA_SALESFORCE,ACCOUNT,POSITION_CE_A__C,FACTS_COMPANYFACTS,TAG_VALUE_COLUMN,,POSITION_CE_A__C,,,,,,,
BPD,STAGING,68800010001,TIAA_SALESFORCE,ACCOUNT,POTENTIAL_TIAA_PAIN_POINTS__C,FACTS_COMPANYFACTS,TAG_VALUE_COLUMN,,POTENTIAL_TIAA_PAIN_POINTS__C,,,,,,,
BPD,STAGING,68800010001,TIAA_SALESFORCE,ACCOUNT,RC_RCP_STATUS__C,FACTS_COMPANYFACTS,TAG_VALUE_COLUMN,,RC_RCP_STATUS__C,,,,,,,
BPD,STAGING,68800010001,TIAA_SALESFORCE,ACCOUNT,RISK_ASSESSMENT__C,FACTS_COMPANYFACTS,TAG_VALUE_COLUMN,,RISK_ASSESSMENT__C,,,,,,,
BPD,STAGING,68800010001,TIAA_SALESFORCE,ACCOUNT,SECTOR_FOCUS_1__C,FACTS_COMPANYFACTS,TAG_VALUE_COLUMN,,SECTOR_FOCUS_1__C,,,,,,,
BPD,STAGING,68800010001,TIAA_SALESFORCE,ACCOUNT,SECTOR_FOCUS_2__C,FACTS_COMPANYFACTS,TAG_VALUE_COLUMN,,SECTOR_FOCUS_2__C,,,,,,,
BPD,STAGING,68800010001,TIAA_SALESFORCE,ACCOUNT,SENTIMENT_TOWARDS_IN_PLAN_ANNUITIES__C,FACTS_COMPANYFACTS,TAG_VALUE_COLUMN,,SENTIMENT_TOWARDS_IN_PLAN_ANNUITIES__C,,,,,,,
BPD,STAGING,68800010001,TIAA_SALESFORCE,ACCOUNT,THIRD_PARTY_FIRM_ID__C,FACTS_COMPANYFACTS,TAG_VALUE_COLUMN,,THIRD_PARTY_FIRM_ID__C,,,,,,,
BPD,STAGING,68800010001,TIAA_SALESFORCE,ACCOUNT,TOTAL_FIRM_AUA__C,FACTS_COMPANYFACTS,TAG_VALUE_COLUMN,,TOTAL_FIRM_AUA__C,,,,,,,
BPD,STAGING,68800010001,TIAA_SALESFORCE,ACCOUNT,UNDERSTANDING_OF_CONTRACTS__C,FACTS_COMPANYFACTS,TAG_VALUE_COLUMN,,UNDERSTANDING_OF_CONTRACTS__C,,,,,,,
BPD,STAGING,68800010001,TIAA_SALESFORCE,ACCOUNT,VIEWPOINT_ON_TIAA_TRADITIONAL__C,FACTS_COMPANYFACTS,TAG_VALUE_COLUMN,,VIEWPOINT_ON_TIAA_TRADITIONAL__C,,,,,,,
BPD,STAGING,68800010001,TIAA_SALESFORCE,ACCOUNT,WHAT_THEY_LIKE_ABOUT_TIAA__C,FACTS_COMPANYFACTS,TAG_VALUE_COLUMN,,WHAT_THEY_LIKE_ABOUT_TIAA__C,,,,,,,
BPD,STAGING,68800010001,TIAA_SALESFORCE,ACCOUNT,GRA_TYPE__C,FACTS_COMPANYFACTS,TAG_VALUE_COLUMN,,GRA_TYPE__C,,,,,,,
BPD,STAGING,68800010001,TIAA_SALESFORCE,ACCOUNT,GSRA_TYPE__C,FACTS_COMPANYFACTS,TAG_VALUE_COLUMN,,GSRA_TYPE__C,,,,,,,
BPD,STAGING,68800010001,TIAA_SALESFORCE,ACCOUNT,RA_TYPE__C,FACTS_COMPANYFACTS,TAG_VALUE_COLUMN,,RA_TYPE__C,,,,,,,
BPD,STAGING,68800010001,TIAA_SALESFORCE,ACCOUNT,RCP_TYPE__C,FACTS_COMPANYFACTS,TAG_VALUE_COLUMN,,RCP_TYPE__C,,,,,,,
BPD,STAGING,68800010001,TIAA_SALESFORCE,ACCOUNT,RC_TYPE__C,FACTS_COMPANYFACTS,TAG_VALUE_COLUMN,,RC_TYPE__C,,,,,,,
BPD,STAGING,68800010001,TIAA_SALESFORCE,ACCOUNT,SRA_TYPE__C,FACTS_COMPANYFACTS,TAG_VALUE_COLUMN,,SRA_TYPE__C,,,,,,,
BPD,STAGING,68800010001,TIAA_SALESFORCE,ACCOUNT,SUB_PLAN_RA__C,FACTS_COMPANYFACTS,TAG_VALUE_COLUMN,,SUB_PLAN_RA__C,,,,,,,
BPD,STAGING,68800010001,TIAA_SALESFORCE,ACCOUNT,X2017_SRP_TARGET__C,FACTS_COMPANYFACTS,TAG_VALUE_COLUMN,,X2017_SRP_TARGET__C,,,,,,,
BPD,STAGING,68800010001,TIAA_SALESFORCE,ACCOUNT,ACCOUNT_EXTENSION__C,FACTS_COMPANYFACTS,TAG_VALUE_COLUMN,,ACCOUNT_EXTENSION__C,,,,,,,
BPD,STAGING,68800010001,TIAA_SALESFORCE,ACCOUNT,ACTIVELY_CONTRIBUTING_PARTICIPANTS__C,FACTS_COMPANYFACTS,TAG_VALUE_COLUMN,,ACTIVELY_CONTRIBUTING_PARTICIPANTS__C,,,,,,,
BPD,STAGING,68800010001,TIAA_SALESFORCE,ACCOUNT,CLIENT_RANK2__C,FACTS_COMPANYFACTS,TAG_VALUE_COLUMN,,CLIENT_RANK2__C,,,,,,,
BPD,STAGING,68800010001,TIAA_SALESFORCE,ACCOUNT,CLIENT_RANKING2__C,FACTS_COMPANYFACTS,TAG_VALUE_COLUMN,,CLIENT_RANKING2__C,,,,,,,
BPD,STAGING,68800010001,TIAA_SALESFORCE,ACCOUNT,CLIENT_SINCE__C,FACTS_COMPANYFACTS,TAG_VALUE_COLUMN,,CLIENT_SINCE__C,,,,,,,
BPD,STAGING,68800010001,TIAA_SALESFORCE,ACCOUNT,CONTRIBUTIONS_YTD__C,FACTS_COMPANYFACTS,TAG_VALUE_COLUMN,,CONTRIBUTIONS_YTD__C,,,,,,,
BPD,STAGING,68800010001,TIAA_SALESFORCE,ACCOUNT,DCA_CLIENT__C,FACTS_COMPANYFACTS,TAG_VALUE_COLUMN,,DCA_CLIENT__C,,,,,,,
BPD,STAGING,68800010001,TIAA_SALESFORCE,ACCOUNT,ENROLLMENT_METHOD__C,FACTS_COMPANYFACTS,TAG_VALUE_COLUMN,,ENROLLMENT_METHOD__C,,,,,,,
BPD,STAGING,68800010001,TIAA_SALESFORCE,ACCOUNT,FCG_SESSIONS__C,FACTS_COMPANYFACTS,TAG_VALUE_COLUMN,,FCG_SESSIONS__C,,,,,,,
BPD,STAGING,68800010001,TIAA_SALESFORCE,ACCOUNT,FILE_LAYOUT__C,FACTS_COMPANYFACTS,TAG_VALUE_COLUMN,,FILE_LAYOUT__C,,,,,,,
BPD,STAGING,68800010001,TIAA_SALESFORCE,ACCOUNT,FIRST_PHASE_SWOT__C,FACTS_COMPANYFACTS,TAG_VALUE_COLUMN,,FIRST_PHASE_SWOT__C,,,,,,,
BPD,STAGING,68800010001,TIAA_SALESFORCE,ACCOUNT,FORFEITURE_ACCOUNT__C,FACTS_COMPANYFACTS,TAG_VALUE_COLUMN,,FORFEITURE_ACCOUNT__C,,,,,,,
BPD,STAGING,68800010001,TIAA_SALESFORCE,ACCOUNT,IAS_SESSIONS__C,FACTS_COMPANYFACTS,TAG_VALUE_COLUMN,,IAS_SESSIONS__C,,,,,,,
BPD,STAGING,68800010001,TIAA_SALESFORCE,ACCOUNT,INFLOWS_YTD__C,FACTS_COMPANYFACTS,TAG_VALUE_COLUMN,,INFLOWS_YTD__C,,,,,,,
BPD,STAGING,68800010001,TIAA_SALESFORCE,ACCOUNT,INTERIM_SOLUTIONS__C,FACTS_COMPANYFACTS,TAG_VALUE_COLUMN,,INTERIM_SOLUTIONS__C,,,,,,,
BPD,STAGING,68800010001,TIAA_SALESFORCE,ACCOUNT,KEY_INFLUENCER_IAS_ENGAGEMENT__C,FACTS_COMPANYFACTS,TAG_VALUE_COLUMN,,KEY_INFLUENCER_IAS_ENGAGEMENT__C,,,,,,,
BPD,STAGING,68800010001,TIAA_SALESFORCE,ACCOUNT,LAST_RISK_ASSESSMENT_DATE2__C,FACTS_COMPANYFACTS,TAG_VALUE_COLUMN,,LAST_RISK_ASSESSMENT_DATE2__C,,,,,,,
BPD,STAGING,68800010001,TIAA_SALESFORCE,ACCOUNT,LOAN_REPAY_REMIT_FREQUENCY__C,FACTS_COMPANYFACTS,TAG_VALUE_COLUMN,,LOAN_REPAY_REMIT_FREQUENCY__C,,,,,,,
BPD,STAGING,68800010001,TIAA_SALESFORCE,ACCOUNT,LOAN_TYPE__C,FACTS_COMPANYFACTS,TAG_VALUE_COLUMN,,LOAN_TYPE__C,,,,,,,
BPD,STAGING,68800010001,TIAA_SALESFORCE,ACCOUNT,NON_CONTRIBUTING_PARTICIPANTS__C,FACTS_COMPANYFACTS,TAG_VALUE_COLUMN,,NON_CONTRIBUTING_PARTICIPANTS__C,,,,,,,
BPD,STAGING,68800010001,TIAA_SALESFORCE,ACCOUNT,PAYROLL_PROVIDER__C,FACTS_COMPANYFACTS,TAG_VALUE_COLUMN,,PAYROLL_PROVIDER__C,,,,,,,
BPD,STAGING,68800010001,TIAA_SALESFORCE,ACCOUNT,PLAN_DOCUMENT_STATUS__C,FACTS_COMPANYFACTS,TAG_VALUE_COLUMN,,PLAN_DOCUMENT_STATUS__C,,,,,,,
BPD,STAGING,68800010001,TIAA_SALESFORCE,ACCOUNT,PRIOR_YR_CONTRIBUTIONS_PROP_INVESTMENTS__C,FACTS_COMPANYFACTS,TAG_VALUE_COLUMN,,PRIOR_YR_CONTRIBUTIONS_PROP_INVESTMENTS__C,,,,,,,
BPD,STAGING,68800010001,TIAA_SALESFORCE,ACCOUNT,PRIOR_YR_CONTRIBUTIONS__C,FACTS_COMPANYFACTS,TAG_VALUE_COLUMN,,PRIOR_YR_CONTRIBUTIONS__C,,,,,,,
BPD,STAGING,68800010001,TIAA_SALESFORCE,ACCOUNT,PRIOR_YR_CONTRIBUTIONS_TO_PROPRIETARY_IN__C,FACTS_COMPANYFACTS,TAG_VALUE_COLUMN,,PRIOR_YR_CONTRIBUTIONS_TO_PROPRIETARY_IN__C,,,,,,,
BPD,STAGING,68800010001,TIAA_SALESFORCE,ACCOUNT,PRIOR_YR_INFLOWS_ROLLOVERS_TRANSFERS__C,FACTS_COMPANYFACTS,TAG_VALUE_COLUMN,,PRIOR_YR_INFLOWS_ROLLOVERS_TRANSFERS__C,,,,,,,
BPD,STAGING,68800010001,TIAA_SALESFORCE,ACCOUNT,PRIOR_YR_OUTFLOWS_TO_COMPETITORS__C,FACTS_COMPANYFACTS,TAG_VALUE_COLUMN,,PRIOR_YR_OUTFLOWS_TO_COMPETITORS__C,,,,,,,
BPD,STAGING,68800010001,TIAA_SALESFORCE,ACCOUNT,PRIOR_YR_ROLLOVER_RECAPTURE_RATE__C,FACTS_COMPANYFACTS,TAG_VALUE_COLUMN,,PRIOR_YR_ROLLOVER_RECAPTURE_RATE__C,,,,,,,
BPD,STAGING,68800010001,TIAA_SALESFORCE,ACCOUNT,PRIOR_YR_ROLLOVERS__C,FACTS_COMPANYFACTS,TAG_VALUE_COLUMN,,PRIOR_YR_ROLLOVERS__C,,,,,,,
BPD,STAGING,68800010001,TIAA_SALESFORCE,ACCOUNT,QDIA_DEFAULT__C,FACTS_COMPANYFACTS,TAG_VALUE_COLUMN,,QDIA_DEFAULT__C,,,,,,,
BPD,STAGING,68800010001,TIAA_SALESFORCE,ACCOUNT,QDIA__C,FACTS_COMPANYFACTS,TAG_VALUE_COLUMN,,QDIA__C,,,,,,,
BPD,STAGING,68800010001,TIAA_SALESFORCE,ACCOUNT,REMITTANCE_TYPE__C,FACTS_COMPANYFACTS,TAG_VALUE_COLUMN,,REMITTANCE_TYPE__C,,,,,,,
BPD,STAGING,68800010001,TIAA_SALESFORCE,ACCOUNT,REVENUE_CREDIT_ACCOUNT__C,FACTS_COMPANYFACTS,TAG_VALUE_COLUMN,,REVENUE_CREDIT_ACCOUNT__C,,,,,,,
BPD,STAGING,68800010001,TIAA_SALESFORCE,ACCOUNT,RISK_LEVEL2__C,FACTS_COMPANYFACTS,TAG_VALUE_COLUMN,,RISK_LEVEL2__C,,,,,,,
BPD,STAGING,68800010001,TIAA_SALESFORCE,ACCOUNT,ROLLOVERS_YTD__C,FACTS_COMPANYFACTS,TAG_VALUE_COLUMN,,ROLLOVERS_YTD__C,,,,,,,
BPD,STAGING,68800010001,TIAA_SALESFORCE,ACCOUNT,SLA_FEES__C,FACTS_COMPANYFACTS,TAG_VALUE_COLUMN,,SLA_FEES__C,,,,,,,
BPD,STAGING,68800010001,TIAA_SALESFORCE,ACCOUNT,SECOND_PHASE_CLIENT_GOALS__C,FACTS_COMPANYFACTS,TAG_VALUE_COLUMN,,SECOND_PHASE_CLIENT_GOALS__C,,,,,,,
BPD,STAGING,68800010001,TIAA_SALESFORCE,ACCOUNT,TIAA_ASSETS_IN_PROPRIETARY_INVESTMENTS__C,FACTS_COMPANYFACTS,TAG_VALUE_COLUMN,,TIAA_ASSETS_IN_PROPRIETARY_INVESTMENTS__C,,,,,,,
BPD,STAGING,68800010001,TIAA_SALESFORCE,ACCOUNT,TIAA_OF_ASSETS_AT_ALL_VENDORS__C,FACTS_COMPANYFACTS,TAG_VALUE_COLUMN,,TIAA_OF_ASSETS_AT_ALL_VENDORS__C,,,,,,,
BPD,STAGING,68800010001,TIAA_SALESFORCE,ACCOUNT,THIRD_PHASE_SRP_ATTACHMENT__C,FACTS_COMPANYFACTS,TAG_VALUE_COLUMN,,THIRD_PHASE_SRP_ATTACHMENT__C,,,,,,,
BPD,STAGING,68800010001,TIAA_SALESFORCE,ACCOUNT,TOTAL_ASSETS_RECORD_KEPT_AT_TIAA__C,FACTS_COMPANYFACTS,TAG_VALUE_COLUMN,,TOTAL_ASSETS_RECORD_KEPT_AT_TIAA__C,,,,,,,
BPD,STAGING,68800010001,TIAA_SALESFORCE,ACCOUNT,TOTAL_PARTICIPANTS__C,FACTS_COMPANYFACTS,TAG_VALUE_COLUMN,,TOTAL_PARTICIPANTS__C,,,,,,,
BPD,STAGING,68800010001,TIAA_SALESFORCE,ACCOUNT,X2017_SRP_TARGET_QUARTER__C,FACTS_COMPANYFACTS,TAG_VALUE_COLUMN,,X2017_SRP_TARGET_QUARTER__C,,,,,,,
BPD,STAGING,68800010001,TIAA_SALESFORCE,ACCOUNT,GOAL_BASED_STRATEGY_STATEMENT__C,FACTS_COMPANYFACTS,TAG_VALUE_COLUMN,,GOAL_BASED_STRATEGY_STATEMENT__C,,,,,,,
BPD,STAGING,68800010001,TIAA_SALESFORCE,ACCOUNT,OPPORTUNITIES__C,FACTS_COMPANYFACTS,TAG_VALUE_COLUMN,,OPPORTUNITIES__C,,,,,,,
BPD,STAGING,68800010001,TIAA_SALESFORCE,ACCOUNT,STANDARD_INHOUSE_PLAN_DOCUMENT__C,FACTS_COMPANYFACTS,TAG_VALUE_COLUMN,,STANDARD_INHOUSE_PLAN_DOCUMENT__C,,,,,,,
BPD,STAGING,68800010001,TIAA_SALESFORCE,ACCOUNT,STRENGTHS__C,FACTS_COMPANYFACTS,TAG_VALUE_COLUMN,,STRENGTHS__C,,,,,,,
BPD,STAGING,68800010001,TIAA_SALESFORCE,ACCOUNT,THREATS__C,FACTS_COMPANYFACTS,TAG_VALUE_COLUMN,,THREATS__C,,,,,,,
BPD,STAGING,68800010001,TIAA_SALESFORCE,ACCOUNT,WEAKNESSES__C,FACTS_COMPANYFACTS,TAG_VALUE_COLUMN,,WEAKNESSES__C,,,,,,,
BPD,STAGING,68800010001,TIAA_SALESFORCE,ACCOUNT,BRSC_BRANCH_ID__C,FACTS_COMPANYFACTS,TAG_VALUE_COLUMN,,BRSC_BRANCH_ID__C,,,,,,,
BPD,STAGING,68800010001,TIAA_SALESFORCE,ACCOUNT,BRSC_FIRM_ID__C,FACTS_COMPANYFACTS,TAG_VALUE_COLUMN,,BRSC_FIRM_ID__C,,,,,,,
BPD,STAGING,68800010001,TIAA_SALESFORCE,ACCOUNT,ACTIVE__C,FACTS_COMPANYFACTS,TAG_VALUE_COLUMN,,ACTIVE__C,,,,,,,
BPD,STAGING,68800010001,TIAA_SALESFORCE,ACCOUNT,BRSC_FIRM_CRD__C,FACTS_COMPANYFACTS,TAG_VALUE_COLUMN,,BRSC_FIRM_CRD__C,,,,,,,
BPD,STAGING,68800010001,TIAA_SALESFORCE,ACCOUNT,BRSC_FIRM_BRANCH__C,FACTS_COMPANYFACTS,TAG_VALUE_COLUMN,,BRSC_FIRM_BRANCH__C,,,,,,,
BPD,STAGING,68800010001,TIAA_SALESFORCE,ACCOUNT,AUA_W_TIAA__C,FACTS_COMPANYFACTS,TAG_VALUE_COLUMN,,AUA_W_TIAA__C,,,,,,,
BPD,STAGING,68800010001,TIAA_SALESFORCE,ACCOUNT,DIGITAL_SCORE__C,FACTS_COMPANYFACTS,TAG_VALUE_COLUMN,,DIGITAL_SCORE__C,,,,,,,
BPD,STAGING,68800010001,TIAA_SALESFORCE,ACCOUNT,NON_ACTIVE_PARTICIPANTS__C,FACTS_COMPANYFACTS,TAG_VALUE_COLUMN,,NON_ACTIVE_PARTICIPANTS__C,,,,,,,
BPD,STAGING,68800010001,TIAA_SALESFORCE,ACCOUNT,AFFILIATED_NOTES__C,FACTS_COMPANYFACTS,TAG_VALUE_COLUMN,,AFFILIATED_NOTES__C,,,,,,,
BPD,STAGING,68800010001,TIAA_SALESFORCE,ACCOUNT,ANNUAL_PLAN_REVIEW__C,FACTS_COMPANYFACTS,TAG_VALUE_COLUMN,,ANNUAL_PLAN_REVIEW__C,,,,,,,
BPD,STAGING,68800010001,TIAA_SALESFORCE,ACCOUNT,AUTO_SAVE_ESCALATION__C,FACTS_COMPANYFACTS,TAG_VALUE_COLUMN,,AUTO_SAVE_ESCALATION__C,,,,,,,
BPD,STAGING,68800010001,TIAA_SALESFORCE,ACCOUNT,AUTOMATIC_ENROLLMENT__C,FACTS_COMPANYFACTS,TAG_VALUE_COLUMN,,AUTOMATIC_ENROLLMENT__C,,,,,,,
BPD,STAGING,68800010001,TIAA_SALESFORCE,ACCOUNT,CLIENT_SATISFACTION_FLAG__C,FACTS_COMPANYFACTS,TAG_VALUE_COLUMN,,CLIENT_SATISFACTION_FLAG__C,,,,,,,
BPD,STAGING,68800010001,TIAA_SALESFORCE,ACCOUNT,CLIENT_SATISFACTION_RATING__C,FACTS_COMPANYFACTS,TAG_VALUE_COLUMN,,CLIENT_SATISFACTION_RATING__C,,,,,,,
BPD,STAGING,68800010001,TIAA_SALESFORCE,ACCOUNT,COMPLIANCE_COORDINATOR_SERVICE__C,FACTS_COMPANYFACTS,TAG_VALUE_COLUMN,,COMPLIANCE_COORDINATOR_SERVICE__C,,,,,,,
BPD,STAGING,68800010001,TIAA_SALESFORCE,ACCOUNT,CONTRIBUTIONS_LIMITS_MONITORING__C,FACTS_COMPANYFACTS,TAG_VALUE_COLUMN,,CONTRIBUTIONS_LIMITS_MONITORING__C,,,,,,,
BPD,STAGING,68800010001,TIAA_SALESFORCE,ACCOUNT,ELIGIBILITY_TRACKING_SERVICES__C,FACTS_COMPANYFACTS,TAG_VALUE_COLUMN,,ELIGIBILITY_TRACKING_SERVICES__C,,,,,,,
BPD,STAGING,68800010001,TIAA_SALESFORCE,ACCOUNT,FORM_5500_PREPARATION_SERVICE__C,FACTS_COMPANYFACTS,TAG_VALUE_COLUMN,,FORM_5500_PREPARATION_SERVICE__C,,,,,,,
BPD,STAGING,68800010001,TIAA_SALESFORCE,ACCOUNT,HARDSHIP_SERVICE__C,FACTS_COMPANYFACTS,TAG_VALUE_COLUMN,,HARDSHIP_SERVICE__C,,,,,,,
BPD,STAGING,68800010001,TIAA_SALESFORCE,ACCOUNT,ONLINE_ENROLLMENT__C,FACTS_COMPANYFACTS,TAG_VALUE_COLUMN,,ONLINE_ENROLLMENT__C,,,,,,,
BPD,STAGING,68800010001,TIAA_SALESFORCE,ACCOUNT,QDIA_SERVICE__C,FACTS_COMPANYFACTS,TAG_VALUE_COLUMN,,QDIA_SERVICE__C,,,,,,,
BPD,STAGING,68800010001,TIAA_SALESFORCE,ACCOUNT,ULTIMATE_PARENT_ACCOUNT__C,FACTS_COMPANYFACTS,TAG_VALUE_COLUMN,,ULTIMATE_PARENT_ACCOUNT__C,,,,,,,
BPD,STAGING,68800010001,TIAA_SALESFORCE,ACCOUNT,VESTING_TRACKING_SERVICES__C,FACTS_COMPANYFACTS,TAG_VALUE_COLUMN,,VESTING_TRACKING_SERVICES__C,,,,,,,
BPD,STAGING,68800010001,TIAA_SALESFORCE,ACCOUNT,RM_NAME__C,FACTS_COMPANYFACTS,TAG_VALUE_COLUMN,,RM_NAME__C,,,,,,,
BPD,STAGING,68800010001,TIAA_SALESFORCE,ACCOUNT,ULTIMATE_RM_NAME__C,FACTS_COMPANYFACTS,TAG_VALUE_COLUMN,,ULTIMATE_RM_NAME__C,,,,,,,
BPD,STAGING,68800010001,TIAA_SALESFORCE,ACCOUNT,AGENCY_ACCESS_CODE__C,FACTS_COMPANYFACTS,TAG_VALUE_COLUMN,,AGENCY_ACCESS_CODE__C,,,,,,,
BPD,STAGING,68800010001,TIAA_SALESFORCE,ACCOUNT,DEPTID__C,FACTS_COMPANYFACTS,TAG_VALUE_COLUMN,,DEPTID__C,,,,,,,
BPD,STAGING,68800010001,TIAA_SALESFORCE,ACCOUNT,HIGH_TOUCH__C,FACTS_COMPANYFACTS,TAG_VALUE_COLUMN,,HIGH_TOUCH__C,,,,,,,
BPD,STAGING,68800010001,TIAA_SALESFORCE,ACCOUNT,IMPLEMENTATION_STATUS__C,FACTS_COMPANYFACTS,TAG_VALUE_COLUMN,,IMPLEMENTATION_STATUS__C,,,,,,,
BPD,STAGING,68800010001,TIAA_SALESFORCE,ACCOUNT,PAYROLL_TYPE__C,FACTS_COMPANYFACTS,TAG_VALUE_COLUMN,,PAYROLL_TYPE__C,,,,,,,
BPD,STAGING,68800010001,TIAA_SALESFORCE,ACCOUNT,REMITTANCE_FORMAT__C,FACTS_COMPANYFACTS,TAG_VALUE_COLUMN,,REMITTANCE_FORMAT__C,,,,,,,
BPD,STAGING,68800010001,TIAA_SALESFORCE,ACCOUNT,TREASURY_SERVICES__C,FACTS_COMPANYFACTS,TAG_VALUE_COLUMN,,TREASURY_SERVICES__C,,,,,,,
BPD,STAGING,68800010001,TIAA_SALESFORCE,ACCOUNT,VDC_NOTES__C,FACTS_COMPANYFACTS,TAG_VALUE_COLUMN,,VDC_NOTES__C,,,,,,,
BPD,STAGING,68800010001,TIAA_SALESFORCE,ACCOUNT,VDC_INDICATOR__C,FACTS_COMPANYFACTS,TAG_VALUE_COLUMN,,VDC_INDICATOR__C,,,,,,,
BPD,STAGING,68800010001,TIAA_SALESFORCE,ACCOUNT,LAST_MEETING_DATE__C,FACTS_COMPANYFACTS,TAG_VALUE_COLUMN,,LAST_MEETING_DATE__C,,,,,,,
BPD,STAGING,68800010001,TIAA_SALESFORCE,ACCOUNT,AM_RISK_FLAG__C,FACTS_COMPANYFACTS,TAG_VALUE_COLUMN,,AM_RISK_FLAG__C,,,,,,,
BPD,STAGING,68800010001,TIAA_SALESFORCE,ACCOUNT,AM_RISK_STATUS__C,FACTS_COMPANYFACTS,TAG_VALUE_COLUMN,,AM_RISK_STATUS__C,,,,,,,
BPD,STAGING,68800010001,TIAA_SALESFORCE,ACCOUNT,MSFID__C,FACTS_COMPANYFACTS,TAG_VALUE_COLUMN,,MSFID__C,,,,,,,
BPD,STAGING,68800010001,TIAA_SALESFORCE,ACCOUNT,PROPRIETARY_ANNUITY_AUM__C,FACTS_COMPANYFACTS,TAG_VALUE_COLUMN,,PROPRIETARY_ANNUITY_AUM__C,,,,,,,
BPD,STAGING,68800010001,TIAA_SALESFORCE,ACCOUNT,PROPRIETARY_MUTUAL_FUND_AUM__C,FACTS_COMPANYFACTS,TAG_VALUE_COLUMN,,PROPRIETARY_MUTUAL_FUND_AUM__C,,,,,,,
BPD,STAGING,68800010001,TIAA_SALESFORCE,ACCOUNT,RISK_TOPIC__C,FACTS_COMPANYFACTS,TAG_VALUE_COLUMN,,RISK_TOPIC__C,,,,,,,
BPD,STAGING,68800010001,TIAA_SALESFORCE,ACCOUNT,TOTAL_PROPRIETARY_AUM__C,FACTS_COMPANYFACTS,TAG_VALUE_COLUMN,,TOTAL_PROPRIETARY_AUM__C,,,,,,,
BPD,STAGING,68800010001,TIAA_SALESFORCE,ACCOUNT,CONSULTANT_DESIGNATION__C,FACTS_COMPANYFACTS,TAG_VALUE_COLUMN,,CONSULTANT_DESIGNATION__C,,,,,,,
BPD,STAGING,68800010001,TIAA_SALESFORCE,ACCOUNT,NYT_CLIENT_PULSE__C,FACTS_COMPANYFACTS,TAG_VALUE_COLUMN,,NYT_CLIENT_PULSE__C,,,,,,,
BPD,STAGING,68800010001,TIAA_SALESFORCE,ACCOUNT,CLIENT_RISK_ASSESSMENT_ID__C,FACTS_COMPANYFACTS,TAG_VALUE_COLUMN,,CLIENT_RISK_ASSESSMENT_ID__C,,,,,,,
BPD,STAGING,68800010001,TIAA_SALESFORCE,ACCOUNT,HEALTH_DATA_UPDATED__C,FACTS_COMPANYFACTS,TAG_VALUE_COLUMN,,HEALTH_DATA_UPDATED__C,,,,,,,
BPD,STAGING,68800010001,TIAA_SALESFORCE,ACCOUNT,IR_HEALTH_STATUS__C,FACTS_COMPANYFACTS,TAG_VALUE_COLUMN,,IR_HEALTH_STATUS__C,,,,,,,
BPD,STAGING,68800010001,TIAA_SALESFORCE,ACCOUNT,IT_HEALTH_STATUS__C,FACTS_COMPANYFACTS,TAG_VALUE_COLUMN,,IT_HEALTH_STATUS__C,,,,,,,
BPD,STAGING,68800010001,TIAA_SALESFORCE,ACCOUNT,NCC_HEALTH_STATUS__C,FACTS_COMPANYFACTS,TAG_VALUE_COLUMN,,NCC_HEALTH_STATUS__C,,,,,,,
BPD,STAGING,68800010001,TIAA_SALESFORCE,ACCOUNT,ONBOARDING_HEALTH_STATUS__C,FACTS_COMPANYFACTS,TAG_VALUE_COLUMN,,ONBOARDING_HEALTH_STATUS__C,,,,,,,
BPD,STAGING,68800010001,TIAA_SALESFORCE,ACCOUNT,OPS_HEALTH_STATUS__C,FACTS_COMPANYFACTS,TAG_VALUE_COLUMN,,OPS_HEALTH_STATUS__C,,,,,,,
BPD,STAGING,68800010001,TIAA_SALESFORCE,ACCOUNT,OVERALL_HEALTH_STATUS__C,FACTS_COMPANYFACTS,TAG_VALUE_COLUMN,,OVERALL_HEALTH_STATUS__C,,,,,,,
BPD,STAGING,68800010001,TIAA_SALESFORCE,ACCOUNT,WSJ_SPRING_2018_CLIENT_PULSE__C,FACTS_COMPANYFACTS,TAG_VALUE_COLUMN,,WSJ_SPRING_2018_CLIENT_PULSE__C,,,,,,,
BPD,STAGING,68800010001,TIAA_SALESFORCE,ACCOUNT,LOBBY_RATING__C,FACTS_COMPANYFACTS,TAG_VALUE_COLUMN,,LOBBY_RATING__C,,,,,,,
BPD,STAGING,68800010001,TIAA_SALESFORCE,ACCOUNT,LOBBY_RATING_FLAG__C,FACTS_COMPANYFACTS,TAG_VALUE_COLUMN,,LOBBY_RATING_FLAG__C,,,,,,,
BPD,STAGING,68800010001,TIAA_SALESFORCE,ACCOUNT,SRP_ATTACHMENT_LAST_COMPLETED_DATE__C,FACTS_COMPANYFACTS,TAG_VALUE_COLUMN,,SRP_ATTACHMENT_LAST_COMPLETED_DATE__C,,,,,,,
BPD,STAGING,68800010001,TIAA_SALESFORCE,ACCOUNT,AI_MEASURE_NAME,FACTS_COMPANYFACTS,TAG_VALUE_MEASURE_COLUMN_NAME,,,,,,,,,
BPD,STAGING,68800010001,TIAA_SALESFORCE,ACCOUNT,AI_MEASURE_VALUE,FACTS_COMPANYFACTS,TAG_VALUE_MEASURE_COLUMN_NAME,,,,,,,,,
BPD,STAGING,68800010001,TIAA_SALESFORCE,ACCOUNT,ID,FACTS_COMPANYFACTS,XREF_TAG_VALUE_COLUMN,,TIAA_SFDC_ID,,,,,,,
BPD,STAGING,68800010001,TIAA_SALESFORCE,ACCOUNT,ID_NAME,FACTS_COMPANYFACTS,XREF_TAG_VALUE_MEASURE_COLUMN_NAME,,,,,,,,,
BPD,STAGING,68800010001,TIAA_SALESFORCE,ACCOUNT,ID,FACTS_COMPANYFACTS,XREF_TAG_VALUE_MEASURE_COLUMN_NAME,,,,,,,,,
BPD,STAGING,68800010001,TIAA_SALESFORCE,ACCOUNT,PARTYXREF,FACTS_COMPANYFACTS,FIRST_LOOKUP,,,,,,,,,
BPD,STAGING,68800010001,TIAA_SALESFORCE,ACCOUNT,ID,FACTS_COMPANYFACTS,FIRST_LOOKUP_COLUMN,,ID_VALUE,,,,,,,
BPD,STAGING,68800010001,TIAA_SALESFORCE,ACCOUNT,ID_NAME,FACTS_COMPANYFACTS,FIRST_LOOKUP_COLUMN,,ID_NAME,,,,,,,
BPD,STAGING,68800010001,TIAA_SALESFORCE,ACCOUNT,NA,FACTS_COMPANYFACTS,SECOND_LOOKUP,,,,,,,,,
BPD,STAGING,68800010001,TIAA_SALESFORCE,ACCOUNT,NA,FACTS_COMPANYFACTS,SECOND_LOOKUP_COLUMN,,,,,,,,,
BPD,STAGING,68800010001,TIAA_SALESFORCE,ACCOUNT,NA,FACTS_COMPANYFACTS,AUTOINCREMENT_COLUMN,,,,,,,,,
BPD,STAGING,68800010001,TIAA_SALESFORCE,ACCOUNT,NA,FACTS_COMPANYFACTS,MAPPING_COLUMN,,,,,,,,,
,,,,,,,,,,,,,,,,
BPD,STAGING,68800010001,TIAA_SALESFORCE,ACCOUNT,RELATION_PARTY_ADDRESS,RELATION_TABLES,LIST,,,,,,,,,
BPD,STAGING,68800010001,TIAA_SALESFORCE,ACCOUNT,RELATION_PARTY_PHONE,RELATION_TABLES,LIST,,,,,,,,,
BPD,STAGING,68800010001,TIAA_SALESFORCE,ACCOUNT,AI_BATCH_ID,RELATION_PARTY_ADDRESS,SCHEMA,,,,,,,,,
BPD,STAGING,68800010001,TIAA_SALESFORCE,ACCOUNT,AI_SRC_ID,RELATION_PARTY_ADDRESS,SCHEMA,,,,,,,,,
BPD,STAGING,68800010001,TIAA_SALESFORCE,ACCOUNT,AI_EFFECTIVE_DATE,RELATION_PARTY_ADDRESS,SCHEMA,,,,,,,,,
BPD,STAGING,68800010001,TIAA_SALESFORCE,ACCOUNT,AI_KNOWLEDGE_DATE,RELATION_PARTY_ADDRESS,SCHEMA,,,,,,,,,
BPD,STAGING,68800010001,TIAA_SALESFORCE,ACCOUNT,AI_PARTY_ID,RELATION_PARTY_ADDRESS,SCHEMA,,,,,,,,,
BPD,STAGING,68800010001,TIAA_SALESFORCE,ACCOUNT,AI_ADDRESS_ID,RELATION_PARTY_ADDRESS,SCHEMA,,,,,,,,,
BPD,STAGING,68800010001,TIAA_SALESFORCE,ACCOUNT,REL_TYPE,RELATION_PARTY_ADDRESS,SCHEMA,,,,,,,,,
BPD,STAGING,68800010001,TIAA_SALESFORCE,ACCOUNT,AI_REL_PARTY_ADDRESS_SEQ,RELATION_PARTY_ADDRESS,SCHEMA,,,,,,,,,
BPD,STAGING,68800010001,TIAA_SALESFORCE,ACCOUNT,AI_BATCH_ID,RELATION_PARTY_ADDRESS,MAIN_SELECTED_COLUMN,,,,,,,,,
BPD,STAGING,68800010001,TIAA_SALESFORCE,ACCOUNT,AI_SRC_ID,RELATION_PARTY_ADDRESS,MAIN_SELECTED_COLUMN,,,,,,,,,
BPD,STAGING,68800010001,TIAA_SALESFORCE,ACCOUNT,AI_EFFECTIVE_DATE,RELATION_PARTY_ADDRESS,MAIN_SELECTED_COLUMN,,,,,,,,,
BPD,STAGING,68800010001,TIAA_SALESFORCE,ACCOUNT,AI_KNOWLEDGE_DATE,RELATION_PARTY_ADDRESS,MAIN_SELECTED_COLUMN,,,,,,,,,
BPD,STAGING,68800010001,TIAA_SALESFORCE,ACCOUNT,ID,RELATION_PARTY_ADDRESS,MAIN_SELECTED_COLUMN,,,,,,,,,
BPD,STAGING,68800010001,TIAA_SALESFORCE,ACCOUNT,BILLINGSTREET,RELATION_PARTY_ADDRESS,MAIN_SELECTED_COLUMN,,,,,,,,,
BPD,STAGING,68800010001,TIAA_SALESFORCE,ACCOUNT,BILLINGCITY,RELATION_PARTY_ADDRESS,MAIN_SELECTED_COLUMN,,,,,,,,,
BPD,STAGING,68800010001,TIAA_SALESFORCE,ACCOUNT,BILLINGSTATECODE,RELATION_PARTY_ADDRESS,MAIN_SELECTED_COLUMN,,,,,,,,,
BPD,STAGING,68800010002,TIAA_SALESFORCE,ACCOUNT,BILLINGSTATE,RELATION_PARTY_ADDRESS,MAIN_SELECTED_COLUMN,,,,,,,,,
BPD,STAGING,68800010001,TIAA_SALESFORCE,ACCOUNT,BILLINGPOSTALCODE,RELATION_PARTY_ADDRESS,MAIN_SELECTED_COLUMN,,,,,,,,,
BPD,STAGING,68800010001,TIAA_SALESFORCE,ACCOUNT,BILLINGCOUNTRYCODE,RELATION_PARTY_ADDRESS,MAIN_SELECTED_COLUMN,,,,,,,,,
BPD,STAGING,68800010001,TIAA_SALESFORCE,ACCOUNT,AI_ADDRESS_ID,RELATION_PARTY_ADDRESS,DIMFACT_SELECTED_COLUMN,,,,,,,,,
BPD,STAGING,68800010001,TIAA_SALESFORCE,ACCOUNT,FORMATTED_ADDRESS_O,RELATION_PARTY_ADDRESS,DIMFACT_SELECTED_COLUMN,,,,,,,,,
BPD,STAGING,68800010001,TIAA_SALESFORCE,ACCOUNT,AI_PARTY_ID,RELATION_PARTY_ADDRESS,XREF_SELECTED_COLUMN,,,,,,,,,
BPD,STAGING,68800010001,TIAA_SALESFORCE,ACCOUNT,ID_VALUE,RELATION_PARTY_ADDRESS,XREF_SELECTED_COLUMN,,,,,,,,,
BPD,STAGING,68800010001,TIAA_SALESFORCE,ACCOUNT,ID_NAME,RELATION_PARTY_ADDRESS,XREF_SELECTED_COLUMN,,,,,,,,,
BPD,STAGING,68800010001,TIAA_SALESFORCE,ACCOUNT,ID,RELATION_PARTY_ADDRESS,XREF_TAG_VALUE_COLUMN,,TIAA_SFDC_ID,,,,,,,
BPD,STAGING,68800010001,TIAA_SALESFORCE,ACCOUNT,ID_NAME,RELATION_PARTY_ADDRESS,XREF_TAG_VALUE_MEASURE_COLUMN_NAME  ,,,,,,,,,
BPD,STAGING,68800010001,TIAA_SALESFORCE,ACCOUNT,ID,RELATION_PARTY_ADDRESS,XREF_TAG_VALUE_MEASURE_COLUMN_NAME,,,,,,,,,
BPD,STAGING,68800010001,TIAA_SALESFORCE,ACCOUNT,BILLINGSTREET,RELATION_PARTY_ADDRESS,TAG_VALUE_COLUMN,,BILLING,,,,,,,
BPD,STAGING,68800010001,TIAA_SALESFORCE,ACCOUNT,VALUE,RELATION_PARTY_ADDRESS,TAG_VALUE_MEASURE_COLUMN_NAME,,,,,,,,,
BPD,STAGING,68800010001,TIAA_SALESFORCE,ACCOUNT,BILLINGSTREET,RELATION_PARTY_ADDRESS,TAG_VALUE_MEASURE_COLUMN_NAME,,,,,,,,,
BPD,STAGING,68800010001,TIAA_SALESFORCE,ACCOUNT,VALUE,RELATION_PARTY_ADDRESS,RELTYPE_LOOKUP_COLUMN,,VALUE,,,,,,,
BPD,STAGING,68800010001,TIAA_SALESFORCE,ACCOUNT,ID,RELATION_PARTY_ADDRESS,FIRST_LOOKUP_COLUMN,,ID_VALUE,,,,,,,
BPD,STAGING,68800010001,TIAA_SALESFORCE,ACCOUNT,ID_NAME,RELATION_PARTY_ADDRESS,FIRST_LOOKUP_COLUMN,,ID_NAME,,,,,,,
BPD,STAGING,68800010001,TIAA_SALESFORCE,ACCOUNT,XREF,RELATION_PARTY_ADDRESS,FIRST_LOOKUP,,,,,,,,,
BPD,STAGING,68800010001,TIAA_SALESFORCE,ACCOUNT,dimfact,RELATION_PARTY_ADDRESS,SECOND_LOOKUP,,,,,,,,,
BPD,STAGING,68800010001,TIAA_SALESFORCE,ACCOUNT,NA,RELATION_PARTY_ADDRESS,FIRST_LOOKUP_COLUMN_RENAME,,,,,,,,,
BPD,STAGING,68800010001,TIAA_SALESFORCE,ACCOUNT,DIM_FORMATTED_ADDRESS_O,RELATION_PARTY_ADDRESS,SECOND_LOOKUP_COLUMN,, FORMATTED_ADDRESS_O,,,,,,,
BPD,STAGING,68800010001,TIAA_SALESFORCE,ACCOUNT,DIM_FORMATTED_ADDRESS_O,RELATION_PARTY_ADDRESS,SECOND_LOOKUP_COLUMN_NEW,,,,,,,,,
BPD,STAGING,68800010001,TIAA_SALESFORCE,ACCOUNT,AI_REL_PARTY_ADDRESS_SEQ,RELATION_PARTY_ADDRESS,AUTOINCREMENT_COLUMN,,,,,,,,,
BPD,STAGING,68800010001,TIAA_SALESFORCE,ACCOUNT,BILLINGSTREET,RELATION_PARTY_ADDRESS,GOOGLEAPI_COLUMN,,,,,,,,,
BPD,STAGING,68800010001,TIAA_SALESFORCE,ACCOUNT,BILLINGCITY,RELATION_PARTY_ADDRESS,GOOGLEAPI_COLUMN,,,,,,,,,
BPD,STAGING,68800010001,TIAA_SALESFORCE,ACCOUNT,BILLINGSTATE,RELATION_PARTY_ADDRESS,GOOGLEAPI_COLUMN,,,,,,,,,
BPD,STAGING,68800010001,TIAA_SALESFORCE,ACCOUNT,BILLINGPOSTALCODE,RELATION_PARTY_ADDRESS,GOOGLEAPI_COLUMN,,,,,,,,,
BPD,STAGING,68800010001,TIAA_SALESFORCE,ACCOUNT,BILLINGCOUNTRYCODE,RELATION_PARTY_ADDRESS,GOOGLEAPI_COLUMN,,,,,,,,,
BPD,STAGING,68800010001,TIAA_SALESFORCE,ACCOUNT,NA,RELATION_PARTY_ADDRESS,SECOND_LOOKUP_COLUMN_RENAME,,,,,,,,,
,,,,,,,,,,,,,,,,
,,,,,,,,,,,,,,,,
BPD,STAGING,68800010001,TIAA_SALESFORCE,ACCOUNT,AI_BATCH_ID,RELATION_PARTY_PHONE,SCHEMA,,,,,,,,,
BPD,STAGING,68800010001,TIAA_SALESFORCE,ACCOUNT,AI_SRC_ID,RELATION_PARTY_PHONE,SCHEMA,,,,,,,,,
BPD,STAGING,68800010001,TIAA_SALESFORCE,ACCOUNT,AI_EFFECTIVE_DATE,RELATION_PARTY_PHONE,SCHEMA,,,,,,,,,
BPD,STAGING,68800010001,TIAA_SALESFORCE,ACCOUNT,AI_KNOWLEDGE_DATE,RELATION_PARTY_PHONE,SCHEMA,,,,,,,,,
BPD,STAGING,68800010001,TIAA_SALESFORCE,ACCOUNT,AI_PARTY_ID,RELATION_PARTY_PHONE,SCHEMA,,,,,,,,,
BPD,STAGING,68800010001,TIAA_SALESFORCE,ACCOUNT,AI_PHONE_ID,RELATION_PARTY_PHONE,SCHEMA,,,,,,,,,
BPD,STAGING,68800010001,TIAA_SALESFORCE,ACCOUNT,REL_TYPE,RELATION_PARTY_PHONE,SCHEMA,,,,,,,,,
BPD,STAGING,68800010001,TIAA_SALESFORCE,ACCOUNT,AI_REL_PARTY_PHONE_SEQ,RELATION_PARTY_PHONE,SCHEMA,,,,,,,,,
BPD,STAGING,68800010001,TIAA_SALESFORCE,ACCOUNT,AI_BATCH_ID,RELATION_PARTY_PHONE,MAIN_SELECTED_COLUMN,,,,,,,,,
BPD,STAGING,68800010001,TIAA_SALESFORCE,ACCOUNT,AI_SRC_ID,RELATION_PARTY_PHONE,MAIN_SELECTED_COLUMN,,,,,,,,,
BPD,STAGING,68800010001,TIAA_SALESFORCE,ACCOUNT,AI_EFFECTIVE_DATE,RELATION_PARTY_PHONE,MAIN_SELECTED_COLUMN,,,,,,,,,
BPD,STAGING,68800010001,TIAA_SALESFORCE,ACCOUNT,AI_KNOWLEDGE_DATE,RELATION_PARTY_PHONE,MAIN_SELECTED_COLUMN,,,,,,,,,
BPD,STAGING,68800010001,TIAA_SALESFORCE,ACCOUNT,ID,RELATION_PARTY_PHONE,MAIN_SELECTED_COLUMN,,,,,,,,,
BPD,STAGING,68800010001,TIAA_SALESFORCE,ACCOUNT,PHONE,RELATION_PARTY_PHONE,MAIN_SELECTED_COLUMN,,,,,,,,,
BPD,STAGING,68800010001,TIAA_SALESFORCE,ACCOUNT,FAX,RELATION_PARTY_PHONE,MAIN_SELECTED_COLUMN,,,,,,,,,
BPD,STAGING,68800010001,TIAA_SALESFORCE,ACCOUNT,AI_PHONE_ID,RELATION_PARTY_PHONE,DIMFACT_SELECTED_COLUMN,,,,,,,,,
BPD,STAGING,68800010001,TIAA_SALESFORCE,ACCOUNT,PHONE,RELATION_PARTY_PHONE,DIMFACT_SELECTED_COLUMN,,,,,,,,,
BPD,STAGING,68800010001,TIAA_SALESFORCE,ACCOUNT,AI_PARTY_ID,RELATION_PARTY_PHONE,XREF_SELECTED_COLUMN,,,,,,,,,
BPD,STAGING,68800010001,TIAA_SALESFORCE,ACCOUNT,ID_VALUE,RELATION_PARTY_PHONE,XREF_SELECTED_COLUMN,,,,,,,,,
BPD,STAGING,68800010001,TIAA_SALESFORCE,ACCOUNT,ID_NAME,RELATION_PARTY_PHONE,XREF_SELECTED_COLUMN,,,,,,,,,
BPD,STAGING,68800010001,TIAA_SALESFORCE,ACCOUNT,ID,RELATION_PARTY_PHONE,XREF_TAG_VALUE_COLUMN,,TIAA_SFDC_ID,,,,,,,
BPD,STAGING,68800010001,TIAA_SALESFORCE,ACCOUNT,ID_NAME,RELATION_PARTY_PHONE,XREF_TAG_VALUE_MEASURE_COLUMN_NAME,,,,,,,,,
BPD,STAGING,68800010001,TIAA_SALESFORCE,ACCOUNT,ID,RELATION_PARTY_PHONE,XREF_TAG_VALUE_MEASURE_COLUMN_NAME,,,,,,,,,
BPD,STAGING,68800010001,TIAA_SALESFORCE,ACCOUNT,PHONE,RELATION_PARTY_PHONE,TAG_VALUE_COLUMN,,PRIMARY,,,,,,,
BPD,STAGING,68800010001,TIAA_SALESFORCE,ACCOUNT,FAX,RELATION_PARTY_PHONE,TAG_VALUE_COLUMN,,FAX,,,,,,,
BPD,STAGING,68800010001,TIAA_SALESFORCE,ACCOUNT,VALUE,RELATION_PARTY_PHONE,TAG_VALUE_MEASURE_COLUMN_NAME,,,,,,,,,
BPD,STAGING,68800010001,TIAA_SALESFORCE,ACCOUNT,ID#PHONE,RELATION_PARTY_PHONE,TAG_VALUE_MEASURE_COLUMN_NAME,,,,,,,,,
BPD,STAGING,68800010001,TIAA_SALESFORCE,ACCOUNT,VALUE,RELATION_PARTY_PHONE,RELTYPE_LOOKUP_COLUMN,,VALUE,,,,,,,
BPD,STAGING,68800010001,TIAA_SALESFORCE,ACCOUNT,ID,RELATION_PARTY_PHONE,FIRST_LOOKUP_COLUMN,,ID_VALUE,,,,,,,
BPD,STAGING,68800010001,TIAA_SALESFORCE,ACCOUNT,ID_NAME,RELATION_PARTY_PHONE,FIRST_LOOKUP_COLUMN,,ID_NAME,,,,,,,
BPD,STAGING,68800010001,TIAA_SALESFORCE,ACCOUNT,XREF,RELATION_PARTY_PHONE,FIRST_LOOKUP,,,,,,,,,
BPD,STAGING,68800010001,TIAA_SALESFORCE,ACCOUNT,NA,RELATION_PARTY_PHONE,FIRST_LOOKUP_COLUMN_RENAME,,,,,,,,,
BPD,STAGING,68800010001,TIAA_SALESFORCE,ACCOUNT,ID#PHONE,RELATION_PARTY_PHONE,SECOND_LOOKUP_COLUMN,,PHONE,,,,,,,
BPD,STAGING,68800010001,TIAA_SALESFORCE,ACCOUNT,DIMFACT,RELATION_PARTY_PHONE,SECOND_LOOKUP,,,,,,,,,
BPD,STAGING,68800010001,TIAA_SALESFORCE,ACCOUNT,NA,RELATION_PARTY_PHONE,SECOND_LOOKUP_COLUMN_RENAME,,,,,,,,,
BPD,STAGING,68800010001,TIAA_SALESFORCE,ACCOUNT,AI_REL_PARTY_PHONE_SEQ,RELATION_PARTY_PHONE,AUTOINCREMENT_COLUMN,,,,,,,,,
,,,,,,,,,,,,,,,,
BPD,STAGING,68800010001,TIAA_SALESFORCE,ACCOUNT,AI_BATCH_ID,RELATION_PARTY_PARTY,SCHEMA,,,,,,,,,
BPD,STAGING,68800010002,TIAA_SALESFORCE,ACCOUNT,AI_SRC_ID,RELATION_PARTY_PARTY,SCHEMA,,,,,,,,,
BPD,STAGING,68800010003,TIAA_SALESFORCE,ACCOUNT,AI_EFFECTIVE_DATE,RELATION_PARTY_PARTY,SCHEMA,,,,,,,,,
BPD,STAGING,68800010004,TIAA_SALESFORCE,ACCOUNT,AI_KNOWLEDGE_DATE,RELATION_PARTY_PARTY,SCHEMA,,,,,,,,,
BPD,STAGING,68800010005,TIAA_SALESFORCE,ACCOUNT,AI_PARTY_ID,RELATION_PARTY_PARTY,SCHEMA,,,,,,,,,
BPD,STAGING,68800010006,TIAA_SALESFORCE,ACCOUNT,AI_REL_PARTY_ID,RELATION_PARTY_PARTY,SCHEMA,,,,,,,,,
BPD,STAGING,68800010007,TIAA_SALESFORCE,ACCOUNT,REL_TYPE,RELATION_PARTY_PARTY,SCHEMA,,,,,,,,,
BPD,STAGING,68800010008,TIAA_SALESFORCE,ACCOUNT,AI_REL_PARTY_PARTY_SEQ,RELATION_PARTY_PARTY,SCHEMA,,,,,,,,,
BPD,STAGING,68800010009,TIAA_SALESFORCE,ACCOUNT,AI_BATCH_ID,RELATION_PARTY_PARTY,MAIN_SELECTED_COLUMN,,,,,,,,,
BPD,STAGING,68800010010,TIAA_SALESFORCE,ACCOUNT,AI_SRC_ID,RELATION_PARTY_PARTY,MAIN_SELECTED_COLUMN,,,,,,,,,
BPD,STAGING,68800010011,TIAA_SALESFORCE,ACCOUNT,AI_EFFECTIVE_DATE,RELATION_PARTY_PARTY,MAIN_SELECTED_COLUMN,,,,,,,,,
BPD,STAGING,68800010012,TIAA_SALESFORCE,ACCOUNT,AI_KNOWLEDGE_DATE,RELATION_PARTY_PARTY,MAIN_SELECTED_COLUMN,,,,,,,,,
BPD,STAGING,68800010013,TIAA_SALESFORCE,ACCOUNT,ID,RELATION_PARTY_PARTY,MAIN_SELECTED_COLUMN,,,,,,,,,
BPD,STAGING,68800010014,TIAA_SALESFORCE,ACCOUNT,PARENTID,RELATION_PARTY_PARTY,MAIN_SELECTED_COLUMN,,,,,,,,,
BPD,STAGING,68800010015,TIAA_SALESFORCE,ACCOUNT,SRC_PARTY_ID,RELATION_PARTY_PARTY,DIMFACT_SELECTED_COLUMN,,,,,,,,,
BPD,STAGING,68800010016,TIAA_SALESFORCE,ACCOUNT,AI_PARTY_ID,RELATION_PARTY_PARTY,DIMFACT_SELECTED_COLUMN,,,,,,,,,
BPD,STAGING,68800010017,TIAA_SALESFORCE,ACCOUNT,AI_PARTY_ID,RELATION_PARTY_PARTY,XREF_SELECTED_COLUMN,,,,,,,,,
BPD,STAGING,68800010018,TIAA_SALESFORCE,ACCOUNT,ID_VALUE,RELATION_PARTY_PARTY,XREF_SELECTED_COLUMN,,,,,,,,,
BPD,STAGING,68800010019,TIAA_SALESFORCE,ACCOUNT,ID,RELATION_PARTY_PARTY,XREF_TAG_VALUE_COLUMN,,TIAA_SFDC_ID,,,,,,,
BPD,STAGING,68800010020,TIAA_SALESFORCE,ACCOUNT,ID_NAME,RELATION_PARTY_PARTY,XREF_TAG_VALUE_MEASURE_COLUMN_NAME,,,,,,,,,
BPD,STAGING,68800010021,TIAA_SALESFORCE,ACCOUNT,ID,RELATION_PARTY_PARTY,XREF_TAG_VALUE_MEASURE_COLUMN_NAME,,,,,,,,,
BPD,STAGING,68800010022,TIAA_SALESFORCE,ACCOUNT,PARENTID,RELATION_PARTY_PARTY,TAG_VALUE_COLUMN,,PARENT,,,,,,,
BPD,STAGING,68800010023,TIAA_SALESFORCE,ACCOUNT,VALUE,RELATION_PARTY_PARTY,TAG_VALUE_MEASURE_COLUMN_NAME,,,,,,,,,
BPD,STAGING,68800010024,TIAA_SALESFORCE,ACCOUNT,PARENTID,RELATION_PARTY_PARTY,TAG_VALUE_MEASURE_COLUMN_NAME,,,,,,,,,
BPD,STAGING,68800010025,TIAA_SALESFORCE,ACCOUNT,VALUE,RELATION_PARTY_PARTY,RELTYPE_LOOKUP_COLUMN,,VALUE,,,,,,,
BPD,STAGING,68800010026,TIAA_SALESFORCE,ACCOUNT,PARENTID,RELATION_PARTY_PARTY,FIRST_LOOKUP_COLUMN,,ID_VALUE,,,,,,,
BPD,STAGING,68800010027,TIAA_SALESFORCE,ACCOUNT,ID_NAME,RELATION_PARTY_PARTY,FIRST_LOOKUP_COLUMN,,ID_NAME,,,,,,,
BPD,STAGING,68800010028,TIAA_SALESFORCE,ACCOUNT,AI_PARTY_ID,RELATION_PARTY_PARTY,FIRST_LOOKUP_COLUMN_RENAME,,AI_REL_PARTY_ID,,,,,,,
BPD,STAGING,68800010029,TIAA_SALESFORCE,ACCOUNT,ID,RELATION_PARTY_PARTY,SECOND_LOOKUP_COLUMN,,ID_VALUE,,,,,,,
BPD,STAGING,68800010030,TIAA_SALESFORCE,ACCOUNT,ID_NAME,RELATION_PARTY_PARTY,SECOND_LOOKUP_COLUMN,,ID_NAME,,,,,,,
BPD,STAGING,68800010031,TIAA_SALESFORCE,ACCOUNT,XREF,RELATION_PARTY_PARTY,SECOND_LOOKUP,,,,,,,,,
BPD,STAGING,68800010032,TIAA_SALESFORCE,ACCOUNT,XREF,RELATION_PARTY_PARTY,FIRST_LOOKUP,,,,,,,,,
BPD,STAGING,68800010033,TIAA_SALESFORCE,ACCOUNT,AI_PARTY_ID,RELATION_PARTY_PARTY,SECOND_LOOKUP_COLUMN_RENAME,,AI_PARTY_ID,,,,,,,
,,,,,,,,,,,,,,,,
ENV,STANDARDIZATION,NA,NA,NA,s3a://ai-0068800-processing/,NA,BUCKET_NAME,,,,,,,,,
BPD,STANDARDIZATION,NA,NA,NA,AI_PARTY,STANDARD_TABLES,LIST,,,,,,,,,
BPD,STANDARDIZATION,NA,NA,NA,AI_PHONE,STANDARD_TABLES,LIST,,,,,,,,,
BPD,STANDARDIZATION,NA,NA,NA,AI_PARTY_XREF,STANDARD_TABLES,LIST,,,,,,,,,
BPD,STANDARDIZATION,NA,NA,NA,AI_ADDRESS,STANDARD_TABLES,LIST,,,,,,,,,
BPD,STANDARDIZATION,NA,NA,NA,Staging/xref_tables/partyXRef/*,AI_PARTY_XREF,INPUT_PATH,,,,,,,,,
BPD,STANDARDIZATION,NA,NA,NA,standardization/xref_tables/partyXRef/,AI_PARTY_XREF,OUTPUT_PATH,,,,,,,,,
BPD,STANDARDIZATION,NA,NA,NA,AI_BATCH_ID,AI_PARTY_XREF,MAPPING_COLUMN,AI_BATCH_ID,,,,,,,,
BPD,STANDARDIZATION,NA,NA,NA,AI_SRC_ID,AI_PARTY_XREF,MAPPING_COLUMN,AI_SRC_ID,,,,,,,,
BPD,STANDARDIZATION,NA,NA,NA,AI_EFFECTIVE_DATE,AI_PARTY_XREF,MAPPING_COLUMN,AI_EFFECTIVE_DATE,,,,,,,,
BPD,STANDARDIZATION,NA,NA,NA,AI_KNOWLEDGE_DATE,AI_PARTY_XREF,MAPPING_COLUMN,AI_KNOWLEDGE_DATE,,,,,,,,
BPD,STANDARDIZATION,NA,NA,NA,AI_PARTY_ID,AI_PARTY_XREF,MAPPING_COLUMN,AI_PARTY_ID,,,,,,,,
BPD,STANDARDIZATION,NA,NA,NA,ID_NAME,AI_PARTY_XREF,MAPPING_COLUMN,ID_NAME,,,,,,,,
BPD,STANDARDIZATION,NA,NA,NA,ID_VALUE,AI_PARTY_XREF,MAPPING_COLUMN,ID_VALUE,,,,,,,,
BPD,STANDARDIZATION,NA,NA,NA,Staging/dimsandfacts/ai_party/*,AI_PARTY,INPUT_PATH,,,,,,,,,
BPD,STANDARDIZATION,NA,NA,NA,standardization/dimsandfacts/ai_party/,AI_PARTY,OUTPUT_PATH,,,,,,,,,
BPD,STANDARDIZATION,NA,NA,NA,Staging/dimsandfacts/ai_phone/*,AI_PHONE,INPUT_PATH,,,,,,,,,
BPD,STANDARDIZATION,NA,NA,NA,standardization/dimsandfacts/ai_phone/,AI_PHONE,OUTPUT_PATH,,,,,,,,,
BPD,STANDARDIZATION,NA,NA,NA,na,AI_PARTY,MAPPING_COLUMN,,,,,,,,,
BPD,STANDARDIZATION,NA,NA,NA,NA,AI_PHONE,MAPPING_COLUMN,,,,,,,,,
BPD,STANDARDIZATION,NA,NA,NA,Staging/dimsandfacts/ai_address/*,AI_ADDRESS,INPUT_PATH,,,,,,,,,
BPD,STANDARDIZATION,NA,NA,NA,standardization/dimsandfacts/ai_address/,AI_ADDRESS,OUTPUT_PATH,,,,,,,,,
BPD,STANDARDIZATION,NA,NA,NA,NA,AI_ADDRESS,MAPPING_COLUMN,,,,,,,,,
