TYPE,ARCHITECTURE_LAYER,SOURCE_ID,SOURCE_NAME,FILE_NAME,SRC_FIELD,TARGET_TABLE,ACTION,TARGET_O,TARGET_C,STATUS,SEVERITY,CONTEXT,CASCADE COL,EFFECTIVE_DATE,KNOWLEDGE_DATE,
ENV,PREPROCESSING,68800020081,MMD,MMRELATIONS,s3a://ai-0068800-processing/,,BUCKET_NAME,NA,NA,NA,NA,NA,NA,NA,NA,NA
PRO,PREPROCESSING,68800020081,MMD,MMRELATIONS,/Landing/MMD/Sponsor/MMRELATIONS/*,,INPUT_PATH,,,,,,,,,
PRO,PREPROCESSING,68800020081,MMD,MMRELATIONS,/common_lookup/*,,SOURCE_LOOKUP_TABLE_PATH,,,,,,,,,
PRO,PREPROCESSING,68800020081,MMD,MMRELATIONS,/Preprocessing/MMD/Sponsor/MMRELATIONS/Delta/,,OUTPUT_PATH,,,,,,,,,
PRO,PREPROCESSING,68800020081,MMD,MMRELATIONS,/Preprocessing/MMD/Sponsor/MMRELATIONS/processed/,,PROCESSED_PATH,,,,,,,,,
PRO,PREPROCESSING,68800020081,MMD,MMRELATIONS,yyyy-MM-dd'T'HH:mm:ss,,KNOWLEDGE_DATE_INPUT_FORMAT,,,,,,,,,
PRO,PREPROCESSING,68800020081,MMD,MMRELATIONS,yyyy-MM-dd'T'HH:mm:ss,,EFFECTIVE_DATE_INPUT_FORMAT,,,,,,,,,
PRO,PREPROCESSING,68800020081,MMD,MMRELATIONS,/BatchTable/,,BATCHTABLE_PATH,,,,,,,,,
PRO,STAGING,68800020081,MMD,MMRELATIONS,/Preprocessing/MMD/Sponsor/MMRELATIONS/Delta/,,INPUT_PATH,,,,,,,,,
PRO,STAGING,68800020081,MMD,MMRELATIONS,/Staging/xref_tables/partyXRef/*, ,PARTYXREF_PATH,,,,,,,,,
PRO,STAGING,68800020081,MMD,MMRELATIONS,/Staging/xref_tables/partyXRef/,XREF_PARTY,INPUT_PATH,,,,,,,,,
PRO,STAGING,68800020081,MMD,MMRELATIONS,/Staging/xref_tables/partyXRef/,XREF_PARTY,OUTPUT_PATH,,,,,,,,,
OPS,PREPROCESSING,68800020081,MMD,MMRELATIONS,NA,,KEY_FIELD_VALIDATION,,ID,,,,,,,
BPD,PREPROCESSING,68800020081,MMD,MMRELATIONS,NA,,MAP_EFFECTIVE_DATE,,,,,,,,,
BPD,PREPROCESSING,68800020081,MMD,MMRELATIONS,NA,,MAP_KNOWLEDGE_DATE,,,,,,,,,
BPD,PREPROCESSING,68800020081,MMD,MMRELATIONS,NA,,MAP_SUBSET_COLUMN,,,,,,,,,
BPD,PREPROCESSING,68800020081,MMD,MMRELATIONS,NA,,PRIMARY_KEY,,,,,,,,,
BPD,STAGING,68800020081,MMD,MMRELATIONS,XREF_PARTY,XREF_TABLES,LIST,,,,,,,,,
BPD,STAGING,68800020081,MMD,MMRELATIONS,AI_BATCH_ID,XREF_PARTY,SCHEMA,,,,,,,,,
BPD,STAGING,68800020081,MMD,MMRELATIONS,AI_SRC_ID,XREF_PARTY,SCHEMA,,,,,,,,,
BPD,STAGING,68800020081,MMD,MMRELATIONS,AI_EFFECTIVE_DATE,XREF_PARTY,SCHEMA,,,,,,,,,
BPD,STAGING,68800020081,MMD,MMRELATIONS,AI_KNOWLEDGE_DATE,XREF_PARTY,SCHEMA,,,,,,,,,
BPD,STAGING,68800020081,MMD,MMRELATIONS,AI_PARTY_ID,XREF_PARTY,SCHEMA,,,,,,,,,
BPD,STAGING,68800020081,MMD,MMRELATIONS,ID_NAME,XREF_PARTY,SCHEMA,,,,,,,,,
BPD,STAGING,68800020081,MMD,MMRELATIONS,ID_VALUE,XREF_PARTY,SCHEMA,,,,,,,,,
BPD,STAGING,68800020081,MMD,MMRELATIONS,ID,XREF_PARTY,MAIN_SELECTED_COLUMNS,,,,,,,,,
BPD,STAGING,68800020081,MMD,MMRELATIONS,REL_PID,XREF_PARTY,MAIN_SELECTED_COLUMNS,,,,,,,,,
BPD,STAGING,68800020081,MMD,MMRELATIONS,AI_SRC_ID,XREF_PARTY,MAIN_SELECTED_COLUMNS,,,,,,,,,
BPD,STAGING,68800020081,MMD,MMRELATIONS,AI_BATCH_ID,XREF_PARTY,MAIN_SELECTED_COLUMNS,,,,,,,,,
BPD,STAGING,68800020081,MMD,MMRELATIONS,AI_EFFECTIVE_DATE,XREF_PARTY,MAIN_SELECTED_COLUMNS,,,,,,,,,
BPD,STAGING,68800020081,MMD,MMRELATIONS,AI_KNOWLEDGE_DATE,XREF_PARTY,MAIN_SELECTED_COLUMNS,,,,,,,,,
BPD,STAGING,68800020081,MMD,MMRELATIONS,ID,XREF_PARTY,TAG_VALUE_COLUMN,,MMD_COMPANY_ID#1,,,,,,,
BPD,STAGING,68800020081,MMD,MMRELATIONS,REL_PID,XREF_PARTY,TAG_VALUE_COLUMN,,MMD_COMPANY_ID#2,,,,,,,
BPD,STAGING,68800020081,MMD,MMRELATIONS,ID_NAME,XREF_PARTY,TAG_VALUE_MEASURE_COLUMN_NAME,,,,,,,,,
BPD,STAGING,68800020081,MMD,MMRELATIONS,ID_VALUE,XREF_PARTY,TAG_VALUE_MEASURE_COLUMN_NAME,,,,,,,,,
BPD,STAGING,68800020081,MMD,MMRELATIONS,ID_NAME,XREF_PARTY,EXCEPT_COLUMN,,,,,,,,,
BPD,STAGING,68800020081,MMD,MMRELATIONS,ID_VALUE,XREF_PARTY,EXCEPT_COLUMN,,,,,,,,,
BPD,STAGING,68800020081,MMD,MMRELATIONS,AI_PARTY_ID,XREF_PARTY,AUTOINCREMENT_COLUMN,,,,,,,,,
BPD,STAGING,68800020081,MMD,MMRELATIONS,NA,XREF_PARTY,SYNONYM_COLUMN,,,,,,,,,
BPD,STAGING,68800020081,MMD,MMRELATIONS,NA,XREF_PARTY,SYNONYM_SELECTED_COLUMN,,,,,,,,,
BPD,STAGING,68800020081,MMD,MMRELATIONS,NA,XREF_PARTY,SYNONYM_COLUMN_NAME,,,,,,,,,
BPD,STAGING,68800020081,MMD,MMRELATIONS,NA,XREF_PARTY,SYNONYM_LOOKUP_COLUMN,,,,,,,,,
BPD,STAGING,68800020081,MMD,MMRELATIONS,NA,XREF_PARTY,SYNONYM_SUBSET_COLUMN,,,,,,,,,
BPD,STAGING,68800020081,MMD,MMRELATIONS,NA,XREF_PARTY,SYNONYM_UNION_RENAME,,,,,,,,,
BPD,STAGING,68800020081,MMD,MMRELATIONS,RELATION_PARTY_PARTY,RELATION_TABLES,LIST,,,,,,,,,
PRO,STAGING,68800020081,MMD,MMRELATIONS,/Staging/xref_tables/partyXRef/,RELATION_PARTY_PARTY,XREF_PATH,,,,,,,,,
PRO,STAGING,68800020081,MMD,MMRELATIONS,NA,RELATION_PARTY_PARTY,DIMFACT_PATH,,,,,,,,,
PRO,STAGING,68800020081,MMD,MMRELATIONS,/Staging/rel_type_lookup/*,RELATION_PARTY_PARTY,RELTYPETABLE_PATH,,,,,,,,,
PRO,STAGING,68800020081,MMD,MMRELATIONS,/Staging/relation/ai_rel_party_party/,RELATION_PARTY_PARTY,RELATION_PATH,,,,,,,,,
BPD,STAGING,68800020081,MMD,MMRELATIONS,AI_BATCH_ID,RELATION_PARTY_PARTY,SCHEMA,,,,,,,,,
BPD,STAGING,68800020081,MMD,MMRELATIONS,AI_SRC_ID,RELATION_PARTY_PARTY,SCHEMA,,,,,,,,,
BPD,STAGING,68800020081,MMD,MMRELATIONS,AI_EFFECTIVE_DATE,RELATION_PARTY_PARTY,SCHEMA,,,,,,,,,
BPD,STAGING,68800020081,MMD,MMRELATIONS,AI_KNOWLEDGE_DATE,RELATION_PARTY_PARTY,SCHEMA,,,,,,,,,
BPD,STAGING,68800020081,MMD,MMRELATIONS,AI_PARTY_ID,RELATION_PARTY_PARTY,SCHEMA,,,,,,,,,
BPD,STAGING,68800020081,MMD,MMRELATIONS,AI_REL_PARTY_ID,RELATION_PARTY_PARTY,SCHEMA,,,,,,,,,
BPD,STAGING,68800020081,MMD,MMRELATIONS,REL_TYPE,RELATION_PARTY_PARTY,SCHEMA,,,,,,,,,
BPD,STAGING,68800020081,MMD,MMRELATIONS,AI_REL_PARTY_PARTY_SEQ,RELATION_PARTY_PARTY,SCHEMA,,,,,,,,,
BPD,STAGING,68800020081,MMD,MMRELATIONS,AI_BATCH_ID,RELATION_PARTY_PARTY,MAIN_SELECTED_COLUMN,,,,,,,,,
BPD,STAGING,68800020081,MMD,MMRELATIONS,AI_SRC_ID,RELATION_PARTY_PARTY,MAIN_SELECTED_COLUMN,,,,,,,,,
BPD,STAGING,68800020081,MMD,MMRELATIONS,AI_EFFECTIVE_DATE,RELATION_PARTY_PARTY,MAIN_SELECTED_COLUMN,,,,,,,,,
BPD,STAGING,68800020081,MMD,MMRELATIONS,AI_KNOWLEDGE_DATE,RELATION_PARTY_PARTY,MAIN_SELECTED_COLUMN,,,,,,,,,
BPD,STAGING,68800020081,MMD,MMRELATIONS,ID,RELATION_PARTY_PARTY,MAIN_SELECTED_COLUMN,,,,,,,,,
BPD,STAGING,68800020081,MMD,MMRELATIONS,REL_PID,RELATION_PARTY_PARTY,MAIN_SELECTED_COLUMN,,,,,,,,,
BPD,STAGING,68800020081,MMD,MMRELATIONS,REL_TYPE,RELATION_PARTY_PARTY,MAIN_SELECTED_COLUMN,,,,,,,,,
BPD,STAGING,68800020081,MMD,MMRELATIONS,NA,RELATION_PARTY_PARTY,DIMFACT_SELECTED_COLUMN,,,,,,,,,
BPD,STAGING,68800020081,MMD,MMRELATIONS,AI_PARTY_ID,RELATION_PARTY_PARTY,XREF_SELECTED_COLUMN,,,,,,,,,
BPD,STAGING,68800020081,MMD,MMRELATIONS,ID_VALUE,RELATION_PARTY_PARTY,XREF_SELECTED_COLUMN,,,,,,,,,
BPD,STAGING,68800020081,MMD,MMRELATIONS,ID_NAME,RELATION_PARTY_PARTY,XREF_SELECTED_COLUMN,,,,,,,,,
BPD,STAGING,68800020081,MMD,MMRELATIONS,ID,RELATION_PARTY_PARTY,XREF_TAG_VALUE_COLUMN,,MMD_COMPANY_ID,,,,,,,
BPD,STAGING,68800020081,MMD,MMRELATIONS,ID_NAME,RELATION_PARTY_PARTY,XREF_TAG_VALUE_MEASURE_COLUMN_NAME,,,,,,,,,
BPD,STAGING,68800020081,MMD,MMRELATIONS,ID,RELATION_PARTY_PARTY,XREF_TAG_VALUE_MEASURE_COLUMN_NAME,,,,,,,,,
BPD,STAGING,68800020081,MMD,MMRELATIONS,NA,RELATION_PARTY_PARTY,TAG_VALUE_COLUMN,,NA,,,,,,,
BPD,STAGING,68800020081,MMD,MMRELATIONS,NA,RELATION_PARTY_PARTY,TAG_VALUE_MEASURE_COLUMN_NAME,,,,,,,,,
BPD,STAGING,68800020081,MMD,MMRELATIONS,NA,RELATION_PARTY_PARTY,TAG_VALUE_MEASURE_COLUMN_NAME,,,,,,,,,
BPD,STAGING,68800020081,MMD,MMRELATIONS,XREF,RELATION_PARTY_PARTY,FIRST_LOOKUP,,,,,,,,,
BPD,STAGING,68800020081,MMD,MMRELATIONS,REL_PID,RELATION_PARTY_PARTY,FIRST_LOOKUP_COLUMN,,ID_VALUE,,,,,,,
BPD,STAGING,68800020081,MMD,MMRELATIONS,ID_NAME,RELATION_PARTY_PARTY,FIRST_LOOKUP_COLUMN,,ID_NAME,,,,,,,
BPD,STAGING,68800020081,MMD,MMRELATIONS,AI_PARTY_ID,RELATION_PARTY_PARTY,FIRST_LOOKUP_COLUMN_RENAME,,AI_REL_PARTY_ID,,,,,,,
BPD,STAGING,68800020081,MMD,MMRELATIONS,ID,RELATION_PARTY_PARTY,SECOND_LOOKUP_COLUMN,,ID_VALUE,,,,,,,
BPD,STAGING,68800020081,MMD,MMRELATIONS,XREF,RELATION_PARTY_PARTY,SECOND_LOOKUP,,,,,,,,,
BPD,STAGING,68800020081,MMD,MMRELATIONS,na,RELATION_PARTY_PARTY,SECOND_LOOKUP_COLUMN_RENAME,,,,,,,,,
BPD,STAGING,68800020081,MMD,MMRELATIONS,AI_REL_PARTY_PARTY_SEQ,RELATION_PARTY_PARTY,AUTOINCREMENT_COLUMN,,,,,,,,,
BPD,STAGING,68800020081,MMD,MMRELATIONS,VALUE,RELATION_PARTY_PARTY,RELTYPE_LOOKUP_COLUMN,,VALUE,,,,,,,
BPD,STAGING,68800020081,MMD,MMRELATIONS,REL_TYPE,RELATION_PARTY_PARTY,RELTYPE_INTER_JOIN_COLUMN,,REL_TYPE,,,,,,,
BPD,STAGING,68800020081,MMD,MMRELATIONS,P,RELATION_PARTY_PARTY,RELTYPE_MAPPING_COLUMN,,PARENT       ,,,,,,,
BPD,STAGING,68800020081,MMD,MMRELATIONS,S,RELATION_PARTY_PARTY,RELTYPE_MAPPING_COLUMN,,SUBSIDIARYOF ,,,,,,,
BPD,STAGING,68800020081,MMD,MMRELATIONS,D,RELATION_PARTY_PARTY,RELTYPE_MAPPING_COLUMN,,DIVISIONOF   ,,,,,,,
BPD,STAGING,68800020081,MMD,MMRELATIONS,A,RELATION_PARTY_PARTY,RELTYPE_MAPPING_COLUMN,,AFFILIATED  ,,,,,,,
BPD,STAGING,68800020081,MMD,MMRELATIONS,REL_TYPE,RELATION_PARTY_PARTY,RELTYPE_INTER_DF_SCHEMA,,,,,,,,,
BPD,STAGING,68800020081,MMD,MMRELATIONS,VALUE,RELATION_PARTY_PARTY,RELTYPE_INTER_DF_SCHEMA,,,,,,,,,
BPD,STAGING,68800020081,MMD,MMRELATIONS,TRUE,RELATION_PARTY_PARTY,MULTI_RELTYPE_FLAG,,,,,,,,,
BPD,STAGING,68800020081,MMD,MMRELATIONS,DIMENSION_PARTY,DIMENSION_TABLES,LIST,,,,,,,,,
PRO,STAGING,68800020081,MMD,MMRELATIONS,/Staging/xref_tables/partyXRef/*,DIMENSION_PARTY,XREF_PATH,,,,,,,,,
PRO,STAGING,68800020081,MMD,MMRELATIONS,/Staging/dimsandfacts/ai_party/,DIMENSION_PARTY,OUTPUT_PATH,,,,,,,,,
BPD,STAGING,68800020081,MMD,MMRELATIONS,AI_BATCH_ID,DIMENSION_PARTY,MAIN_SELECTED_COLUMNS,,,,,,,,,
BPD,STAGING,68800020081,MMD,MMRELATIONS,AI_SRC_ID,DIMENSION_PARTY,MAIN_SELECTED_COLUMNS,,,,,,,,,
BPD,STAGING,68800020081,MMD,MMRELATIONS,AI_EFFECTIVE_DATE,DIMENSION_PARTY,MAIN_SELECTED_COLUMNS,,,,,,,,,
BPD,STAGING,68800020081,MMD,MMRELATIONS,AI_KNOWLEDGE_DATE,DIMENSION_PARTY,MAIN_SELECTED_COLUMNS,,,,,,,,,
BPD,STAGING,68800020081,MMD,MMRELATIONS,REL_PID,DIMENSION_PARTY,MAIN_SELECTED_COLUMNS,,,,,,,,,
BPD,STAGING,68800020081,MMD,MMRELATIONS,REL_CONAME,DIMENSION_PARTY,MAIN_SELECTED_COLUMNS,,,,,,,,,
BPD,STAGING,68800020081,MMD,MMRELATIONS,REL_PID,DIMENSION_PARTY,MAPPING_COLUMN,,SRC_PARTY_ID,,,,,,,
BPD,STAGING,68800020081,MMD,MMRELATIONS,REL_CONAME,DIMENSION_PARTY,MAPPING_COLUMN,,NAME,,,,,,,
BPD,STAGING,68800020081,MMD,MMRELATIONS,AI_PARTY_ID,DIMENSION_PARTY,XREF_SELECTED_COLUMN,,,,,,,,,
BPD,STAGING,68800020081,MMD,MMRELATIONS,ID_NAME,DIMENSION_PARTY,XREF_SELECTED_COLUMN,,,,,,,,,
BPD,STAGING,68800020081,MMD,MMRELATIONS,ID_VALUE,DIMENSION_PARTY,XREF_SELECTED_COLUMN,,,,,,,,,
BPD,STAGING,68800020081,MMD,MMRELATIONS,REL_PID,DIMENSION_PARTY,XREF_TAG_VALUE_COLUMN,,MMD_COMPANY_ID,,,,,,,
BPD,STAGING,68800020081,MMD,MMRELATIONS,ID_NAME,DIMENSION_PARTY,XREF_TAG_VALUE_MEASURE_COLUMN_NAME,,,,,,,,,
BPD,STAGING,68800020081,MMD,MMRELATIONS,REL_PID,DIMENSION_PARTY,XREF_TAG_VALUE_MEASURE_COLUMN_NAME,,,,,,,,,
BPD,STAGING,68800020081,MMD,MMRELATIONS,PARTY_TYPE,DIMENSION_PARTY,ADDITIONAL_COLUMNS,,COMPANY,,,,,,,
BPD,STAGING,68800020081,MMD,MMRELATIONS,PARTYXREF,DIMENSION_PARTY,FIRST_LOOKUP,,,,,,,,,
BPD,STAGING,68800020081,MMD,MMRELATIONS,REL_PID,DIMENSION_PARTY,FIRST_LOOKUP_COLUMNS,,ID_VALUE,,,,,,,
BPD,STAGING,68800020081,MMD,MMRELATIONS,ID_NAME,DIMENSION_PARTY,FIRST_LOOKUP_COLUMNS,,ID_NAME,,,,,,,
BPD,STAGING,68800020081,MMD,MMRELATIONS,AI_BATCH_ID,DIMENSION_PARTY,SCHEMA,,,,,,,,,
BPD,STAGING,68800020081,MMD,MMRELATIONS,AI_SRC_ID,DIMENSION_PARTY,SCHEMA,,,,,,,,,
BPD,STAGING,68800020081,MMD,MMRELATIONS,AI_EFFECTIVE_DATE,DIMENSION_PARTY,SCHEMA,,,,,,,,,
BPD,STAGING,68800020081,MMD,MMRELATIONS,AI_KNOWLEDGE_DATE,DIMENSION_PARTY,SCHEMA,,,,,,,,,
BPD,STAGING,68800020081,MMD,MMRELATIONS,AI_PARTY_ID,DIMENSION_PARTY,SCHEMA,,,,,,,,,
BPD,STAGING,68800020081,MMD,MMRELATIONS,SRC_PARTY_ID,DIMENSION_PARTY,SCHEMA,,,,,,,,,
BPD,STAGING,68800020081,MMD,MMRELATIONS,NAME,DIMENSION_PARTY,SCHEMA,,,,,,,,,
BPD,STAGING,68800020081,MMD,MMRELATIONS,NAME_O,DIMENSION_PARTY,SCHEMA,,,,,,,,,
BPD,STAGING,68800020081,MMD,MMRELATIONS,PARTY_TYPE,DIMENSION_PARTY,SCHEMA,,,,,,,,,
BPD,STAGING,68800020081,MMD,MMRELATIONS,PARTY_TYPE_O,DIMENSION_PARTY,SCHEMA,,,,,,,,,
BPD,STAGING,68800020081,MMD,MMRELATIONS,NAME,DIMENSION_PARTY,rulestandardizeuppercase,NAME_O,NAME,,,,,,,
BPD,STAGING,68800020081,MMD,MMRELATIONS,FACTS_COMPANYFACTS,FACT_TABLES,LIST,,,,,,,,,
PRO,STAGING,68800020081,MMD,MMRELATIONS,/Staging/xref_tables/partyXRef/*,FACTS_COMPANYFACTS,PARTYXREF_PATH,,,,,,,,,
PRO,STAGING,68800020081,MMD,MMRELATIONS,/Staging/dimsandfacts/ai_company_fct/,FACTS_COMPANYFACTS,FACT_PATH,,,,,,,,,
PRO,STAGING,68800020081,MMD,MMRELATIONS,NA,FACTS_COMPANYFACTS,DIMFACT_PATH,,,,,,,,,
PRO,STAGING,68800020081,MMD,MMRELATIONS,NA,FACTS_COMPANYFACTS,PRODUCTXREF_PATH,,,,,,,,,
BPD,STAGING,68800020081,MMD,MMRELATIONS,AI_BATCH_ID,FACTS_COMPANYFACTS,MAIN_SELECTED_COLUMN,,,,,,,,,
BPD,STAGING,68800020081,MMD,MMRELATIONS,AI_SRC_ID,FACTS_COMPANYFACTS,MAIN_SELECTED_COLUMN,,,,,,,,,
BPD,STAGING,68800020081,MMD,MMRELATIONS,AI_EFFECTIVE_DATE,FACTS_COMPANYFACTS,MAIN_SELECTED_COLUMN,,,,,,,,,
BPD,STAGING,68800020081,MMD,MMRELATIONS,AI_KNOWLEDGE_DATE,FACTS_COMPANYFACTS,MAIN_SELECTED_COLUMN,,,,,,,,,
BPD,STAGING,68800020081,MMD,MMRELATIONS,REL_PID,FACTS_COMPANYFACTS,MAIN_SELECTED_COLUMN,,,,,,,,,
BPD,STAGING,68800020081,MMD,MMRELATIONS,REL_CAT,FACTS_COMPANYFACTS,MAIN_SELECTED_COLUMN,,,,,,,,,
BPD,STAGING,68800020081,MMD,MMRELATIONS,AI_PARTY_ID,FACTS_COMPANYFACTS,PARTYXREF_SELECTED_COLUMN,,,,,,,,,
BPD,STAGING,68800020081,MMD,MMRELATIONS,ID_NAME,FACTS_COMPANYFACTS,PARTYXREF_SELECTED_COLUMN,,,,,,,,,
BPD,STAGING,68800020081,MMD,MMRELATIONS,ID_VALUE,FACTS_COMPANYFACTS,PARTYXREF_SELECTED_COLUMN,,,,,,,,,
BPD,STAGING,68800020081,MMD,MMRELATIONS,NA,FACTS_COMPANYFACTS,DIMFACT_SELECTED_COLUMN,,,,,,,,,
BPD,STAGING,68800020081,MMD,MMRELATIONS,NA,FACTS_COMPANYFACTS,PRODUCTXREF_SELECTED_COLUMN,,,,,,,,,
BPD,STAGING,68800020081,MMD,MMRELATIONS,AI_BATCH_ID,FACTS_COMPANYFACTS,SCHEMA,,,,,,,,,
BPD,STAGING,68800020081,MMD,MMRELATIONS,AI_SRC_ID,FACTS_COMPANYFACTS,SCHEMA,,,,,,,,,
BPD,STAGING,68800020081,MMD,MMRELATIONS,AI_EFFECTIVE_DATE,FACTS_COMPANYFACTS,SCHEMA,,,,,,,,,
BPD,STAGING,68800020081,MMD,MMRELATIONS,AI_KNOWLEDGE_DATE,FACTS_COMPANYFACTS,SCHEMA,,,,,,,,,
BPD,STAGING,68800020081,MMD,MMRELATIONS,AI_PARTY_ID,FACTS_COMPANYFACTS,SCHEMA,,,,,,,,,
BPD,STAGING,68800020081,MMD,MMRELATIONS,AI_MEASURE_NAME,FACTS_COMPANYFACTS,SCHEMA,,,,,,,,,
BPD,STAGING,68800020081,MMD,MMRELATIONS,AI_MEASURE_VALUE,FACTS_COMPANYFACTS,SCHEMA,,,,,,,,,
BPD,STAGING,68800020081,MMD,MMRELATIONS,REL_CAT,FACTS_COMPANYFACTS,TAG_VALUE_COLUMN,,COMPANY_CATEGORY,,,,,,,
BPD,STAGING,68800020081,MMD,MMRELATIONS,AI_MEASURE_NAME,FACTS_COMPANYFACTS,TAG_VALUE_MEASURE_COLUMN_NAME,,,,,,,,,
BPD,STAGING,68800020081,MMD,MMRELATIONS,AI_MEASURE_VALUE,FACTS_COMPANYFACTS,TAG_VALUE_MEASURE_COLUMN_NAME,,,,,,,,,
BPD,STAGING,68800020081,MMD,MMRELATIONS,REL_PID,FACTS_COMPANYFACTS,XREF_TAG_VALUE_COLUMN,,MMD_COMPANY_ID,,,,,,,
BPD,STAGING,68800020081,MMD,MMRELATIONS,ID_NAME,FACTS_COMPANYFACTS,XREF_TAG_VALUE_MEASURE_COLUMN_NAME,,,,,,,,,
BPD,STAGING,68800020081,MMD,MMRELATIONS,REL_PID,FACTS_COMPANYFACTS,XREF_TAG_VALUE_MEASURE_COLUMN_NAME,,,,,,,,,
BPD,STAGING,68800020081,MMD,MMRELATIONS,PARTYXREF,FACTS_COMPANYFACTS,FIRST_LOOKUP,,,,,,,,,
BPD,STAGING,68800020081,MMD,MMRELATIONS,REL_PID,FACTS_COMPANYFACTS,FIRST_LOOKUP_COLUMN,,ID_VALUE,,,,,,,
BPD,STAGING,68800020081,MMD,MMRELATIONS,ID_NAME,FACTS_COMPANYFACTS,FIRST_LOOKUP_COLUMN,,ID_NAME,,,,,,,
BPD,STAGING,68800020081,MMD,MMRELATIONS,NA,FACTS_COMPANYFACTS,SECOND_LOOKUP,,,,,,,,,
BPD,STAGING,68800020081,MMD,MMRELATIONS,NA,FACTS_COMPANYFACTS,SECOND_LOOKUP_COLUMN,,,,,,,,,
BPD,STAGING,68800020081,MMD,MMRELATIONS,NA,FACTS_COMPANYFACTS,AUTOINCREMENT_COLUMN,,,,,,,,,
BPD,STAGING,68800020081,MMD,MMRELATIONS,NA,FACTS_COMPANYFACTS,MAPPING_COLUMN,,,,,,,,,
BPD,STAGING,68800020081,MMD,MMRELATIONS,src_record_identifier,FACTS_COMPANYFACTS,MAPPING_COLUMN,,,,,,,,,
ENV,STANDARDIZATION,NA,NA,NA,NA,NA,BUCKET_NAME,,,,,,,,,
BPD,STANDARDIZATION,NA,NA,NA,/Staging/dimsandfacts/ai_party/,DIMENSION1,INPUT_PATH,,,,,,,,,
BPD,STANDARDIZATION,NA,NA,NA,/Staging/relation/ai_rel_party_address_test_1/,DIMENSION2,INPUT_PATH,,,,,,,,,
BPD,STANDARDIZATION,NA,NA,NA,/Staging/dimsandfacts/ai_address_test_1/,DIMENSION3,INPUT_PATH,,,,,,,,,
BPD,STANDARDIZATION,NA,NA,NA,/Staging/relation/ai_rel_party_phone/,DIMENSION4,INPUT_PATH,,,,,,,,,
BPD,STANDARDIZATION,NA,NA,NA,/Staging/dimsandfacts/ai_phone/,DIMENSION5,INPUT_PATH,,,,,,,,,
BPD,STANDARDIZATION,NA,NA,NA,DIMENSION1.AI_PARTY_ID,DIMENSION1,SELECT_COLUMN,,,,,,,,,
BPD,STANDARDIZATION,NA,NA,NA,DIMENSION1.NAME,DIMENSION1,SELECT_COLUMN,,,,,,,,,
BPD,STANDARDIZATION,NA,NA,NA,DIMENSION2.AI_ADDRESS_ID,DIMENSION2,SELECT_COLUMN,,,,,,,,,
BPD,STANDARDIZATION,NA,NA,NA,DIMENSION3.route,DIMENSION3,SELECT_COLUMN,,,,,,,,,
BPD,STANDARDIZATION,NA,NA,NA,DIMENSION3.locality,DIMENSION3,SELECT_COLUMN,,,,,,,,,
BPD,STANDARDIZATION,NA,NA,NA,DIMENSION3.postal_code,DIMENSION3,SELECT_COLUMN,,,,,,,,,
BPD,STANDARDIZATION,NA,NA,NA,DIMENSION3.administrative_area_level_1,DIMENSION3,SELECT_COLUMN,,,,,,,,,
BPD,STANDARDIZATION,NA,NA,NA,DIMENSION4.AI_PHONE_ID,DIMENSION4,SELECT_COLUMN,,,,,,,,,
BPD,STANDARDIZATION,NA,NA,NA,DIMENSION5.PHONE,DIMENSION5,SELECT_COLUMN,,,,,,,,,
BPD,STANDARDIZATION,NA,NA,NA,DIMENSION1,NA,JOIN_TABLE_1,DIMENSION2,,,,,,,,
BPD,STANDARDIZATION,NA,NA,NA,DIMENSION1.AI_PARTY_ID,DIMENSION1,JOIN_CONDITION_1,DIMENSION2.AI_PARTY_ID,,,,,,,,
BPD,STANDARDIZATION,NA,NA,NA,DIMENSION2,NA,JOIN_TABLE_2,DIMENSION3,,,,,,,,
BPD,STANDARDIZATION,NA,NA,NA,DIMENSION2.AI_ADDRESS_ID,DIMENSION2,JOIN_CONDITION_2,DIMENSION3.AI_ADDRESS_ID,,,,,,,,
BPD,STANDARDIZATION,NA,NA,NA,DIMENSION1,NA,JOIN_TABLE_3,DIMENSION4,,,,,,,,
BPD,STANDARDIZATION,NA,NA,NA,DIMENSION1.AI_PARTY_ID,DIMENSION1,JOIN_CONDITION_3,DIMENSION4.AI_PARTY_ID,,,,,,,,
BPD,STANDARDIZATION,NA,NA,NA,DIMENSION4,NA,JOIN_TABLE_4,DIMENSION5,,,,,,,,
BPD,STANDARDIZATION,NA,NA,NA,DIMENSION4.AI_PHONE_ID,DIMENSION4,JOIN_CONDITION_4,DIMENSION5.AI_PHONE_ID,,,,,,,,
BPD,STANDARDIZATION,NA,NA,NA,DIMENSION1.AI_PARTY_ID > 0,DIMENSION1,FILTER_CONDITION,,,,,,,,,
BPD,STANDARDIZATION,NA,NA,NA,DIMENSION2.AI_PARTY_ID > 0 ,DIMENSION2,FILTER_CONDITION,,,,,,,,,
BPD,STANDARDIZATION,NA,NA,NA,Staging/standarization/processed_data/,,OUTPUT_PATH,,,,,,,,,
