TYPE,ARCHITECTURE_LAYER,SOURCE_ID,SOURCE_NAME,FILE_NAME,SRC_FIELD,TARGET_TABLE,ACTION,TARGET_O,TARGET_C,STATUS,SEVERITY,CONTEXT,CASCADE COL,EFFECTIVE_DATE,KNOWLEDGE_DATE,
BPD,STAGING,68800010001,TIAA_SALESFORCE,ACCOUNT,BILLINGLATITUDE,DIMENSION_ADDRESS,MAPPING_COLUMN,,latitude,,,,,,,
BPD,STAGING,68800010001,TIAA_SALESFORCE,ACCOUNT,BILLINGLONGITUDE,DIMENSION_ADDRESS,MAPPING_COLUMN,,longitude,,,,,,,
BPD,STAGING,68800010001,TIAA_SALESFORCE,ACCOUNT,BILLINGSTREET,DIMENSION_ADDRESS,MAPPING_COLUMN,,street_number,,,,,,,
BPD,STAGING,68800010001,TIAA_SALESFORCE,ACCOUNT,BILLINGCITY,DIMENSION_ADDRESS,MAPPING_COLUMN,,locality,,,,,,,
BPD,STAGING,68800010001,TIAA_SALESFORCE,ACCOUNT,BILLINGSTATE,DIMENSION_ADDRESS,MAPPING_COLUMN,,administrative_area_level_1,,,,,,,
BPD,STAGING,68800010001,TIAA_SALESFORCE,ACCOUNT,BILLINGPOSTALCODE,DIMENSION_ADDRESS,MAPPING_COLUMN,,postal_code,,,,,,,
BPD,STAGING,68800010001,TIAA_SALESFORCE,ACCOUNT,BILLINGCOUNTRYCODE,DIMENSION_ADDRESS,MAPPING_COLUMN,,country,,,,,,,
BPD,STAGING,68800010001,TIAA_SALESFORCE,ACCOUNT,BILLINGSTREET,DIMENSION_ADDRESS,EXCEPT_COLUMN,,,,,,,,,
BPD,STAGING,68800010001,TIAA_SALESFORCE,ACCOUNT,BILLINGCITY,DIMENSION_ADDRESS,EXCEPT_COLUMN,,,,,,,,,
BPD,STAGING,68800010001,TIAA_SALESFORCE,ACCOUNT,BILLINGSTATE,DIMENSION_ADDRESS,EXCEPT_COLUMN,,,,,,,,,
BPD,STAGING,68800010001,TIAA_SALESFORCE,ACCOUNT,BILLINGPOSTALCODE,DIMENSION_ADDRESS,EXCEPT_COLUMN,,,,,,,,,
BPD,STAGING,68800010001,TIAA_SALESFORCE,ACCOUNT,BILLINGCOUNTRYCODE,DIMENSION_ADDRESS,EXCEPT_COLUMN,,,,,,,,,
BPD,STAGING,68800010001,TIAA_SALESFORCE,ACCOUNT,,DIMENSION_ADDRESS,CONCAT_OUTPUT_COLUMNS,formatted_address_o,formatted_address,,,,,,,
BPD,STAGING,68800010001,TIAA_SALESFORCE,ACCOUNT,BILLINGSTREET|BILLINGCITY|BILLINGSTATE|BILLINGPOSTALCODE|BILLINGCOUNTRYCODE,DIMENSION_ADDRESS,STANDARDIZE_ADDRESS,formatted_address_o,formatted_address,,,,,,,
BPD,STAGING,68800010001,TIAA_SALESFORCE,ACCOUNT,TRUE,DIMENSION_ADDRESS,CALL_TO_GOOGLE_API_ACTIVE,,,,,,,,,
BPD,STAGING,68800010001,TIAA_SALESFORCE,ACCOUNT,1,DIMENSION_ADDRESS,STANDARDIZATION_MIN_QUALITY_THRESHOLD,,,,,,,,,
BPD,STAGING,68800010001,TIAA_SALESFORCE,ACCOUNT,Staging/dimsandfacts/ai_address_standardization_logging_test_1/,DIMENSION_ADDRESS,STANDARDIZATION_LOGGING_PATH,,,,,,,,,
BPD,STAGING,68800010001,TIAA_SALESFORCE,ACCOUNT,https://maps.googleapis.com/maps/api/geocode/json?components=locality:,DIMENSION_ADDRESS,GOOGLE_API_URI,,,,,,,,,
BPD,STAGING,68800010001,TIAA_SALESFORCE,ACCOUNT,AIzaSyDhKRzve2-4BJJSo8InQqLZySAHgHdKr5,DIMENSION_ADDRESS,GOOGLE_API_KEY,,,,,,,,,
ENV,STAGING,68800010001,TIAA_SALESFORCE,ACCOUNT,1,NA,GOOGLE_API_QUALITY_RATING,NA,NA,NA,NA,NA,NA,NA,NA,NA
BPD,STAGING,68800010001,TIAA_SALESFORCE,ACCOUNT,AI_ADDRESS_ID,DIMENSION_ADDRESS,AUTOINCREMENT_COLUMN,,,,,,,,,
ENV,PREPROCESSING,68800010001,TIAA_SALESFORCE,ACCOUNT,s3a://ai-0068800-processing/,NA,BUCKET_NAME,NA,NA,NA,NA,NA,NA,NA,NA,NA
PRO,PREPROCESSING,68800010001,TIAA_SALESFORCE,ACCOUNT,Landing/TIAA_SFDC/Account/*,NA,INPUT_PATH,,,,,,,,,
PRO,PREPROCESSING,68800010001,TIAA_SALESFORCE,ACCOUNT,common_lookup/*,NA,SOURCE_LOOKUP_TABLE_PATH,,,,,,,,,
PRO,PREPROCESSING,68800010001,TIAA_SALESFORCE,ACCOUNT,Preprocessing/TIAA_SFDC/Account/Delta/,NA,OUTPUT_PATH,,,,,,,,,
PRO,PREPROCESSING,68800010001,TIAA_SALESFORCE,ACCOUNT,Preprocessing/TIAA_SFDC/Account/processed/,NA,PROCESSED_PATH,,,,,,,,,
PRO,PREPROCESSING,68800010001,TIAA_SALESFORCE,ACCOUNT,yyyy-MM-dd'T'HH:mm:ss,NA,KNOWLEDGE_DATE_INPUT_FORMAT,,,,,,,,,
PRO,PREPROCESSING,68800010001,TIAA_SALESFORCE,ACCOUNT,yyyy-MM-dd'T'HH:mm:ss,NA,EFFECTIVE_DATE_INPUT_FORMAT,,,,,,,,,
PRO,PREPROCESSING,68800010001,TIAA_SALESFORCE,ACCOUNT,BatchTable/,NA,BATCHTABLE_PATH,,,,,,,,,
PRO,PREPROCESSING,68800010001,TIAA_SALESFORCE,ACCOUNT,NA,,PRIMARY_KEY,,,,,,,,,
PRO,STAGING,68800010001,TIAA_SALESFORCE,ACCOUNT,Preprocessing/address_standardization_testing/sfdc_account_500,NA,INPUT_PATH,,,,,,,,,
PRO,STAGING,68800010001,TIAA_SALESFORCE,ACCOUNT,Staging/dimsandfacts/ai_address_test_1/,DIMENSION_ADDRESS,OUTPUT_PATH,,,,,,,,,
PRO,STAGING,68800010001,TIAA_SALESFORCE,ACCOUNT,Staging/dimsandfacts/ai_phone/,DIMENSION_PHONE,OUTPUT_PATH,,,,,,,,,
PRO,STAGING,68800010001,TIAA_SALESFORCE,ACCOUNT,Staging/xref_tables/partyXRef/*,DIMENSION_PARTY,XREF_PATH,,,,,,,,,
PRO,STAGING,68800010001,TIAA_SALESFORCE,ACCOUNT,Staging/dimsandfacts/ai_party/,DIMENSION_PARTY,OUTPUT_PATH,,,,,,,,,
PRO,STAGING,68800010001,TIAA_SALESFORCE,ACCOUNT,Staging/xref_tables/partyXRef/*,FACTS_COMPANYFACTS,PARTYXREF_PATH,,,,,,,,,
PRO,STAGING,68800010001,TIAA_SALESFORCE,ACCOUNT,Staging/dimsandfacts/ai_company_fct/,FACTS_COMPANYFACTS,FACT_PATH,,,,,,,,,
PRO,STAGING,68800010001,TIAA_SALESFORCE,ACCOUNT,NA,FACTS_COMPANYFACTS,DIMFACT_PATH,,,,,,,,,
PRO,STAGING,68800010001,TIAA_SALESFORCE,ACCOUNT,NA,FACTS_COMPANYFACTS,PRODUCTXREF_PATH,,,,,,,,,
PRO,STAGING,68800010001,TIAA_SALESFORCE,ACCOUNT,Staging/xref_tables/partyXRef/,XREF_PARTY,INPUT_PATH,,,,,,,,,
PRO,STAGING,68800010001,TIAA_SALESFORCE,ACCOUNT,Staging/xref_tables/partyXRef/,XREF_PARTY,OUTPUT_PATH,,,,,,,,,
PRO,STAGING,68800010001,TIAA_SALESFORCE,ACCOUNT,Staging/xref_tables/partyXRef/*,RELATION_PARTY_ADDRESS,XREF_PATH,,,,,,,,,
PRO,STAGING,68800010001,TIAA_SALESFORCE,ACCOUNT,Staging/dimsandfacts/ai_address_api_integrate/,RELATION_PARTY_ADDRESS,DIMFACT_PATH,,,,,,,,,
PRO,STAGING,68800010001,TIAA_SALESFORCE,ACCOUNT,Staging/rel_type_lookup/*,RELATION_PARTY_ADDRESS,RELTYPETABLE_PATH,,,,,,,,,
PRO,STAGING,68800010001,TIAA_SALESFORCE,ACCOUNT,Staging/relation/ai_rel_party_address/,RELATION_PARTY_ADDRESS,RELATION_PATH,,,,,,,,,
PRO,STAGING,68800010001,TIAA_SALESFORCE,ACCOUNT,Staging/xref_tables/partyXRef/*,RELATION_PARTY_PHONE,XREF_PATH,,,,,,,,,
PRO,STAGING,68800010001,TIAA_SALESFORCE,ACCOUNT,Staging/dimsandfacts/ai_phone/,RELATION_PARTY_PHONE,DIMFACT_PATH,,,,,,,,,
PRO,STAGING,68800010001,TIAA_SALESFORCE,ACCOUNT,Staging/rel_type_lookup/*,RELATION_PARTY_PHONE,RELTYPETABLE_PATH,,,,,,,,,
PRO,STAGING,68800010001,TIAA_SALESFORCE,ACCOUNT,Staging/relation/ai_rel_party_phone/,RELATION_PARTY_PHONE,RELATION_PATH,,,,,,,,,
PRO,STAGING,68800010001,TIAA_SALESFORCE,ACCOUNT,Staging/xref_tables/partyXRef/*,RELATION_PARTY_PARTY,XREF_PATH,,,,,,,,,
PRO,STAGING,68800010001,TIAA_SALESFORCE,ACCOUNT,Staging/dimsandfacts/ai_party/,RELATION_PARTY_PARTY,DIMFACT_PATH,,,,,,,,,
PRO,STAGING,68800010001,TIAA_SALESFORCE,ACCOUNT,Staging/rel_type_lookup/*,RELATION_PARTY_PARTY,RELTYPETABLE_PATH,,,,,,,,,
PRO,STAGING,68800010001,TIAA_SALESFORCE,ACCOUNT,Staging/relation/ai_rel_party_party/,RELATION_PARTY_PARTY,RELATION_PATH,,,,,,,,,
OPS,PREPROCESSING,68800010001,TIAA_SALESFORCE,ACCOUNT,NA,NA,KEY_FIELD_VALIDATION,,ID,,,,,,,
BPD,PREPROCESSING,68800010001,TIAA_SALESFORCE,ACCOUNT,CREATEDDATE,,MAP_EFFECTIVE_DATE,,,,,,,,,
BPD,PREPROCESSING,68800010001,TIAA_SALESFORCE,ACCOUNT,LASTMODIFIEDDATE,,MAP_KNOWLEDGE_DATE,,,,,,,,,
BPD,PREPROCESSING,68800010001,TIAA_SALESFORCE,ACCOUNT,CONTACT_MDM_ID,,MAP_SUBSET_COLUMN,,,,,,,,,
BPD,PREPROCESSING,68800010001,TIAA_SALESFORCE,ACCOUNT,RELTN_MDM_ID,,MAP_SUBSET_COLUMN,,,,,,,,,
BPD,STAGING,68800010001,TIAA_SALESFORCE,ACCOUNT,XREF_PARTY,XREF_TABLES,LIST,,,,,,,,,
BPD,STAGING,68800010001,TIAA_SALESFORCE,ACCOUNT,AI_BATCH_ID,XREF_PARTY,SCHEMA,,,,,,,,,
BPD,STAGING,68800010001,TIAA_SALESFORCE,ACCOUNT,AI_SRC_ID,XREF_PARTY,SCHEMA,,,,,,,,,
BPD,STAGING,68800010001,TIAA_SALESFORCE,ACCOUNT,AI_EFFECTIVE_DATE,XREF_PARTY,SCHEMA,,,,,,,,,
BPD,STAGING,68800010001,TIAA_SALESFORCE,ACCOUNT,AI_KNOWLEDGE_DATE,XREF_PARTY,SCHEMA,,,,,,,,,
BPD,STAGING,68800010001,TIAA_SALESFORCE,ACCOUNT,AI_PARTY_ID,XREF_PARTY,SCHEMA,,,,,,,,,
BPD,STAGING,68800010001,TIAA_SALESFORCE,ACCOUNT,ID_NAME,XREF_PARTY,SCHEMA,,,,,,,,,
BPD,STAGING,68800010001,TIAA_SALESFORCE,ACCOUNT,ID_VALUE,XREF_PARTY,SCHEMA,,,,,,,,,
BPD,STAGING,68800010001,TIAA_SALESFORCE,ACCOUNT,ID,XREF_PARTY,MAIN_SELECTED_COLUMNS,,,,,,,,,
BPD,STAGING,68800010001,TIAA_SALESFORCE,ACCOUNT,PARENTID,XREF_PARTY,MAIN_SELECTED_COLUMNS,,,,,,,,,
BPD,STAGING,68800010001,TIAA_SALESFORCE,ACCOUNT,AI_SRC_ID,XREF_PARTY,MAIN_SELECTED_COLUMNS,,,,,,,,,
BPD,STAGING,68800010001,TIAA_SALESFORCE,ACCOUNT,AI_BATCH_ID,XREF_PARTY,MAIN_SELECTED_COLUMNS,,,,,,,,,
BPD,STAGING,68800010001,TIAA_SALESFORCE,ACCOUNT,AI_EFFECTIVE_DATE,XREF_PARTY,MAIN_SELECTED_COLUMNS,,,,,,,,,
BPD,STAGING,68800010001,TIAA_SALESFORCE,ACCOUNT,AI_KNOWLEDGE_DATE,XREF_PARTY,MAIN_SELECTED_COLUMNS,,,,,,,,,
BPD,STAGING,68800010001,TIAA_SALESFORCE,ACCOUNT,ID,XREF_PARTY,TAG_VALUE_COLUMN,,TIAA_SFDC#1,,,,,,,
BPD,STAGING,68800010001,TIAA_SALESFORCE,ACCOUNT,PARENTID,XREF_PARTY,TAG_VALUE_COLUMN,,TIAA_SFDC#2,,,,,,,
BPD,STAGING,68800010001,TIAA_SALESFORCE,ACCOUNT,ID_NAME,XREF_PARTY,TAG_VALUE_MEASURE_COLUMN_NAME,,,,,,,,,
BPD,STAGING,68800010001,TIAA_SALESFORCE,ACCOUNT,ID_VALUE,XREF_PARTY,TAG_VALUE_MEASURE_COLUMN_NAME,,,,,,,,,
BPD,STAGING,68800010001,TIAA_SALESFORCE,ACCOUNT,ID_NAME,XREF_PARTY,EXCEPT_COLUMN,,,,,,,,,
BPD,STAGING,68800010001,TIAA_SALESFORCE,ACCOUNT,ID_VALUE,XREF_PARTY,EXCEPT_COLUMN,,,,,,,,,
BPD,STAGING,68800010001,TIAA_SALESFORCE,ACCOUNT,AI_PARTY_ID,XREF_PARTY,AUTOINCREMENT_COLUMN,,,,,,,,,
BPD,STAGING,68800010001,TIAA_SALESFORCE,ACCOUNT,CRD__C,XREF_PARTY,SYNONYM_COLUMN,,CRD,,,,,,,
BPD,STAGING,68800010001,TIAA_SALESFORCE,ACCOUNT,CRMOD_ID__C,XREF_PARTY,SYNONYM_COLUMN,,CRMOD_ID,,,,,,,
BPD,STAGING,68800010001,TIAA_SALESFORCE,ACCOUNT,MMD__C,XREF_PARTY,SYNONYM_COLUMN,,MMD_COMPANY_ID,,,,,,,
BPD,STAGING,68800010001,TIAA_SALESFORCE,ACCOUNT,TIAA_SIEBEL_ROW_ID__C,XREF_PARTY,SYNONYM_COLUMN,,SIEBEL_ID,,,,,,,
BPD,STAGING,68800010001,TIAA_SALESFORCE,ACCOUNT,TIAA_SFDC_ID__C,XREF_PARTY,SYNONYM_COLUMN,,TIAA_SFDC_ID,,,,,,,
BPD,STAGING,68800010001,TIAA_SALESFORCE,ACCOUNT,EIN__C,XREF_PARTY,SYNONYM_COLUMN,,EIN,,,,,,,
BPD,STAGING,68800010001,TIAA_SALESFORCE,ACCOUNT,NUVEEN_ID__C,XREF_PARTY,SYNONYM_COLUMN,,NUVEEN_ID,,,,,,,
BPD,STAGING,68800010001,TIAA_SALESFORCE,ACCOUNT,ID,XREF_PARTY,SYNONYM_SELECTED_COLUMN,,,,,,,,,
BPD,STAGING,68800010001,TIAA_SALESFORCE,ACCOUNT,PARENTID,XREF_PARTY,SYNONYM_SELECTED_COLUMN,,,,,,,,,
BPD,STAGING,68800010001,TIAA_SALESFORCE,ACCOUNT,CRD__C,XREF_PARTY,SYNONYM_SELECTED_COLUMN,,,,,,,,,
BPD,STAGING,68800010001,TIAA_SALESFORCE,ACCOUNT,CRMOD_ID__C,XREF_PARTY,SYNONYM_SELECTED_COLUMN,,,,,,,,,
BPD,STAGING,68800010001,TIAA_SALESFORCE,ACCOUNT,MMD__C,XREF_PARTY,SYNONYM_SELECTED_COLUMN,,,,,,,,,
BPD,STAGING,68800010001,TIAA_SALESFORCE,ACCOUNT,TIAA_SIEBEL_ROW_ID__C,XREF_PARTY,SYNONYM_SELECTED_COLUMN,,,,,,,,,
BPD,STAGING,68800010001,TIAA_SALESFORCE,ACCOUNT,TIAA_SFDC_ID__C,XREF_PARTY,SYNONYM_SELECTED_COLUMN,,,,,,,,,
BPD,STAGING,68800010001,TIAA_SALESFORCE,ACCOUNT,EIN__C,XREF_PARTY,SYNONYM_SELECTED_COLUMN,,,,,,,,,
BPD,STAGING,68800010001,TIAA_SALESFORCE,ACCOUNT,NUVEEN_ID__C,XREF_PARTY,SYNONYM_SELECTED_COLUMN,,,,,,,,,
BPD,STAGING,68800010001,TIAA_SALESFORCE,ACCOUNT,AI_MEASURE_NAME,XREF_PARTY,SYNONYM_COLUMN_NAME,,,,,,,,,
BPD,STAGING,68800010001,TIAA_SALESFORCE,ACCOUNT,AI_MEASURE_VALUE,XREF_PARTY,SYNONYM_COLUMN_NAME,,,,,,,,,
BPD,STAGING,68800010001,TIAA_SALESFORCE,ACCOUNT,ID,XREF_PARTY,SYNONYM_LOOKUP_COLUMN,,ID_VALUE,,,,,,,
BPD,STAGING,68800010001,TIAA_SALESFORCE,ACCOUNT,AI_PARTY_ID,XREF_PARTY,SYNONYM_SUBSET_COLUMN,,,,,,,,,
BPD,STAGING,68800010001,TIAA_SALESFORCE,ACCOUNT,AI_MEASURE_NAME,XREF_PARTY,SYNONYM_SUBSET_COLUMN,,,,,,,,,
BPD,STAGING,68800010001,TIAA_SALESFORCE,ACCOUNT,AI_MEASURE_VALUE,XREF_PARTY,SYNONYM_SUBSET_COLUMN,,,,,,,,,
BPD,STAGING,68800010001,TIAA_SALESFORCE,ACCOUNT,AI_SRC_ID,XREF_PARTY,SYNONYM_SUBSET_COLUMN,,,,,,,,,
BPD,STAGING,68800010001,TIAA_SALESFORCE,ACCOUNT,AI_EFFECTIVE_DATE,XREF_PARTY,SYNONYM_SUBSET_COLUMN,,,,,,,,,
BPD,STAGING,68800010001,TIAA_SALESFORCE,ACCOUNT,AI_KNOWLEDGE_DATE,XREF_PARTY,SYNONYM_SUBSET_COLUMN,,,,,,,,,
BPD,STAGING,68800010001,TIAA_SALESFORCE,ACCOUNT,AI_BATCH_ID,XREF_PARTY,SYNONYM_SUBSET_COLUMN,,,,,,,,,
BPD,STAGING,68800010001,TIAA_SALESFORCE,ACCOUNT,AI_PARTY_ID,XREF_PARTY,SYNONYM_UNION_RENAME,,AI_PARTY_ID,,,,,,,
BPD,STAGING,68800010001,TIAA_SALESFORCE,ACCOUNT,AI_MEASURE_NAME,XREF_PARTY,SYNONYM_UNION_RENAME,,ID_NAME,,,,,,,
BPD,STAGING,68800010001,TIAA_SALESFORCE,ACCOUNT,AI_MEASURE_VALUE,XREF_PARTY,SYNONYM_UNION_RENAME,,ID_VALUE,,,,,,,
BPD,STAGING,68800010001,TIAA_SALESFORCE,ACCOUNT,AI_SRC_ID,XREF_PARTY,SYNONYM_UNION_RENAME,,AI_SRC_ID,,,,,,,
BPD,STAGING,68800010001,TIAA_SALESFORCE,ACCOUNT,AI_EFFECTIVE_DATE,XREF_PARTY,SYNONYM_UNION_RENAME,,AI_EFFECTIVE_DATE,,,,,,,
BPD,STAGING,68800010001,TIAA_SALESFORCE,ACCOUNT,AI_KNOWLEDGE_DATE,XREF_PARTY,SYNONYM_UNION_RENAME,,AI_KNOWLEDGE_DATE,,,,,,,
BPD,STAGING,68800010001,TIAA_SALESFORCE,ACCOUNT,AI_BATCH_ID,XREF_PARTY,SYNONYM_UNION_RENAME,,AI_BATCH_ID,,,,,,,
BPD,STAGING,68800010001,TIAA_SALESFORCE,ACCOUNT,DIMENSION_ADDRESS,DIMENSION_TABLES,LIST,,,,,,,,,
