TYPE,ARCHITECTURE_LAYER,SOURCE_ID,SOURCE_NAME,FILE_NAME,SRC_FIELD,TARGET_TABLE,ACTION,TARGET_O,TARGET_C,STATUS,SEVERITY,CONTEXT,CASCADE COL,EFFECTIVE_DATE,KNOWLEDGE_DATE,
ENV,PREPROCESSING,68800070001,TECTICAL_CLIENT_MASTER,TECTICAL_CLIENT_MASTER,s3a://ai-0068800-processing/,,BUCKET_NAME,NA,NA,NA,NA,NA,NA,NA,NA,NA
ENV,ALL,6880001,TECTICAL_CLIENT_MASTER,ALL,AI_EFFECTIVE_DATE,,CORE_KEY_EFFECTIVE_DATE_COL_NAME,,,,,,,,,
ENV,ALL,6880001,TECTICAL_CLIENT_MASTER,ALL,AI_KNOWLEDGE_DATE,,CORE_KEY_KNOWLEDGE_DATE_COL_NAME,,,,,,,,,
ENV,ALL,6880001,TECTICAL_CLIENT_MASTER,ALL,AI_BATCH_ID,,CORE_KEY_BATCHID_COL_NAME,,,,,,,,,
ENV,ALL,6880001,TECTICAL_CLIENT_MASTER,ALL,AI_SRC_ID,,CORE_KEY_SOURCEID_COL_NAME,,,,,,,,,
PRO,PREPROCESSING,68800070001,TECTICAL_CLIENT_MASTER,TECTICAL_CLIENT_MASTER,/Landing/Tectical_Client_Master/*,,INPUT_PATH,,,,,,,,,
PRO,PREPROCESSING,68800070001,TECTICAL_CLIENT_MASTER,TECTICAL_CLIENT_MASTER,common_lookup/*,,SOURCE_LOOKUP_TABLE_PATH,,,,,,,,,
PRO,PREPROCESSING,68800070001,TECTICAL_CLIENT_MASTER,TECTICAL_CLIENT_MASTER,/Preprocessing/Tectical_Client_Master/Delta/,,OUTPUT_PATH,,,,,,,,,
PRO,PREPROCESSING,68800070001,TECTICAL_CLIENT_MASTER,TECTICAL_CLIENT_MASTER,/Preprocessing/Tectical_Client_Master/processed/,,PROCESSED_PATH,,,,,,,,,
PRO,PREPROCESSING,68800070001,TECTICAL_CLIENT_MASTER,TECTICAL_CLIENT_MASTER,yyyyMMdd,,KNOWLEDGE_DATE_INPUT_FORMAT,,,,,,,,,
PRO,PREPROCESSING,68800070001,TECTICAL_CLIENT_MASTER,TECTICAL_CLIENT_MASTER,yyyyMMdd,,EFFECTIVE_DATE_INPUT_FORMAT,,,,,,,,,
PRO,PREPROCESSING,68800070001,TECTICAL_CLIENT_MASTER,TECTICAL_CLIENT_MASTER,BatchTable/,,BATCHTABLE_PATH,,,,,,,,,
OPS,PREPROCESSING,68800070001,TECTICAL_CLIENT_MASTER,TECTICAL_CLIENT_MASTER,MASTER_ID,,KEY_FIELD_VALIDATION,,,,,,,,,
BPD,PREPROCESSING,68800070001,TECTICAL_CLIENT_MASTER,TECTICAL_CLIENT_MASTER,,,MAP_EFFECTIVE_DATE,,,,,,,,,
BPD,PREPROCESSING,68800070001,TECTICAL_CLIENT_MASTER,TECTICAL_CLIENT_MASTER,,,MAP_KNOWLEDGE_DATE,,,,,,,,,
BPD,PREPROCESSING,68800070001,TECTICAL_CLIENT_MASTER,TECTICAL_CLIENT_MASTER,NA,,MAP_SUBSET_COLUMN,,,,,,,,,
BPD,PREPROCESSING,68800070001,TECTICAL_CLIENT_MASTER,TECTICAL_CLIENT_MASTER,NA,,MAP_SUBSET_COLUMN,,,,,,,,,
BPD,PREPROCESSING,68800070001,TECTICAL_CLIENT_MASTER,TECTICAL_CLIENT_MASTER,SRC,,rule_DerivedColBasedOnColValue,,DERIVED_COLUMN,,,,,,,
BPD,PREPROCESSING,68800070001,TECTICAL_CLIENT_MASTER,TECTICAL_CLIENT_MASTER,Dynamics,,DERIVED_COL_LOOKUP_BASEDON_COLVALUE,,MSDYNAMICS_COMPANY_ID,,,,,,,
BPD,PREPROCESSING,68800070001,TECTICAL_CLIENT_MASTER,TECTICAL_CLIENT_MASTER,MMD,,DERIVED_COL_LOOKUP_BASEDON_COLVALUE,,MMD_COMPANY_ID,,,,,,,
BPD,PREPROCESSING,68800070001,TECTICAL_CLIENT_MASTER,TECTICAL_CLIENT_MASTER,Salesforce,,DERIVED_COL_LOOKUP_BASEDON_COLVALUE,,TIAA_SFDC_ID,,,,,,,
BPD,PREPROCESSING,68800070001,TECTICAL_CLIENT_MASTER,TECTICAL_CLIENT_MASTER,eFront,,DERIVED_COL_LOOKUP_BASEDON_COLVALUE,,EFRONT_COMPANY_ID,,,,,,,
PRO,STAGING,68800070001,TECTICAL_CLIENT_MASTER,TECTICAL_CLIENT_MASTER,/Preprocessing/Tectical_Client_Master/Delta/,,INPUT_PATH,,,,,,,,,
PRO,STAGING,68800070001,TECTICAL_CLIENT_MASTER,TECTICAL_CLIENT_MASTER,/Staging_Tcm/xref_tables/partyXRef/,XREF_PARTY,INPUT_PATH,,,,,,,,,
PRO,STAGING,68800070001,TECTICAL_CLIENT_MASTER,TECTICAL_CLIENT_MASTER,/Staging_Tcm/xref_tables/partyXRef/,XREF_PARTY,OUTPUT_PATH,,,,,,,,,
BPD,STAGING,68800070001,TECTICAL_CLIENT_MASTER,TECTICAL_CLIENT_MASTER,XREF_PARTY,XREF_TABLES,LIST,,,,,,,,,
BPD,STAGING,68800070001,TECTICAL_CLIENT_MASTER,TECTICAL_CLIENT_MASTER,AI_BATCH_ID,XREF_PARTY,SCHEMA,,,,,,,,,
BPD,STAGING,68800070001,TECTICAL_CLIENT_MASTER,TECTICAL_CLIENT_MASTER,AI_SRC_ID,XREF_PARTY,SCHEMA,,,,,,,,,
BPD,STAGING,68800070001,TECTICAL_CLIENT_MASTER,TECTICAL_CLIENT_MASTER,AI_EFFECTIVE_DATE,XREF_PARTY,SCHEMA,,,,,,,,,
BPD,STAGING,68800070001,TECTICAL_CLIENT_MASTER,TECTICAL_CLIENT_MASTER,AI_KNOWLEDGE_DATE,XREF_PARTY,SCHEMA,,,,,,,,,
BPD,STAGING,68800070001,TECTICAL_CLIENT_MASTER,TECTICAL_CLIENT_MASTER,AI_PARTY_ID,XREF_PARTY,SCHEMA,,,,,,,,,
BPD,STAGING,68800070001,TECTICAL_CLIENT_MASTER,TECTICAL_CLIENT_MASTER,ID_NAME,XREF_PARTY,SCHEMA,,,,,,,,,
BPD,STAGING,68800070001,TECTICAL_CLIENT_MASTER,TECTICAL_CLIENT_MASTER,ID_VALUE,XREF_PARTY,SCHEMA,,,,,,,,,
BPD,STAGING,68800070001,TECTICAL_CLIENT_MASTER,TECTICAL_CLIENT_MASTER,MASTER_ID,XREF_PARTY,MAIN_SELECTED_COLUMNS,,,,,,,,,
BPD,STAGING,68800070001,TECTICAL_CLIENT_MASTER,TECTICAL_CLIENT_MASTER,AI_SRC_ID,XREF_PARTY,MAIN_SELECTED_COLUMNS,,,,,,,,,
BPD,STAGING,68800070001,TECTICAL_CLIENT_MASTER,TECTICAL_CLIENT_MASTER,AI_BATCH_ID,XREF_PARTY,MAIN_SELECTED_COLUMNS,,,,,,,,,
BPD,STAGING,68800070001,TECTICAL_CLIENT_MASTER,TECTICAL_CLIENT_MASTER,MASTER_ID,XREF_PARTY,TAG_VALUE_COLUMN,,TCM_COMPANY_ID,,,,,,,
BPD,STAGING,68800070001,TECTICAL_CLIENT_MASTER,TECTICAL_CLIENT_MASTER,ID_NAME,XREF_PARTY,TAG_VALUE_MEASURE_COLUMN_NAME,,,,,,,,,
BPD,STAGING,68800070001,TECTICAL_CLIENT_MASTER,TECTICAL_CLIENT_MASTER,ID_VALUE,XREF_PARTY,TAG_VALUE_MEASURE_COLUMN_NAME,,,,,,,,,
BPD,STAGING,68800070001,TECTICAL_CLIENT_MASTER,TECTICAL_CLIENT_MASTER,ID_NAME,XREF_PARTY,EXCEPT_COLUMN,,,,,,,,,
BPD,STAGING,68800070001,TECTICAL_CLIENT_MASTER,TECTICAL_CLIENT_MASTER,ID_VALUE,XREF_PARTY,EXCEPT_COLUMN,,,,,,,,,
BPD,STAGING,68800070001,TECTICAL_CLIENT_MASTER,TECTICAL_CLIENT_MASTER,AI_PARTY_ID,XREF_PARTY,AUTOINCREMENT_COLUMN,,,,,,,,,
BPD,STAGING,68800070001,TECTICAL_CLIENT_MASTER,TECTICAL_CLIENT_MASTER,ALIAS,XREF_PARTY,SYNONYM_COLUMN,,ALIAS,,,,,,,
BPD,STAGING,68800070001,TECTICAL_CLIENT_MASTER,TECTICAL_CLIENT_MASTER,MASTER_ID,XREF_PARTY,SYNONYM_SELECTED_COLUMN,,,,,,,,,
BPD,STAGING,68800070001,TECTICAL_CLIENT_MASTER,TECTICAL_CLIENT_MASTER,ALIAS,XREF_PARTY,SYNONYM_SELECTED_COLUMN,,,,,,,,,
BPD,STAGING,68800070001,TECTICAL_CLIENT_MASTER,TECTICAL_CLIENT_MASTER,DERIVED_COLUMN,XREF_PARTY,SYNONYM_SELECTED_COLUMN,,,,,,,,,
BPD,STAGING,68800070001,TECTICAL_CLIENT_MASTER,TECTICAL_CLIENT_MASTER,NA,XREF_PARTY,SYNONYM_COLUMN_NAME,,,,,,,,,
BPD,STAGING,68800070001,TECTICAL_CLIENT_MASTER,TECTICAL_CLIENT_MASTER,MASTER_ID,XREF_PARTY,SYNONYM_LOOKUP_COLUMN,,ID_VALUE,,,,,,,
BPD,STAGING,68800070001,TECTICAL_CLIENT_MASTER,TECTICAL_CLIENT_MASTER,AI_PARTY_ID,XREF_PARTY,SYNONYM_SUBSET_COLUMN,,,,,,,,,
BPD,STAGING,68800070001,TECTICAL_CLIENT_MASTER,TECTICAL_CLIENT_MASTER,DERIVED_COLUMN,XREF_PARTY,SYNONYM_SUBSET_COLUMN,,,,,,,,,
BPD,STAGING,68800070001,TECTICAL_CLIENT_MASTER,TECTICAL_CLIENT_MASTER,ALIAS,XREF_PARTY,SYNONYM_SUBSET_COLUMN,,,,,,,,,
BPD,STAGING,68800070001,TECTICAL_CLIENT_MASTER,TECTICAL_CLIENT_MASTER,AI_SRC_ID,XREF_PARTY,SYNONYM_SUBSET_COLUMN,,,,,,,,,
BPD,STAGING,68800070001,TECTICAL_CLIENT_MASTER,TECTICAL_CLIENT_MASTER,AI_EFFECTIVE_DATE,XREF_PARTY,SYNONYM_SUBSET_COLUMN,,,,,,,,,
BPD,STAGING,68800070001,TECTICAL_CLIENT_MASTER,TECTICAL_CLIENT_MASTER,AI_KNOWLEDGE_DATE,XREF_PARTY,SYNONYM_SUBSET_COLUMN,,,,,,,,,
BPD,STAGING,68800070001,TECTICAL_CLIENT_MASTER,TECTICAL_CLIENT_MASTER,AI_BATCH_ID,XREF_PARTY,SYNONYM_SUBSET_COLUMN,,,,,,,,,
BPD,STAGING,68800010001,TECTICAL_CLIENT_MASTER,TECTICAL_CLIENT_MASTER,AI_PARTY_ID,XREF_PARTY,SYNONYM_UNION_RENAME,,AI_PARTY_ID,,,,,,,
BPD,STAGING,68800010001,TECTICAL_CLIENT_MASTER,TECTICAL_CLIENT_MASTER,DERIVED_COLUMN,XREF_PARTY,SYNONYM_UNION_RENAME,,ID_NAME,,,,,,,
BPD,STAGING,68800010001,TECTICAL_CLIENT_MASTER,TECTICAL_CLIENT_MASTER,ALIAS,XREF_PARTY,SYNONYM_UNION_RENAME,,ID_VALUE,,,,,,,
BPD,STAGING,68800010001,TECTICAL_CLIENT_MASTER,TECTICAL_CLIENT_MASTER,AI_SRC_ID,XREF_PARTY,SYNONYM_UNION_RENAME,,AI_SRC_ID,,,,,,,
BPD,STAGING,68800010001,TECTICAL_CLIENT_MASTER,TECTICAL_CLIENT_MASTER,AI_EFFECTIVE_DATE,XREF_PARTY,SYNONYM_UNION_RENAME,,AI_EFFECTIVE_DATE,,,,,,,
BPD,STAGING,68800010001,TECTICAL_CLIENT_MASTER,TECTICAL_CLIENT_MASTER,AI_KNOWLEDGE_DATE,XREF_PARTY,SYNONYM_UNION_RENAME,,AI_KNOWLEDGE_DATE,,,,,,,
BPD,STAGING,68800010001,TECTICAL_CLIENT_MASTER,TECTICAL_CLIENT_MASTER,AI_BATCH_ID,XREF_PARTY,SYNONYM_UNION_RENAME,,AI_BATCH_ID,,,,,,,
,,,,,,,,,,,,,,,,
ENV,,68800010001,MMD,NA,s3a://ai-0068800-processing/,,BUCKET_NAME,,,,,,,,,
,STAGING,68800010001,MMD,NA,xyz,HIERARCHY,INPUT_PATH1,,,,,,,,,
,STAGING,68800010001,MMD,NA,abc,HIERARCHY,INPUT_PATH2,,,,,,,,,
,STAGING,68800010001,MMD,NA,def,HIERARCHY,INPUT_PATH3,,,,,,,,,
,STAGING,68800010001,MMD,NA,qwe,HIERARCHY,INPUT_PATH4,,,,,,,,,
,STAGING,68800010001,MMD,NA,MMBOFFICE,HIERARCHY,TABLE_NAME1,,,,,,,,,
,STAGING,68800010001,MMD,NA,MMCOMP,HIERARCHY,TABLE_NAME2,,,,,,,,,
,STAGING,68800010001,MMD,NA,MM85COMP,HIERARCHY,TABLE_NAME3,,,,,,,,,
,STAGING,68800010001,MMD,NA,MMD,HIERARCHY,TABLE_NAME4,,,,,,,,,
