<workflow-app xmlns="uri:oozie:workflow:0.1" name="RESERVE_EOM_MONTHLY_WORKFLOW">
    <start to="RUN_CONNECT"/>
		<action name="RUN_CONNECT">
			  <ssh xmlns="uri:oozie:ssh-action:0.1">
				<host>${focusNodeLogin}</host>
				<command>${spark_run_script_path}</command>
				<args>TABLE_NAME=gw_reserve_eom</args>
				<args>LAYER_NAME=SERVING</args>
			  </ssh>
			  <ok to="RUN_LEGACY"/>
			  <error to="RUN_FAILURE"/>
		</action>
		<action name="RUN_LEGACY">
			  <ssh xmlns="uri:oozie:ssh-action:0.1">
				<host>${focusNodeLogin}</host>
				<command>${spark_run_script_path}</command>
				<args>TABLE_NAME=lm2_reserve_eom</args>
				<args>LAYER_NAME=SERVING</args>
			  </ssh>
			  <ok to="RUN_SUCCESS"/>
			  <error to="RUN_FAILURE"/>
		</action>
		<action name="RUN_FAILURE">
			 <email xmlns="uri:oozie:email-action:0.1">
				<to>${emailToFailAddress}</to>
				<subject>${mode} : New Cluster Failure RESERVE_EOM in Serving layer failure notification)</subject>
				<body>The wf ${wf:id()} has been failed , error message ${wf:errorMessage(wf:lastErrorNode())}</body>
			 </email>
			 <ok to="END"/>
			 <error to="KILL"/>
		</action>
		<action name="RUN_SUCCESS">
			 <email xmlns="uri:oozie:email-action:0.1">
				<to>${emailToAddress}</to>
				<subject>New Cluster RESERVE_EOM in Serving layer success notification (${mode})</subject>
				<body>The wf ${wf:id()} has been completed</body>
			 </email>
			 <ok to="END"/>
			 <error to="KILL"/>
		</action>
    <kill name="KILL">
        <!-- <message>"Killed job due to error"</message> -->
        <message>Job failed for RESERVE_EOM, error message[${wf:errorMessage(wf:lastErrorNode())}]</message>
    </kill>
   <end name="END"/>
</workflow-app>
