<workflow-app
 xmlns="uri:oozie:workflow:0.1" name="NCAUTO PL">
    <start to="Ncauto_pl_recoupment_details"/>
    <action name="Ncauto_pl_recoupment_details">
          <ssh xmlns="uri:oozie:ssh-action:0.1">
             <host>${focusNodeLogin}</host>
             <command>${spark_run_script_path}</command>
             <args>JAR_FILE_PATH=${jar_file_path}</args>
         <args>SOURCE_FILE_PATH=${ncpl_config_source_path}</args>
                 <args>DB_FILE_PATH=${ncpl_db_path}</args>
        <args>CLASS_NAME=com.stateauto.NCAuto.NCPLRecoupmentDetail</args>
          </ssh>
          <ok to="Ncauto_pl_accounting_details"/>
          <error to="NCAUTO_LOAD_FAILURE"/>
    </action>

    <action name="Ncauto_pl_accounting_details">
          <ssh xmlns="uri:oozie:ssh-action:0.1">
             <host>${focusNodeLogin}</host>
             <command>${spark_run_script_path}</command>
             <args>JAR_FILE_PATH=${jar_file_path}</args>
         <args>SOURCE_FILE_PATH=${ncpl_config_source_path}</args>
                 <args>DB_FILE_PATH=${ncpl_db_path}</args>
        <args>CLASS_NAME=com.stateauto.NCAuto.NCPLAccountingDetailReport</args>
          </ssh>
          <ok to="Ncauto_pl_reinsurance"/>
          <error to="NCAUTO_LOAD_FAILURE"/>
    </action>

    <action name="Ncauto_pl_reinsurance">
          <ssh xmlns="uri:oozie:ssh-action:0.1">
             <host>${focusNodeLogin}</host>
             <command>${spark_run_script_path}</command>
             <args>JAR_FILE_PATH=${jar_file_path}</args>
         <args>SOURCE_FILE_PATH=${ncpl_config_source_path}</args>
                 <args>DB_FILE_PATH=${ncpl_db_path}</args>
        <args>CLASS_NAME=com.stateauto.NCAuto.NCPLReinsuranceReport</args>
          </ssh>
          <ok to="Ncauto_cl_recoupment_details"/>
          <error to="NCAUTO_LOAD_FAILURE"/>
    </action>
 <action name="Ncauto_cl_recoupment_details">
          <ssh xmlns="uri:oozie:ssh-action:0.1">
             <host>${focusNodeLogin}</host>
             <command>${spark_run_script_path}</command>
             <args>JAR_FILE_PATH=${jar_file_path}</args>
         <args>SOURCE_FILE_PATH=${ncpl_config_source_path}</args>
                 <args>DB_FILE_PATH=${ncpl_db_path}</args>
        <args>CLASS_NAME=com.stateauto.NCAuto.NCCLRecoupmentDetail</args>
          </ssh>
          <ok to="Ncauto_cl_accounting_details"/>
          <error to="NCAUTO_LOAD_FAILURE"/>
    </action>

    <action name="Ncauto_cl_accounting_details">
          <ssh xmlns="uri:oozie:ssh-action:0.1">
             <host>${focusNodeLogin}</host>
             <command>${spark_run_script_path}</command>
             <args>JAR_FILE_PATH=${jar_file_path}</args>
         <args>SOURCE_FILE_PATH=${ncpl_config_source_path}</args>
                 <args>DB_FILE_PATH=${ncpl_db_path}</args>
        <args>CLASS_NAME=com.stateauto.NCAuto.NCCLAccountingDetailReport</args>
          </ssh>
          <ok to="Ncauto_cl_reinsurance"/>
          <error to="NCAUTO_LOAD_FAILURE"/>
    </action>

    <action name="Ncauto_cl_reinsurance">
          <ssh xmlns="uri:oozie:ssh-action:0.1">
             <host>${focusNodeLogin}</host>
             <command>${spark_run_script_path}</command>
             <args>JAR_FILE_PATH=${jar_file_path}</args>
         <args>SOURCE_FILE_PATH=${ncpl_config_source_path}</args>
                 <args>DB_FILE_PATH=${ncpl_db_path}</args>
        <args>CLASS_NAME=com.stateauto.NCAuto.NCCLReinsuranceReport</args>
          </ssh>
          <ok to="NCAUTO_LOAD_SUCCESS"/>
          <error to="NCAUTO_LOAD_FAILURE"/>
    </action>


    <action name="NCAUTO_LOAD_SUCCESS">
         <email xmlns="uri:oozie:email-action:0.1">
            <to>${emailToAddress}</to>
            <subject>New Cluster NC AUTO Success notification ${environment}</subject>
            <body>New Cluster NC AUTO Workflow is completed</body>
         </email>
         <ok to="END"/>
         <error to="KILL"/>
    </action>
    <action name="NCAUTO_LOAD_FAILURE">
         <email xmlns="uri:oozie:email-action:0.1">
            <to>${failureMailAddress}</to>
            <subject>${environment} : New Cluster Failure NC AUTO </subject>
            <body>The wf ${wf:id()} has been failed , error message ${wf:errorMessage(wf:lastErrorNode())}</body>
         </email>
         <ok to="END"/>
         <error to="KILL"/>
    </action>
    <kill name="KILL">
        <!-- <message>"Killed job due to error"</message> -->
        <message>New Cluster Job failed for NC AUTO CL, error message[${wf:errorMessage(wf:lastErrorNode())}]</message>
    </kill>
   <end name="END"/>
</workflow-app>

