<workflow-app
 xmlns="uri:oozie:workflow:0.1" name="NCAUTO PL CESSION">
    <start to="Ncauto_pl_recoupment_details"/>
    <action name="Ncauto_pl_recoupment_details">
          <ssh xmlns="uri:oozie:ssh-action:0.1">
             <host>${focusNodeLogin}</host>
             <command>${spark_run_script_path}</command>
             <args>JAR_FILE_PATH=${jar_file_path}</args>
         <args>SOURCE_FILE_PATH=${ncpl_config_source_path}</args>
		 <args>DB_FILE_PATH=${ncpl_db_path}</args>
	<args>CLASS_NAME=com.stateauto.NCAuto.NCPLAutoCessionReport</args>
          </ssh>
          <ok to="NAAUTO_PL_LOAD_SUCCESS"/>
          <error to="NAAUTO_PL_LOAD_FAILURE"/>
    </action> 

    <action name="NAAUTO_PL_LOAD_SUCCESS">
         <email xmlns="uri:oozie:email-action:0.1">
            <to>${emailToAddress}</to>
            <subject>New Cluster NC AUTO PL CESSION Success notification ${environment}</subject>
            <body>New Cluster NC AUTO PL CESSION Workflow is completed</body>
         </email>
         <ok to="END"/>
         <error to="KILL"/>
    </action>
    <action name="NAAUTO_PL_LOAD_FAILURE">
         <email xmlns="uri:oozie:email-action:0.1">
            <to>${failureMailAddress}</to>
            <subject>${environment} : New Cluster Failure NC AUTO PL CESSION</subject>
            <body>The wf ${wf:id()} has been failed , error message ${wf:errorMessage(wf:lastErrorNode())}</body>
         </email>
         <ok to="END"/>
         <error to="KILL"/>
    </action>
    <kill name="KILL">
        <!-- <message>"Killed job due to error"</message> -->
        <message>New Cluster Job failed for NC AUTO PL CESSION, error message[${wf:errorMessage(wf:lastErrorNode())}]</message>
    </kill>
   <end name="END"/>
</workflow-app>
