{
"builders": [
    {
      "ami_name": "packer-linux-aws-demo-{{timestamp}}",
      "instance_type": "t2.micro",
      "source_ami_filter": {
        "filters": {
          "virtualization-type": "hvm",
          "name": "ubuntu/images/*ubuntu-xenial-16.04-amd64-server-*",
          "root-device-type": "ebs"
        },
        "owners": ["099720109477"],
        "most_recent": true
      },
      "ssh_username": "ubuntu",
      "type": "amazon-ebs"
    }
  ],
  "provisioners": [
    {
      "type": "shell",
      "script": "./apache.sh"
    }
  ]
}
