<workflow-app
 xmlns="uri:oozie:workflow:0.1" name="STATE_TAX_ILLINOIS_ANNUAL">
    <start to="state_tax_illinois_annual_load"/>
    <action name="state_tax_illinois_annual_load">
          <ssh xmlns="uri:oozie:ssh-action:0.1">
             <host>${focusNodeLogin}</host>
             <command>${spark_run_script_path}</command>
             <args>JAR_FILE_PATH=${jar_file_path}</args>
             <args>SOURCE_FILE_PATH=${config_source_path}</args>
	     <args>DB_FILE_PATH=${db_path}</args>
             <args>CLASS_NAME=com.stateauto.stateTax.StateTaxProcess</args>
             <args>SOURCE_SYSTEM=Illinois</args>
             <args>TRANS_TYPE=ANNUAL</args>
          </ssh>          
	<ok to="STATE_TAX_ILLINOIS_ANNUAL_LOAD_SUCCESS"/>
          <error to="STATE_TAX_ILLINOIS_ANNUAL_LOAD_FAILURE"/>
    </action>
    
    <action name="STATE_TAX_ILLINOIS_ANNUAL_LOAD_SUCCESS">
         <email xmlns="uri:oozie:email-action:0.1">
            <to>${emailToAddress}</to>
            <subject>STATE TAX ILLINOIS ANNUAL Success notification ${environment}</subject>
            <body>STATE TAX ILLINOIS ANNUAL Workflow is completed</body>
         </email>
         <ok to="END"/>
         <error to="KILL"/>
    </action>
    <action name="STATE_TAX_ILLINOIS_ANNUAL_LOAD_FAILURE">
         <email xmlns="uri:oozie:email-action:0.1">
            <to>${emailToAddress}</to>
            <subject>STATE TAX ILLINOIS ANNUAL Failure Notification ${environment}</subject>
            <body>The wf ${wf:id()} has been failed , error message ${wf:errorMessage(wf:lastErrorNode())}</body>
         </email>
         <ok to="END"/>
         <error to="KILL"/>
    </action>
    <kill name="KILL">
        <!-- <message>"Killed job due to error"</message> -->
        <message>Job failed for State Tax Illinois Annual, error message[${wf:errorMessage(wf:lastErrorNode())}]</message>
    </kill>
   <end name="END"/>
</workflow-app>
