ID|lastname|firstname|company|email|workphone|cellphone|streetaddress|city|postalcode
1|Imani|Davidson|At Ltd|nec@sem.net|1-243-889-8106|1-730-771-0412|369-6531 Molestie St.|Russell|74398
2|Kelsie|Abbott|Neque Sed Institute|lacus@pede.net|1-467-506-9933|1-441-508-7753|P.O. Box 548, 1930 Pede. Road|Campbellton|27022
3|Hilel|Durham|Pede Incorporated|eu@Craspellentesque.net|1-752-108-4210|1-391-449-8733|Ap #180-2360 Nisl. Street|Etalle|84025
4|Graiden|Molina|Sapien Institute|sit@fermentum.net|1-130-156-6666|1-269-605-7776|8890 A, Rd.|Dundee|70504
5|Karyn|Howard|Pede Ac Industries|sed.hendrerit@ornaretortorat.edu|1-109-166-5492|1-506-782-5089|P.O. Box 902, 5398 Et, St.|Saint-Hilarion|26232