ID|lastname|firstname|company|email|workphone|cellphone|streetaddress|city|postalcode
11|Ishmael|Burnett|Dolor Elit Pellentesque Ltd|vitae.erat@necmollisvitae.ca|1-872|600-7301|1-513-592-6779|P.O. Box 975, 553 Odio, Road|Hulste|63345
12|Ian|Fields|Nulla Magna Malesuada PC|rutrum.non@condimentumDonec.co.uk|1-138-621-8354|1-369-126-7068|P.O. Box 994, 7053 Quisque Ave|Ostra Vetere|90433
13|Xanthus|Acosta|Tortor Company|Nunc.lectus@a.org|1-834-909-8838|1-693-411-2633|282-7994 Nunc Av.|Belcarra|28890
14|Sophia|Christian|Turpis Ltd|lectus.pede@non.ca|1-962-503-3253|1-157-|850-3602|P.O. Box 824, 7971 Sagittis Rd.|Chattanooga|56188
15|Dorothy|Watson|A Sollicitudin Orci Company|diam.dictum@fermentum.co.uk|1-158-596-8622|1-402-884-3438|3348 Nec Street|Qu�bec City|63320