ID|lastname|firstname|company|email|workphone|cellphone|streetaddress|city|postalcode
16|Aretha|Sykes|Lobortis Tellus Justo Foundation|eget@Naminterdumenim.net|1-670-849-1866|1-283-783-3710|Ap #979-2481 Dui. Av.|Thurso|66851
17|Akeem|Casey|Pharetra Quisque Ac Institute|dictum.eu@magna.edu|1-277-657-0361|1-623-630-8848|Ap #363-6074 Ullamcorper, Rd.|Idar-Oberstei|30848
18|Keelie|Mendez|Purus In Foundation|Nulla.eu.neque@Aeneanegetmetus.co.uk|1-330-370-8231|1-301-568-0413|3511 Tincidunt Street|Lanklaar|73942
19|Lane|Bishop|Libero At PC|non@dapibusligula.ca|1-340-862-4623|1-513-820-9039|7459 Pede. Street|Linkebeek|89252
20|Michelle|Dickson|Ut Limited|Duis.dignissim.tempor@cursuset.org|1-202-490-0151|1-129-553-7398|6752 Eros. St.|Stornaway|61290