ID|lastname|firstname|company|email|workphone|cellphone|streetaddress|city|postalcode
6|Reed|Moses|Neque Corporation|eget.lacus@facilisis.com|1-449-871-0780|1-454-964-5318|Ap #225-4351 Dolor Ave|Titagarh|62631
7|Audrey|Franks|Arcu Eu Limited|eu.dui@aceleifendvitae.org|1-527-945-8935|1-263-127-1173|Ap #786-9241 Mauris Road|Bergen|81958
8|Jakeem|Erickson|A Ltd|Pellentesque.habitant@liberoProinmi.ca|1-381-591-9386|1-379-391-9490|319-1703 Dis Rd.|Pangnirtung|62399
9|Xaviera|Brennan|Bibendum Ullamcorper Limited|facilisi.Sed.neque@dictum.edu|1-260-757-1919|1-211-651-0925|P.O. Box 146, 8385 Vel Road|Béziers|13082
10|Francis|Ortega|Vitae Velit Egestas Associates|egestas.rhoncus.Proin@faucibus.com|1-257-584-6487|1-211-870-2111|733-7191 Neque Rd.|Chatillon|33081