ID|lastname|firstname|company|email|workphone|cellphone|streetaddress|city|postalcode
20|Michelle|Dickson|Ut Limited|Duis.dignissim.tempor@cursuset.org|1-202-490-0151|1-129-553-7398|6752 Eros. St.|Stornaway|61290
21|Lance|Harper|Rutrum Lorem Limited|Sed.neque@risus.com|1-685-778-6726|1-494-188-6168|663-7682 Et St.|Gisborne|73449
22|Keely|Pace|Eleifend Limited|ante.bibendum.ullamcorper@necenim.edu|1-312-381-5244|1-432-225-9226|P.O. Box 506, 5233 Aliquam Av.|Woodlands County|61213
23|Sage|Leblanc|Egestas A Consulting|dapibus@elementum.org|1-630-981-0327|1-301-287-0495|4463 Lorem Road|Woodlands County|33951
24|Marny|Holt|Urna Nec Luctus Associates|ornare@vitaeorci.ca|1-522-364-3947|1-460-971-8360|P.O. Box 311, 4839 Nulla Av.|Port Coquitlam|36733
25|Holly|Park|Mauris PC|Vestibulum.ante@Maecenasliberoest.org|1-370-197-9316|1-411-413-4602|P.O. Box 732, 8967 Eu Avenue|Provost|45507