TYPE,LAYER,FILE_NAME,SOURCE_NAME,ACTION,KEY,VALUE
ENV,ALL,ALL,SFDC,ROOT_PATH,BUCKET_NAME,C:\Users\bdurgaprasad
ENV,ALL,ALL,SFDC,CORE_KEY,QUALITY_RATING_COL_NAME,col_name=DL_QUALITY_RATING1 || col_value=0
,,,,,,
PRO,L0,ACCOUNT,SFDC,SOURCE,INPUT_DETAILS,path=\aci_American_Century_Investments\pyspark\Sources\Company_File10.csv|| file_format = csv || header=true || sep=NA || table_name=NA
PRO,L0,ACCOUNT,SFDC,SOURCE,OUTPUT_DETAILS,path=\aci_American_Century_Investments\pyspark\Targets\Company_File10_Address.csv || file_format = csv || mode=overwrite || header= true || sep=NA ||save_as_Table=false || table_name=NA
PRO,L0,ACCOUNT,SFDC,SOURCE,COLUMN_NAME,ADDRESS = Address|city|state|zip
PRO,L0,ACCOUNT,SFDC,SOURCE,SCHEMA,dl_source_name || source_desc || dl_created_by || dl_process_time || src_create_ts || src_update_ts