TYPE,LAYER,FILE_NAME,SOURCE_NAME,ACTION,KEY,VALUE
ENV,L0,ALL,SFDC,ROOT_PATH,BUCKET_NAME,c:\Users\bdurgaprasad
ENV,L0,ALL,SFDC,CORE_KEY,PROCESS_TIME_COL_NAME,DL_PROCESS_TIME
ENV,L0,ALL,SFDC,CORE_KEY,CREATED_BY_COL_NAME,DL_CREATED_BY
ENV,L0,ALL,SFDC,CORE_KEY,CREATED_BY_USER_NAME,vishal
ENV,L0,ALL,SFDC,CORE_KEY,QUALITY_RATING_COL_NAME,DL_QUALITY_RATING
,,,,,,
,,,,,,
PRO,L0,ACCOUNT,SFDC,ADDRESS_DIM,INPUT_DETAILS,path=\aci_American_Century_Investments\pyspark\Sources\Company_File10.csv|| file_format = csv || header=true || sep=NA || table_name=NA
PRO,L0,ACCOUNT,SFDC,ADDRESS_DIM,OUTPUT_DETAILS,path=\aci_American_Century_Investments\pyspark\Targets\addressStd || file_format = csv || mode=append || header= true || sep=NA ||save_as_Table=false || table_name=NA
PRO,L0,ACCOUNT,SFDC,ADDRESS_DIM,SCHEMA,dl_address_unique_id || dl_batch_id || dl_source_name || address_line_1 || address_line_2 || address_line_3 || city || state || zip || country || latitude || longitude || dl_created_by || dl_process_time || src_create_ts || src_update_ts || dl_quality_rating
PRO,L0,ACCOUNT,SFDC,ADDRESS_DIM,MAPPING_COLUMN,pre_batch_id::dl_batch_id || pre_source_name ::dl_source_name || pre_street_1:: address_line_1 || pre_street_2 :: address_line_2 || pre_street_3:: address_line_3 || pre_city::city || pre_state_or_province_code:: state || pre_zip:: zip || pre_country_code:: country || pre_created_time::src_create_ts || pre_updated_time::src_update_ts
PRO,L0,ACCOUNT,SFDC,ADDRESS_DIM,DIM_INPUT_DETAILS,path =/staging/dimensions/dl_stg_address_dim/* || file_format=csv || header=true || sep=NA || table_name=NA || prefix = dim_
PRO,L0,ACCOUNT,SFDC,ADDRESS_DIM,DIM_JOIN_CONDITION,join_type = left_anti || join_condition = (pre_street_1 <=> dim_address_line_1 AND pre_street_2 <=> dim_address_line_2 AND pre_city <=> dim_city AND pre_state_or_province_code <=> dim_state )
PRO,L0,ACCOUNT,SFDC,ADDRESS_DIM,DEFAULT_COL_VALUE1,col_name=dl_quality_rating || col_value = 0
PRO,L0,ACCOUNT,SFDC,ADDRESS_DIM,UNIQUE_ID_COL_NAME,DL_ADDRESS_UNIQUE_ID
PRO,L0,ACCOUNT,SFDC,ADDRESS_DIM,CALL_TO_GOOGLE_API,TRUE
PRO,L0,ACCOUNT,SFDC,ADDRESS_DIM,GOOGLE_API_URL,https://maps.googleapis.com/maps/api/geocode/json?address={}
PRO,L0,ACCOUNT,SFDC,ADDRESS_DIM,GOOGLE_API_KEY,AIzaSyDPM11O7QfaLmOwP1zFHViK4vW_uo65wJA
PRO,L0,ACCOUNT,SFDC,ADDRESS_DIM,SCHEMA,
PRO,L0,ACCOUNT,SFDC,ADDRESS_DIM,CONCATENATE_ADDRESS_COLS,src_col_name=Address#city#state#zip|| tgt_col_name = concatenate_address
