TYPE,LAYER,FILE_NAME,SOURCE_NAME,ACTION,KEY,VALUE
ENV,ALL,ALL,SFDC,ROOT_PATH,BUCKET_NAME,C:\Users\bdurgaprasad
ENV,ALL,ALL,SFDC,CORE_KEY,QUALITY_RATING_COL_NAME,col_name=DL_QUALITY_RATING1 || col_value=0
,,,,,,
PRO,L0,ACCOUNT,SFDC,SOURCE,INPUT_DETAILS,path=\aci_American_Century_Investments\pyspark\Sources\Dataquality.csv || file_format = csv || header=true || table_name=NA
PRO,L0,ACCOUNT,SFDC,SOURCE,OUTPUT_DETAILS,path=\aci_American_Century_Investments\pyspark\Targets\Dataquality_all.csv || file_format = csv || mode=overwrite || header= true || sep=NA ||save_as_Table=false || table_name=NA || prefix="" || view_name=""
PRO,L0,ACCOUNT,SFDC,SOURCE,SCHEMA,dl_source_name || source_desc || dl_created_by || dl_process_time || src_create_ts || src_update_ts
,,,,,,
PRO,L0,ACCOUNT,SFDC,STANDARDIZATION,STD_RULE_CURRENCY_CODE, src_col_name=CURRENCY||tgt_col_name=Currency_new
PRO,L0,ACCOUNT,SFDC,STANDARDIZATION,STD_RULE_URL_HTTP_REMOVAL,src_col_name=URL||tgt_col_name=URL_new
PRO,L0,ACCOUNT,SFDC,STANDARDIZATION,STD_RULE_SUBSTITUTE,"src_col_name=NA||tgt_col_name=NA || expr =std_rule_substitute(NAME,""Dinesh"",""DISHA"") as SUBSTITUTED_VALUE"
,,,,,,
PRO,L0,ACCOUNT,SFDC,VALIDATION,VAL_RULE_IS_NUMERIC,src_col_name=AGE||tgt_col_name=IsNumeric
PRO,L0,ACCOUNT,SFDC,VALIDATION,VAL_RULE_EMAIL_VALIDATION,src_col_name=EMAIL||tgt_col_name=EmailValidation
PRO,L0,ACCOUNT,SFDC,VALIDATION,VAL_RULE_URL_VALIDATION,src_col_name=URL||tgt_col_name=UrlValidation
PRO,L0,ACCOUNT,SFDC,VALIDATION,VAL_RULE_NEGATIVE_NUMBER,src_col_name=BALANCE||tgt_col_name=negativenumcheck_new
PRO,L0,ACCOUNT,SFDC,VALIDATION,VAL_RULE_POSITIVE_NUMBER,src_col_name=BALANCE||tgt_col_name=positivenumcheck_new
,,,,,,
PRO,L0,ACCOUNT,SFDC,CLEANSING,CLN_RULE_UPPER_CASE,src_col_name=NAME ||tgt_col_name=NAME_UPPER
PRO,L0,ACCOUNT,SFDC,CLEANSING,CLN_RULE_LOWER_CASE,src_col_name=ADDRESS ||tgt_col_name=ADDRESS_LOWER
PRO,L0,ACCOUNT,SFDC,CLEANSING,CLN_RULE_TRIM_CASE,src_col_name=NAME ||tgt_col_name=NAME_TRIM
PRO,L0,ACCOUNT,SFDC,CLEANSING,CLN_RULE_INITIAL_CAP,src_col_name=NAME ||tgt_col_name=NAME_INITIAL_CAP
PRO,L0,ACCOUNT,SFDC,CLEANSING,CLN_RULE_SPLIT_NAME,src_col_name=NAME ||tgt_col_name=NAME_SPLIT
PRO,L0,ACCOUNT,SFDC,CLEANSING,CLN_RULE_CAMEL_CASE,src_col_name=NAME ||tgt_col_name=NAME_CAMELCASE
PRO,L0,ACCOUNT,SFDC,CLEANSING,CLN_RULE_REPLACE_NEWLINE,src_col_name=NAME||tgt_col_name=REPLACENEWLINE
PRO,L0,ACCOUNT,SFDC,CLEANSING,CLN_RULE_REMOVE_LEADING_ZERO,src_col_name=BALANCE||tgt_col_name=RMVLEADINGZERO
PRO,L0,ACCOUNT,SFDC,CLEANSING,CLN_RULE_ADD_LEADING_ZERO,src_col_name=AGE||tgt_col_name=ADDLEADINGZERO
PRO,L0,ACCOUNT,SFDC,CLEANSING,CLN_RULE_REPLACE_HYPHEN_UNDERSCORE_WITH_SPACE,src_col_name=DATE||tgt_col_name=REPLACEHYPHNUNDERSCR
PRO,L0,ACCOUNT,SFDC,CLEANSING,CLN_RULE_REPLACE_SLASH_WITH_SPACE,src_col_name=DATE2||tgt_col_name=REPLACESLASH
PRO,L0,ACCOUNT,SFDC,CLEANSING,CLN_RULE_REPLACE_PERIOD_WITH_SPACE,src_col_name=STATE||tgt_col_name=REPLACEPERIOD
PRO,L0,ACCOUNT,SFDC,CLEANSING,CLN_RULE_REMOVE_SLASH,src_col_name=DATE2||tgt_col_name=REMOVESLASH
PRO,L0,ACCOUNT,SFDC,CLEANSING,CLN_RULE_REMOVE_PERIOD,src_col_name=STATE||tgt_col_name=REMOVEPERIOD
PRO,L0,ACCOUNT,SFDC,CLEANSING,CLN_RULE_REMOVE_NON_NUMBER,src_col_name=CONTACT||tgt_col_name=REMOVE_NONNUM
PRO,L0,ACCOUNT,SFDC,CLEANSING,CLN_RULE_REMOVE_NON_ALPHABETIC,src_col_name=DEPARTMENT||tgt_col_name=REMOVE_NONAPLHA
PRO,L0,ACCOUNT,SFDC,CLEANSING,CLN_RULE_SPECIAL_CHARACTER_REMOVAL,src_col_name=CONTACT||tgt_col_name=REMOVE_CHAR
PRO,L0,ACCOUNT,SFDC,CLEANSING,CLN_RULE_ADD_PARENTHESIS_START_END,src_col_name=STATE||tgt_col_name=ADD_PARENTHESIS_START_END
PRO,L0,ACCOUNT,SFDC,CLEANSING,CLN_RULE_REMOVE_PARENTHESIS,src_col_name=PIN||tgt_col_name=REMOVE_PARENTHESIS
PRO,L0,ACCOUNT,SFDC,CLEANSING,CLN_RULE_SUBSTRING,"src_col_name=NA||tgt_col_name=NA || expr =cln_rule_substring(NAME,1,3) as SUBSTR"
PRO,L0,ACCOUNT,SFDC,CLEANSING,CLN_RULE_CONCATENATE,"src_col_name=NA||tgt_col_name=NA || expr =cln_rule_concatenate(NAME,""}"") as CONCATENATEDANYVALUE"
PRO,L0,ACCOUNT,SFDC,CLEANSING,CLN_RULE_CONCATENATE_ANY_VALUE,"src_col_name=NA||tgt_col_name=NA || expr =cln_rule_concatenate_any_value(ADDRESS, ""|"") as CONCATENATED_VALUE2"
PRO,L0,ACCOUNT,SFDC,CLEANSING,CLN_RULE_PUNCTUATION_WITH_SPACE,src_col_name=NAME||tgt_col_name=RplPunctuationWithSpace
PRO,L0,ACCOUNT,SFDC,CLEANSING,CLN_RULE_REMOVE_PUNCTUATION,src_col_name=NAME||tgt_col_name=RemovePunctuation
PRO,L0,ACCOUNT,SFDC,CLEANSING,CLN_RULE_RMV_PERIOD_AND_PARENTHESIS,src_col_name=NAME||tgt_col_name=RemovePunctuationandperiod
