TYPE,LAYER,FILE_NAME,SOURCE_NAME,ACTION,KEY,VALUE
ENV,ALL,ALL,SFDC,ROOT_PATH,BUCKET_NAME,C:\Users\bdurgaprasad
ENV,ALL,ALL,SFDC,CORE_KEY,QUALITY_RATING_COL_NAME,col_name=DL_QUALITY_RATING1 || col_value=0
,,,,,,
PRO,L0,ACCOUNT,SFDC,DATA_QUALITY,INPUT_DETAILS,path=\aci_American_Century_Investments\pyspark\Sources\Dataquality.csv || file_format = csv || header=true || sep=NA || table_name=NA
PRO,L0,ACCOUNT,SFDC,DATA_QUALITY,OUTPUT_DETAILS,path=\aci_American_Century_Investments\pyspark\Targets\Dataquality_all1.csv|| file_format = csv || mode=overwrite || header= true || sep=NA ||save_as_Table=false || table_name=NA
PRO,L0,ACCOUNT,SFDC,DATA_QUALITY,SCHEMA,dl_source_name || source_desc || dl_created_by || dl_process_time || src_create_ts || src_update_ts
PRO,L0,ACCOUNT,SFDC,CLEANSING,1CLN_RULE_UPPER_CASE(CLN_RULE_UPPER_CASE),src_col_name=NAME ||tgt_col_name=NAME_UPPER1
PRO,L0,ACCOUNT,SFDC,CLEANSING,1CLN_RULE_UPPER_CASE(CLN_RULE_LOWER_CASE(CLN_RULE_UPPER_CASE(CLN_RULE_LOWER_CASE))),src_col_name=NAME ||tgt_col_name=NAME_UPPER
PRO,L0,ACCOUNT,SFDC,CLEANSING,1CLN_RULE_UPPER_CASE(CLN_RULE_LOWER_CASE(CLN_RULE_UPPER_CASE)),src_col_name=NAME ||tgt_col_name=NAME_LOWER
PRO,L0,ACCOUNT,SFDC,CLEANSING,1CLN_RULE_TRIM_CASE,src_col_name=NAME ||tgt_col_name=NAME_TRIM
PRO,L0,ACCOUNT,SFDC,CLEANSING,1CLN_RULE_INITIAL_CAP,src_col_name=NAME ||tgt_col_name=NAME_INITIAL_CAP
PRO,L0,ACCOUNT,SFDC,CLEANSING,1CLN_RULE_SPLIT_NAME,src_col_name=NAME ||tgt_col_name=NAME_SPLIT
PRO,L0,ACCOUNT,SFDC,CLEANSING,1CLN_RULE_TITLE_CASE,src_col_name=NAME ||tgt_col_name=NAME_TITLECASE
PRO,L0,ACCOUNT,SFDC,STANDARDIZATION,1STD_RULE_URL_HTTPREMOVAL,src_col_name=NAME||tgt_col_name=URL_HTTP_REPLACMENT
PRO,L0,ACCOUNT,SFDC,CLEANSING,1CLN_RULE_SPECLCHARACTER_REMOVAL,src_col_name=NAME||tgt_col_name=SPECLCHARACTER_REMOVAL
PRO,L0,ACCOUNT,SFDC,CLEANSING,1CLN_RULE_REPLACENEWLINE,src_col_name=NAME||tgt_col_name=REPLACENEWLINE
PRO,L0,ACCOUNT,SFDC,CLEANSING,1CLN_RULE_REMOVE_LEADING_ZERO,src_col_name=NAME||tgt_col_name=RMVLEADINGZERO
PRO,L0,ACCOUNT,SFDC,CLEANSING,1CLN_RULE_REPLACE_HYPHEN_UNDERSCORE_WITH_SPACE,src_col_name=NAME||tgt_col_name=REPLACEHYPHNUNDERSCR
PRO,L0,ACCOUNT,SFDC,CLEANSING,1CLN_RULE_REPLACE_SLASH_WITH_SPACE,src_col_name=NAME||tgt_col_name=REPLACESLASH
PRO,L0,ACCOUNT,SFDC,CLEANSING,1CLN_RULE_REPLACE_PERIOD_WITH_SPACE,src_col_name=NAME||tgt_col_name=REPLACEPERIOD
PRO,L0,ACCOUNT,SFDC,CLEANSING,1CLN_RULE_REMOVE_NON_NUMBER,src_col_name=NAME||tgt_col_name=REMOVE_NONNUM
PRO,L0,ACCOUNT,SFDC,CLEANSING,1CLN_RULE_ADD_PARENTHESIS_START_END,src_col_name=NAME||tgt_col_name=ADD_PARENTHESIS_START_END
PRO,L0,ACCOUNT,SFDC,CLEANSING,1CLN_RULE_REMOVEPARENTHESIS,src_col_name=NAME||tgt_col_name=REMOVE_PARENTHESIS
PRO,L0,ACCOUNT,SFDC,CLEANSING,1CLN_RULE_SUBSTRING,"src_col_name=NA||tgt_col_name=NA || expr =cln_rule_substring(NAME,1,5) as SUBSTR"
PRO,L0,ACCOUNT,SFDC,CLEANSING,1CLN_RULE_UPPER_CASE(1CLN_RULE_SUBSTRING),"src_col_name=NA||tgt_col_name=NA || expr =cln_rule_upper_case(cln_rule_substring(NAME,1,5)) as F_NAME"
PRO,L0,ACCOUNT,SFDC,CLEANSING,1CLN_RULE_CONCATENATE_ANYVALUE,"src_col_name=NA||tgt_col_name=NA || expr =cln_rule_concatenate_anyvalue(NAME,""|"") as CONCATENATEDANYVALUE"
PRO,L0,ACCOUNT,SFDC,CLEANSING,1CLN_RULE_CONCATENATE,"src_col_name=NA||tgt_col_name=NA || expr =cln_rule_concatenate('|',array(name)) as CONCATENATED_VALUE2"
PRO,L0,ACCOUNT,SFDC,STANDARDIZATION,1STD_RULE_SUBSTITUTE,"src_col_name=NA||tgt_col_name=NA || expr =std_rule_substitute(NAME,""DINESH"",""DISHA"") as SUBSTITUTED_VALUE"
PRO,L0,ACCOUNT,SFDC,STANDARDIZATION,1STD_RULE_DATATYPECONVERSION,src_col_name=NA||tgt_col_name=NA || expr = cast(name as String) datatypeconv
PRO,L0,ACCOUNT,SFDC,CLEANSING,1CLN_RULE_CREATEDUPLICATECOLUMN,src_col_name=NA||tgt_col_name=NA || expr =  name as Duplicate_col
PRO,L0,ACCOUNT,SFDC,CLEANSING,1CLN_RULE_ADDCOLWITHDEFAULTVALUE,"src_col_name=NA||tgt_col_name=NA || expr =  ""NULL"" as Default_col"
PRO,L0,ACCOUNT,SFDC,VALIDATION,1VAL_RULE_ISNUMERIC,src_col_name=NAME||tgt_col_name=IsNumeric
PRO,L0,ACCOUNT,SFDC,VALIDATION,1VAL_RULE_EMAILVALIDATION,src_col_name=NAME||tgt_col_name=EmailValidation
PRO,L0,ACCOUNT,SFDC,VALIDATION,1VAL_RULE_URLVALIDATION,src_col_name=NAME||tgt_col_name=UrlValidation
PRO,L0,ACCOUNT,SFDC,CLEANSING,1CLN_RULE_PUNCTUATIONWITHSPACE,src_col_name=NAME||tgt_col_name=RplPunctuationWithSpace
PRO,L0,ACCOUNT,SFDC,CLEANSING,1CLN_RULE_RMVNONALPHABETICWITHSPACE ,src_col_name=NAME||tgt_col_name=clnRmvNonAlphabeticWithSpace 
PRO,L0,ACCOUNT,SFDC,CLEANSING,1CLN_RULE_ADDLEADINGZERO ,"src_col_name=NA||tgt_col_name=NA || expr =cln_rule_addleadingzero(""00"",NAME) as clnAddLeadingZero "
PRO,L0,ACCOUNT,SFDC,CLEANSING,1CLN_RULE_RMVLIMITEDPUNCTUATION ,src_col_name=NAME||tgt_col_name=clnRmvLimitedPunctuation 
PRO,L0,ACCOUNT,SFDC,CLEANSING,1CLN_RULE_REPLACESLASHWITHSPACE ,src_col_name=NAME||tgt_col_name=clnReplaceSlashWithSpace 
PRO,L0,ACCOUNT,SFDC,CLEANSING,1CLN_RULE_RMVPERIODANDPARENTHESIS ,src_col_name=NAME||tgt_col_name=clnRmvPeriodAndParenthesis 
PRO,L0,ACCOUNT,SFDC,CLEANSING,1CLN_RULE_RMVLIMITEDPUNCTUATIONWITHSPACE ,src_col_name=NAME||tgt_col_name=clnRmvLimitedPunctuationWithSpace 
PRO,L0,ACCOUNT,SFDC,CLEANSING,1CLN_RULE_RMVLIMITEDPUNCTUATIONANDSPACE ,src_col_name=NAME||tgt_col_name=clnRmvLimitedPunctuationAndSpace 
PRO,L0,ACCOUNT,SFDC,STANDARDIZATION,1STD_RULE_CURRENCYCODE,src_col_name=NAME||tgt_col_name=Currency_new
PRO,L0,ACCOUNT,SFDC,STANDARDIZATION,1STD_RULE_PREPENDZEROTOSINGLEDIGIT,src_col_name=age||tgt_col_name=age_new
PRO,L0,ACCOUNT,SFDC,STANDARDIZATION,1VAL_RULE_NEGATIVENUMBER,src_col_name=balance||tgt_col_name=negativenumcheck_new
PRO,L0,ACCOUNT,SFDC,STANDARDIZATION,1VAL_RULE_POSITIVENUMBER,src_col_name=balance||tgt_col_name=positivenumcheck_new
PRO,L0,ACCOUNT,SFDC,VALIDATION,VAL_RULE_ISNUMERIC_WITHEXPRESSION,"src_col_name=NA||tgt_col_name=NA || expr = val_rule_isnumeric_withexpression(ID, 'lt 3') as val_integer_value"
PRO,L0,ACCOUNT,SFDC,VALIDATION,VAL_RULE_DATEVALIDATE,"src_col_name=NA||tgt_col_name=NA || expr = val_rule_datevalidate(DATE, 'yyyy-MM-dd') as val_update_dttm"
