TYPE,LAYER,FILE_NAME,SOURCE_NAME,ACTION,KEY,VALUE
ENV,L0,ALL,SFDC,ROOT_PATH,BUCKET_NAME,C:\Users\vishagrawal\Desktop\DataLake
ENV,L0,ALL,SFDC,CORE_KEY,PROCESS_TIME_COL_NAME,DL_PROCESS_TIME
ENV,L0,ALL,SFDC,CORE_KEY,CREATED_BY_COL_NAME,DL_CREATED_BY
ENV,L0,ALL,SFDC,CORE_KEY,CREATED_BY_USER_NAME,vishal
ENV,L0,ALL,SFDC,CORE_KEY,QUALITY_RATING_COL_NAME,DL_QUALITY_RATING
,,,,,,
PRO,L0,CONTACT,SFDC,REFERENCE_TABLES,LIST1,SOURCE
PRO,L0,CONTACT,SFDC,REFERENCE_TABLES,LIST,SOURCE || PARTY_TYPE || NAME_TYPE || IDENTIFIER_TYPE || ADDRESS_TYPE || PHONE_TYPE || EMAIL_TYPE
PRO,L0,CONTACT,SFDC,SOURCE,IS_SQL_EXECUTION,TRUE
PRO,L0,CONTACT,SFDC,SOURCE,INPUT_DETAILS1,path=/input_file/reference_data/source_name/|| file_format = csv || view_name = src || header=true || sep=NA || table_name=NA || prefix = inp_ 
PRO,L0,CONTACT,SFDC,SOURCE,SQL_QUERY1,"type = source_reference || query = select inp_source_desc as source_desc, inp_src_create_ts as src_create_ts, inp_src_update_ts as src_update_ts, inp_dl_source_name as dl_source_name, 'Deloitte' as dl_created_by, current_timestamp as dl_process_time from src"
PRO,L0,CONTACT,SFDC,SOURCE,OUTPUT_DETAILS1,path=/staging/reference_data/dl_stg_source_name_ref|| file_format = parquet || mode=overwrite || header= true || sep=NA ||save_as_Table=false || table_name=NA
,,,,,,
PRO,L0,CONTACT,SFDC,PARTY_TYPE,INPUT_DETAILS,path=/input_file/reference_data/party_type/ || file_format = csv || header=true || sep=NA || table_name=NA || prefix = inp_
PRO,L0,CONTACT,SFDC,PARTY_TYPE,OUTPUT_DETAILS,path=/staging/reference_data/dl_stg_source_party_type_ref || file_format = parquet || mode=overwrite || header= true || sep=NA ||save_as_Table=false || table_name=NA
PRO,L0,CONTACT,SFDC,PARTY_TYPE,SCHEMA,dl_source_name || party_type || party_type_standard || party_type_desc || dl_created_by || dl_process_time || src_create_ts || src_update_ts
PRO,L0,CONTACT,SFDC,PARTY_TYPE,MAPPING_COLUMN,inp_party_type:: party_type||  inp_party_type_desc::party_type_desc ||  inp_standard_code:: party_type_standard ||  inp_src_create_ts:: src_create_ts ||  inp_src_update_ts::  src_update_ts||  inp_dl_source_name :: dl_source_name
,,,,,,
PRO,L0,CONTACT,SFDC,NAME_TYPE,INPUT_DETAILS,path=/input_file/reference_data/name_type/ || file_format = csv || header=true || sep=NA || table_name=NA || prefix = inp_
PRO,L0,CONTACT,SFDC,NAME_TYPE,OUTPUT_DETAILS,path=/staging/reference_data/dl_stg_party_name_type_ref || file_format = parquet || mode=overwrite || header= true || sep=NA ||save_as_Table=false || table_name=NA
PRO,L0,CONTACT,SFDC,NAME_TYPE,SCHEMA,dl_source_name || party_name_type || party_name_type_standard || party_name_type_desc || dl_created_by || dl_process_time || src_create_ts || src_update_ts
PRO,L0,CONTACT,SFDC,NAME_TYPE,MAPPING_COLUMN,inp_party_name_type::party_name_type || inp_party_name_type_desc::party_name_type_desc || inp_standard_code::party_name_type_standard ||  inp_src_create_ts::src_create_ts || inp_src_update_ts::src_update_ts || inp_dl_source_name :: dl_source_name
,,,,,,
PRO,L0,CONTACT,SFDC,IDENTIFIER_TYPE,INPUT_DETAILS,path=/input_file/reference_data/identifier_type/ || file_format = csv || header=true || sep=NA || table_name=NA || prefix = inp_
PRO,L0,CONTACT,SFDC,IDENTIFIER_TYPE,OUTPUT_DETAILS,path=/staging/reference_data/dl_stg_identifier_type_ref || file_format = parquet || mode=overwrite || header= true || sep=NA ||save_as_Table=false || table_name=NA
PRO,L0,CONTACT,SFDC,IDENTIFIER_TYPE,SCHEMA,dl_source_name || identifier_type || identifier_type_standard || identifier_type_desc || dl_created_by || dl_process_time || src_create_ts || src_update_ts
PRO,L0,CONTACT,SFDC,IDENTIFIER_TYPE,MAPPING_COLUMN,inp_identifier_type::identifier_type || inp_identifier_type_desc ::identifier_type_desc || inp_standard_code::identifier_type_standard || inp_src_create_ts::src_create_ts || inp_src_update_ts::src_update_ts || inp_dl_source_name::dl_source_name
,,,,,,
PRO,L0,CONTACT,SFDC,ADDRESS_TYPE,INPUT_DETAILS,path=/input_file/reference_data/address_type/ || file_format = csv || header=true || sep=NA || table_name=NA || prefix = inp_
PRO,L0,CONTACT,SFDC,ADDRESS_TYPE,OUTPUT_DETAILS,path=/staging/reference_data/dl_stg_address_type_ref || file_format = parquet || mode=overwrite || header= true || sep=NA ||save_as_Table=false || table_name=NA
PRO,L0,CONTACT,SFDC,ADDRESS_TYPE,SCHEMA,dl_source_name || address_type || address_type_standard || address_type_desc || dl_created_by || dl_process_time || src_create_ts || src_update_ts
PRO,L0,CONTACT,SFDC,ADDRESS_TYPE,MAPPING_COLUMN,inp_address_type::address_type || inp_address_type_desc ::address_type_desc || inp_standard_code::address_type_standard || inp_src_create_ts::src_create_ts || inp_src_update_ts::src_update_ts || inp_dl_source_name::dl_source_name
,,,,,,
PRO,L0,CONTACT,SFDC,PHONE_TYPE,INPUT_DETAILS,path=/input_file/reference_data/phone_type/ || file_format = csv || header=true || sep=NA || table_name=NA || prefix = inp_
PRO,L0,CONTACT,SFDC,PHONE_TYPE,OUTPUT_DETAILS,path=/staging/reference_data/dl_stg_phone_type_ref || file_format = parquet || mode=overwrite || header= true || sep=NA ||save_as_Table=false || table_name=NA
PRO,L0,CONTACT,SFDC,PHONE_TYPE,SCHEMA,dl_source_name || phone_type || phone_type_standard || phone_type_desc || dl_created_by || dl_process_time || src_create_ts || src_update_ts
PRO,L0,CONTACT,SFDC,PHONE_TYPE,MAPPING_COLUMN,inp_phone_type::phone_type || inp_phone_type_desc ::phone_type_desc || inp_standard_code::phone_type_standard || inp_src_create_ts::src_create_ts || inp_src_update_ts::src_update_ts || inp_dl_source_name::dl_source_name
,,,,,,
PRO,L0,CONTACT,SFDC,EMAIL_TYPE,INPUT_DETAILS,path=/input_file/reference_data/email_type/ || file_format = csv || header=true || sep=NA || table_name=NA || prefix = inp_
PRO,L0,CONTACT,SFDC,EMAIL_TYPE,OUTPUT_DETAILS,path=/staging/reference_data/dl_stg_email_type_ref || file_format = parquet || mode=overwrite || header= true || sep=NA ||save_as_Table=false || table_name=NA
PRO,L0,CONTACT,SFDC,EMAIL_TYPE,SCHEMA,dl_source_name || email_type || email_type_standard || email_type_desc || dl_created_by || dl_process_time || src_create_ts || src_update_ts
PRO,L0,CONTACT,SFDC,EMAIL_TYPE,MAPPING_COLUMN,inp_email_type::email_type || inp_email_type_desc ::email_type_desc || inp_standard_code::email_type_standard || inp_src_create_ts::src_create_ts || inp_src_update_ts::src_update_ts || inp_dl_source_name::dl_source_name
,,,,,,
,,,,,,
PRO,L0,CONTACT,SFDC,DIMENSION_TABLES,LIST,PARTY_DIM || ADDRESS_DIM || EMAIL_DIM || EMAIL_DIM1 || EMAIL_DIM2 || PHONE_DIM || PARTY_NAME_DIM || IDENTIFIER_DIM1 || IDENTIFIER_DIM2
PRO,L0,CONTACT,SFDC,DIMENSION_TABLES,LIST1,PARTY_DIM|| ADDRESS_DIM || EMAIL_DIM|| PHONE_DIM || PARTY_NAME_DIM
PRO,L0,CONTACT,SFDC,PARTY_MODEL,INPUT_DETAILS,path=/input_file/load/salesforce_contact/ || file_format = csv || header=true || sep=NA || table_name=NA || prefix = pre_
,,,,,,
PRO,L0,CONTACT,SFDC,PARTY_DIM,OUTPUT_DETAILS,path=/staging/dimensions/dl_stg_party_dim || file_format = parquet || mode=append || header= true || sep=NA ||save_as_Table=false || table_name=NA
PRO,L0,CONTACT,SFDC,PARTY_DIM,SCHEMA,dl_party_unique_id || dl_batch_id || dl_source_name || party_type || src_legacy_id || dl_created_by || dl_process_time || src_create_ts || src_update_ts
PRO,L0,CONTACT,SFDC,PARTY_DIM,MAPPING_COLUMN,pre_batch_id :: dl_batch_id || pre_source_name :: dl_source_name || pre_contact_mdm_id::src_legacy_id || pre_created_time::src_create_ts || pre_updated_time::src_update_ts
PRO,L0,CONTACT,SFDC,PARTY_DIM,DIM_INPUT_DETAILS,path = /staging/dimensions/dl_stg_party_dim/ || file_format=parquet || header=true || sep=NA || table_name=NA || prefix=dim_
PRO,L0,CONTACT,SFDC,PARTY_DIM,DIM_JOIN_CONDITION,join_type = left_anti || join_condition = (pre_contact_mdm_id = dim_src_legacy_id AND lower(pre_file_type) = dim_party_type)
PRO,L0,CONTACT,SFDC,PARTY_DIM,DEFAULT_COL_VALUE1,col_name=PARTY_TYPE || col_value = CONTACT
PRO,L0,CONTACT,SFDC,PARTY_DIM,UNIQUE_ID_COL_NAME,DL_PARTY_UNIQUE_ID
,,,,,,
PRO,L0,CONTACT,SFDC,ADDRESS_DIM,OUTPUT_DETAILS,path=/staging/dimensions/dl_stg_address_dim || file_format = parquet || mode=append || header= true || sep=NA ||save_as_Table=false || table_name=NA
PRO,L0,CONTACT,SFDC,ADDRESS_DIM,SCHEMA,dl_address_unique_id || dl_batch_id || dl_source_name || address_line_1 || address_line_2 || address_line_3 || city || state || zip || country || latitude || longitude || dl_created_by || dl_process_time || src_create_ts || src_update_ts || dl_quality_rating
PRO,L0,CONTACT,SFDC,ADDRESS_DIM,MAPPING_COLUMN,pre_batch_id::dl_batch_id || pre_source_name ::dl_source_name || pre_street_1:: address_line_1 || pre_street_2 :: address_line_2 || pre_street_3:: address_line_3 || pre_city::city || pre_state_or_province_code:: state || pre_zip:: zip || pre_country_code:: country || pre_created_time::src_create_ts || pre_updated_time::src_update_ts
PRO,L0,CONTACT,SFDC,ADDRESS_DIM,DIM_INPUT_DETAILS,path =/staging/dimensions/dl_stg_address_dim/ || file_format=parquet || header=true || sep=NA || table_name=NA || prefix = dim_
PRO,L0,CONTACT,SFDC,ADDRESS_DIM,DIM_JOIN_CONDITION,join_type = left_anti || join_condition = (pre_street_1 <=> dim_address_line_1 AND pre_street_2 <=> dim_address_line_2 AND pre_city <=> dim_city AND pre_state_or_province_code <=> dim_state )
PRO,L0,CONTACT,SFDC,ADDRESS_DIM,DEFAULT_COL_VALUE1,col_name=dl_quality_rating || col_value = 0
PRO,L0,CONTACT,SFDC,ADDRESS_DIM,UNIQUE_ID_COL_NAME,DL_ADDRESS_UNIQUE_ID
,,,,,,
PRO,L0,CONTACT,SFDC,EMAIL_DIM,OUTPUT_DETAILS,path=/staging/dimensions/dl_stg_email_dim || file_format = parquet || mode=append || header= true || sep=NA ||save_as_Table=false || table_name=NA
PRO,L0,CONTACT,SFDC,EMAIL_DIM,SCHEMA,dl_email_unique_id || dl_batch_id || dl_source_name || email_address || dl_created_by || dl_process_time || src_create_ts || src_update_ts || quality_rating
PRO,L0,CONTACT,SFDC,EMAIL_DIM,MAPPING_COLUMN,pre_batch_id::dl_batch_id || pre_source_name ::dl_source_name || pre_primary_email::email_address || pre_created_time::src_create_ts || pre_updated_time::src_update_ts
PRO,L0,CONTACT,SFDC,EMAIL_DIM,DIM_INPUT_DETAILS,path = /staging/dimensions/dl_stg_email_dim/ || file_format=parquet || header=true || sep=NA || table_name=NA || prefix=dim_
PRO,L0,CONTACT,SFDC,EMAIL_DIM,DIM_JOIN_CONDITION,join_type = left_anti || join_condition = (pre_primary_email = dim_email_address)
PRO,L0,CONTACT,SFDC,EMAIL_DIM,DEFAULT_COL_VALUE1,col_name=dl_quality_rating || col_value = 0
PRO,L0,CONTACT,SFDC,EMAIL_DIM,UNIQUE_ID_COL_NAME,DL_EMAIL_UNIQUE_ID
,,,,,,
PRO,L0,CONTACT,SFDC,EMAIL_DIM1,OUTPUT_DETAILS,path=/staging/dimensions/dl_stg_email_dim || file_format = parquet || mode=append || header= true || sep=NA ||save_as_Table=false || table_name=NA
PRO,L0,CONTACT,SFDC,EMAIL_DIM1,SCHEMA,dl_email_unique_id || dl_batch_id || dl_source_name || email_address || dl_created_by || dl_process_time || src_create_ts || src_update_ts || quality_rating
PRO,L0,CONTACT,SFDC,EMAIL_DIM1,MAPPING_COLUMN,pre_batch_id::dl_batch_id || pre_source_name ::dl_source_name || pre_secondary_email::email_address || pre_created_time::src_create_ts || pre_updated_time::src_update_ts
PRO,L0,CONTACT,SFDC,EMAIL_DIM1,DIM_INPUT_DETAILS,path = /staging/dimensions/dl_stg_email_dim/ || file_format=parquet || header=true || sep=NA || table_name=NA || prefix=dim_
PRO,L0,CONTACT,SFDC,EMAIL_DIM1,DIM_JOIN_CONDITION,join_type = left_anti || join_condition = (pre_secondary_email = dim_email_address)
PRO,L0,CONTACT,SFDC,EMAIL_DIM1,DEFAULT_COL_VALUE1,col_name=dl_quality_rating || col_value = 0
PRO,L0,CONTACT,SFDC,EMAIL_DIM1,UNIQUE_ID_COL_NAME,DL_EMAIL_UNIQUE_ID
,,,,,,
PRO,L0,CONTACT,SFDC,EMAIL_DIM2,OUTPUT_DETAILS,path=/staging/dimensions/dl_stg_email_dim || file_format = parquet || mode=append || header= true || sep=NA ||save_as_Table=false || table_name=NA
PRO,L0,CONTACT,SFDC,EMAIL_DIM2,SCHEMA,dl_email_unique_id || dl_batch_id || dl_source_name || email_address || dl_created_by || dl_process_time || src_create_ts || src_update_ts || quality_rating
PRO,L0,CONTACT,SFDC,EMAIL_DIM2,MAPPING_COLUMN,pre_batch_id::dl_batch_id || pre_source_name ::dl_source_name || pre_email_address_3::email_address || pre_created_time::src_create_ts || pre_updated_time::src_update_ts
PRO,L0,CONTACT,SFDC,EMAIL_DIM2,DIM_INPUT_DETAILS,path = /staging/dimensions/dl_stg_email_dim/ || file_format=parquet || header=true || sep=NA || table_name=NA || prefix=dim_
PRO,L0,CONTACT,SFDC,EMAIL_DIM2,DIM_JOIN_CONDITION,join_type = left_anti || join_condition = (pre_email_address_3 = dim_email_address)
PRO,L0,CONTACT,SFDC,EMAIL_DIM2,DEFAULT_COL_VALUE1,col_name=dl_quality_rating || col_value = 0
PRO,L0,CONTACT,SFDC,EMAIL_DIM2,UNIQUE_ID_COL_NAME,DL_EMAIL_UNIQUE_ID
,,,,,,
PRO,L0,CONTACT,SFDC,PHONE_DIM,OUTPUT_DETAILS,path=/staging/dimensions/dl_stg_phone_dim || file_format = parquet || mode=append || header= true || sep=NA ||save_as_Table=false || table_name=NA
PRO,L0,CONTACT,SFDC,PHONE_DIM,SCHEMA,dl_phone_unique_id || dl_batch_id || dl_source_name || phone_extension || phone_number || country_code || dl_created_by || dl_process_time || src_create_ts || src_update_ts || dl_quality_rating
PRO,L0,CONTACT,SFDC,PHONE_DIM,MAPPING_COLUMN,pre_batch_id::dl_batch_id || pre_source_name::dl_source_name || pre_primary_telephone::phone_number || pre_state_or_province_code::country_code || pre_created_time::src_create_ts || pre_updated_time::src_update_ts
PRO,L0,CONTACT,SFDC,PHONE_DIM,DIM_INPUT_DETAILS,path = /staging/dimensions/dl_stg_phone_dim/* || file_format=parquet || header=true || sep=NA || table_name=NA || prefix=dim_
PRO,L0,CONTACT,SFDC,PHONE_DIM,DIM_JOIN_CONDITION,join_type = left_anti || join_condition = (pre_primary_telephone <=> dim_phone_number AND pre_state_or_province_code <=> dim_country_code)
PRO,L0,CONTACT,SFDC,PHONE_DIM,DEFAULT_COL_VALUE1,col_name=dl_quality_rating || col_value = 0
PRO,L0,CONTACT,SFDC,PHONE_DIM,UNIQUE_ID_COL_NAME,DL_PHONE_UNIQUE_ID
,,,,,,
PRO,L0,CONTACT,SFDC,PARTY_NAME_DIM,OUTPUT_DETAILS,path=/staging/dimensions/dl_stg_party_name_dim || file_format = parquet || mode=append || header= true || sep=NA ||save_as_Table=false || table_name=NA
PRO,L0,CONTACT,SFDC,PARTY_NAME_DIM,SCHEMA,dl_party_name_unique_id || dl_party_unique_id || dl_batch_id || dl_source_name || name_prefix || name_suffix || first_name || middle_name || last_name || account_name || party_name_type || dl_created_by || dl_process_time || src_create_ts || src_update_ts
PRO,L0,CONTACT,SFDC,PARTY_NAME_DIM,MAPPING_COLUMN,pre_source_name::dl_source_name || pre_batch_id::dl_batch_id || pre_f_name::first_name || pre_m_name::middle_name || pre_l_name::last_name || dim_dl_party_unique_id::dl_party_unique_id || pre_created_time::src_create_ts || pre_updated_time::src_update_ts
PRO,L0,CONTACT,SFDC,PARTY_NAME_DIM,DIM_INPUT_DETAILS,path = /staging/dimensions/dl_stg_party_dim/ || file_format=parquet || header=true || sep=NA || table_name=NA || prefix=dim_
PRO,L0,CONTACT,SFDC,PARTY_NAME_DIM,DIM_JOIN_CONDITION,join_type = left || join_condition = (pre_contact_mdm_id = dim_src_legacy_id AND lower(pre_file_type) = dim_party_type)
PRO,L0,CONTACT,SFDC,PARTY_NAME_DIM,DEFAULT_COL_VALUE1,col_name=party_name_type || col_value =LEGAL
PRO,L0,CONTACT,SFDC,PARTY_NAME_DIM,UNIQUE_ID_COL_NAME,DL_PARTY_NAME_UNIQUE_ID
,,,,,,
PRO,L0,CONTACT,SFDC,IDENTIFIER_DIM1,OUTPUT_DETAILS,path=/staging/dimensions/dl_stg_identifier_dim || file_format = parquet || mode=append || header= true || sep=NA ||save_as_Table=false || table_name=NA
PRO,L0,CONTACT,SFDC,IDENTIFIER_DIM1,SCHEMA,dl_identifier_unique_id || dl_party_unique_id || dl_batch_id || dl_source_name || identifier_type || identifier_text || dl_created_by || dl_process_time || src_create_ts || src_update_ts
PRO,L0,CONTACT,SFDC,IDENTIFIER_DIM1,MAPPING_COLUMN,pre_source_name::dl_source_name || pre_batch_id::dl_batch_id || pre_mem_retail_team_mdm_id::identifier_text || dim_dl_party_unique_id::dl_party_unique_id || pre_created_time::src_create_ts || pre_updated_time::src_update_ts
PRO,L0,CONTACT,SFDC,IDENTIFIER_DIM1,DIM_INPUT_DETAILS,path = /staging/dimensions/dl_stg_party_dim/ || file_format=parquet || header=true || sep=NA || table_name=NA || prefix=dim_
PRO,L0,CONTACT,SFDC,IDENTIFIER_DIM1,DIM_JOIN_CONDITION,join_type = left || join_condition = (pre_contact_mdm_id = dim_src_legacy_id AND lower(pre_file_type) = dim_party_type)
PRO,L0,CONTACT,SFDC,IDENTIFIER_DIM1,DEFAULT_COL_VALUE1,col_name=IDENTIFIER_TYPE || col_value = MDM_ID
PRO,L0,CONTACT,SFDC,IDENTIFIER_DIM1,UNIQUE_ID_COL_NAME,DL_IDENTIFIER_UNIQUE_ID
,,,,,,
PRO,L0,CONTACT,SFDC,IDENTIFIER_DIM2,OUTPUT_DETAILS,path=/staging/dimensions/dl_stg_identifier_dim || file_format = parquet || mode=append || header= true || sep=NA ||save_as_Table=false || table_name=NA
PRO,L0,CONTACT,SFDC,IDENTIFIER_DIM2,SCHEMA,dl_identifier_unique_id || dl_party_unique_id || dl_batch_id || dl_source_name || identifier_type || identifier_text || dl_created_by || dl_process_time || src_create_ts || src_update_ts
PRO,L0,CONTACT,SFDC,IDENTIFIER_DIM2,MAPPING_COLUMN,pre_source_name::dl_source_name || pre_batch_id::dl_batch_id || pre_office_mdm_id::identifier_text || dim_dl_party_unique_id::dl_party_unique_id || pre_created_time::src_create_ts || pre_updated_time::src_update_ts
PRO,L0,CONTACT,SFDC,IDENTIFIER_DIM2,DIM_INPUT_DETAILS,path = /staging/dimensions/dl_stg_party_dim/ || file_format=parquet || header=true || sep=NA || table_name=NA || prefix=dim_
PRO,L0,CONTACT,SFDC,IDENTIFIER_DIM2,DIM_JOIN_CONDITION,join_type = left || join_condition = (pre_contact_mdm_id = dim_src_legacy_id AND lower(pre_file_type) = dim_party_type)
PRO,L0,CONTACT,SFDC,IDENTIFIER_DIM2,DEFAULT_COL_VALUE1,col_name=IDENTIFIER_TYPE || col_value =OFFICE_MDM_ID
PRO,L0,CONTACT,SFDC,IDENTIFIER_DIM2,UNIQUE_ID_COL_NAME,DL_IDENTIFIER_UNIQUE_ID
,,,,,,
PRO,L0,CONTACT,SFDC,FACT_TABLES,LIST,ACCOUNT_FACT || CONTACT_FACT
PRO,L0,CONTACT,SFDC,FACT_TABLES,LIST1,ACCOUNT_FACT || CONTACT_FACT
,,,,,,
PRO,L0,CONTACT,SFDC,ACCOUNT_FACT,OUTPUT_DETAILS,path=/staging/facts/dl_stg_account_fact || file_format = overwrite || mode=append || header= true || sep=NA ||save_as_Table=false || table_name=NA
PRO,L0,CONTACT,SFDC,ACCOUNT_FACT,LOOKUP_DETAILS,path=/input_file/lookup_data/ || filter_type = account_fact || file_format = csv || header=true || sep=NA || table_name=NA || prefix =
PRO,L0,CONTACT,SFDC,ACCOUNT_FACT,SCHEMA,dl_account_unique_id || dl_party_unique_id || dl_batch_id || dl_source_name || Key_Name || key_value || key_type || dl_created_by || dl_process_time || src_create_ts || src_update_ts
PRO,L0,CONTACT,SFDC,ACCOUNT_FACT,MAPPING_COLUMN,pre_source_name::dl_source_name || dim_dl_party_unique_id :: dl_party_unique_id ||pre_batch_id:: dl_batch_id || pre_created_time::src_create_ts || pre_updated_time::src_update_ts || key_name::key_name || key_value::key_value || key_type::key_type || dl_account_unique_id::dl_account_unique_id || dl_created_by::dl_created_by || dl_process_time::dl_process_time 
PRO,L0,CONTACT,SFDC,ACCOUNT_FACT,DIM_INPUT_DETAILS,path = /staging/dimensions/dl_stg_party_dim/ || file_format=csv || header=true || sep=NA || table_name=NA || prefix=dim_
PRO,L0,CONTACT,SFDC,ACCOUNT_FACT,DIM_JOIN_CONDITION,join_type = left || join_condition = (pre_contact_mdm_id = dim_src_legacy_id AND lower(pre_file_type) = dim_party_type)
PRO,L0,CONTACT,SFDC,ACCOUNT_FACT,DEFAULT_COL_VALUE1,col_name=FILE_TYPE || col_value = ACCOUNT
PRO,L0,CONTACT,SFDC,ACCOUNT_FACT,KEY_VALUE_COL_NAME,key_col_name = key_name || value_col_name = key_value || type_col_name=key_type
PRO,L0,CONTACT,SFDC,ACCOUNT_FACT,KEY_VALUE_COLS,pre_FULL_NAME::FULL_NAME || pre_JOB_TITLE::DESIGNATION || pre_URL::WEBSITE
PRO,L0,CONTACT,SFDC,ACCOUNT_FACT,UNIQUE_ID_COL_NAME,DL_ACCOUNT_UNIQUE_ID
,,,,,,
PRO,L0,CONTACT,SFDC,CONTACT_FACT,OUTPUT_DETAILS,path=/staging/facts/dl_stg_contact_fact || file_format = parquet || mode=overwrite || header= true || sep=NA ||save_as_Table=false || table_name=NA
PRO,L0,CONTACT,SFDC,CONTACT_FACT,LOOKUP_DETAILS,path=/input_file/lookup_data/ || filter_type = contact_fact || file_format = csv || header=true || sep=NA || table_name=NA || prefix =
PRO,L0,CONTACT,SFDC,CONTACT_FACT,SCHEMA,dl_contact_unique_id || dl_party_unique_id || dl_batch_id || dl_source_name || Key_Name || key_value || key_type || dl_created_by || dl_process_time || src_create_ts || src_update_ts
PRO,L0,CONTACT,SFDC,CONTACT_FACT,MAPPING_COLUMN,pre_source_name::dl_source_name || dim_dl_party_unique_id :: dl_party_unique_id ||pre_batch_id:: dl_batch_id || pre_created_time::src_create_ts || pre_updated_time::src_update_ts|| key_name::key_name || key_value::key_value || key_type::key_type || dl_contact_unique_id::dl_contact_unique_id || dl_created_by::dl_created_by || dl_process_time::dl_process_time 
PRO,L0,CONTACT,SFDC,CONTACT_FACT,DIM_INPUT_DETAILS,path = /staging/dimensions/dl_stg_party_dim/ || file_format=csv || header=true || sep=NA || table_name=NA || prefix=dim_
PRO,L0,CONTACT,SFDC,CONTACT_FACT,DIM_JOIN_CONDITION,join_type = left || join_condition = (pre_contact_mdm_id = dim_src_legacy_id AND lower(pre_file_type) = dim_party_type)
PRO,L0,CONTACT,SFDC,CONTACT_FACT,DEFAULT_COL_VALUE1,col_name=FILE_TYPE || col_value = CONTACT
PRO,L0,CONTACT,SFDC,CONTACT_FACT,KEY_VALUE_COL_NAME,key_col_name = key_name || value_col_name = key_value || type_col_name = key_type 
PRO,L0,CONTACT,SFDC,CONTACT_FACT,KEY_VALUE_COLS,pre_FULL_NAME::FULL_NAME || pre_JOB_TITLE::DESIGNATION || pre_URL::WEBSITE
PRO,L0,CONTACT,SFDC,CONTACT_FACT,UNIQUE_ID_COL_NAME,DL_CONTACT_UNIQUE_ID
,,,,,,
PRO,L0,CONTACT,SFDC,RELATION_TABLES,LIST,PARTY_ADDRESS_REL || PARTY_PHONE_REL || PARTY_EMAIL_REL || PARTY_EMAIL_REL1 || PARTY_EMAIL_REL2 || PARTY_PARTY_REL
PRO,L0,CONTACT,SFDC,RELATION_TABLES,LIST1,PARTY_ADDRESS_REL || PARTY_PHONE_REL || PARTY_EMAIL_REL || PARTY_PARTY_REL
,,,,,,
PRO,L0,CONTACT,SFDC,PARTY_ADDRESS_REL,OUTPUT_DETAILS,path=/staging/relations/dl_stg_party_address_rel || file_format = parquet || mode=append || header= true || sep=NA ||save_as_Table=false || table_name=NA
PRO,L0,CONTACT,SFDC,PARTY_ADDRESS_REL,SCHEMA,dl_party_address_unique_id || dl_address_unique_id || dl_party_unique_id || address_type || dl_batch_id || dl_source_name || dl_created_by || dl_process_time || src_create_ts || src_update_ts
PRO,L0,CONTACT,SFDC,PARTY_ADDRESS_REL,MAPPING_COLUMN,dim_dl_address_unique_id:: dl_address_unique_id || ref_dl_party_unique_id:: dl_party_unique_id || pre_source_name::dl_source_name || pre_batch_id:: dl_batch_id || pre_created_time::src_create_ts || pre_updated_time::src_update_ts
PRO,L0,CONTACT,SFDC,PARTY_ADDRESS_REL,REFERENCE_DIM_INPUT_DETAILS,path = /staging/dimensions/dl_stg_party_dim/ || file_format=parquet || header=true || sep=NA || table_name=NA || prefix=ref_
PRO,L0,CONTACT,SFDC,PARTY_ADDRESS_REL,DIM_INPUT_DETAILS,path=/staging/dimensions/dl_stg_address_dim/ || file_format = parquet || header= true || sep=NA || table_name=NA || prefix=dim_
PRO,L0,CONTACT,SFDC,PARTY_ADDRESS_REL,REFERENCE_DIM_JOIN_CONDITION,join_type = left || join_condition = (pre_contact_mdm_id = ref_src_legacy_id AND lower(pre_file_type) = ref_party_type)
PRO,L0,CONTACT,SFDC,PARTY_ADDRESS_REL,DIM_JOIN_CONDITION,join_type = left || join_condition = (pre_street_1 <=> dim_address_line_1 AND pre_street_2 <=> dim_address_line_2 AND pre_city <=> dim_city AND pre_state_or_province_code <=> dim_state)
PRO,L0,CONTACT,SFDC,PARTY_ADDRESS_REL,DEFAULT_COL_VALUE1,col_name=ADDRESS_TYPE || col_value = PRIMARY
PRO,L0,CONTACT,SFDC,PARTY_ADDRESS_REL,UNIQUE_ID_COL_NAME,DL_PARTY_ADDRESS_UNIQUE_ID
,,,,,,
PRO,L0,CONTACT,SFDC,PARTY_PHONE_REL,OUTPUT_DETAILS,path=/staging/relations/dl_stg_party_phone_rel || file_format = parquet || mode=append || header= true || sep=NA ||save_as_Table=false || table_name=NA
PRO,L0,CONTACT,SFDC,PARTY_PHONE_REL,SCHEMA,dl_party_phone_unique_id || dl_phone_unique_id || dl_party_unique_id || phone_type || dl_batch_id || dl_source_name || dl_created_by || dl_process_time || src_create_ts || src_update_ts
PRO,L0,CONTACT,SFDC,PARTY_PHONE_REL,MAPPING_COLUMN,dim_dl_phone_unique_id:: dl_phone_unique_id || ref_dl_party_unique_id:: dl_party_unique_id || pre_source_name::dl_source_name || pre_batch_id:: dl_batch_id || pre_created_time::src_create_ts || pre_updated_time::src_update_ts
PRO,L0,CONTACT,SFDC,PARTY_PHONE_REL,REFERENCE_DIM_INPUT_DETAILS,path = /staging/dimensions/dl_stg_party_dim/ || file_format=parquet || header=true || sep=NA || table_name=NA || prefix=ref_
PRO,L0,CONTACT,SFDC,PARTY_PHONE_REL,DIM_INPUT_DETAILS,path=/staging/dimensions/dl_stg_phone_dim/ || file_format = parquet || header= true || sep=NA || table_name=NA || prefix=dim_
PRO,L0,CONTACT,SFDC,PARTY_PHONE_REL,REFERENCE_DIM_JOIN_CONDITION,join_type = left || join_condition = (pre_contact_mdm_id = ref_src_legacy_id AND lower(pre_file_type) = ref_party_type)
PRO,L0,CONTACT,SFDC,PARTY_PHONE_REL,DIM_JOIN_CONDITION,join_type = left|| join_condition = (pre_primary_telephone <=> dim_phone_number AND pre_state_or_province_code <=> dim_country_code)
PRO,L0,CONTACT,SFDC,PARTY_PHONE_REL,DEFAULT_COL_VALUE1,col_name=PHONE_TYPE || col_value = PRIMARY
PRO,L0,CONTACT,SFDC,PARTY_PHONE_REL,UNIQUE_ID_COL_NAME,DL_PARTY_PHONE_UNIQUE_ID
,,,,,,
PRO,L0,CONTACT,SFDC,PARTY_EMAIL_REL,OUTPUT_DETAILS,path=/staging/relations/dl_stg_party_email_rel || file_format = parquet || mode=append || header= true || sep=NA ||save_as_Table=false || table_name=NA
PRO,L0,CONTACT,SFDC,PARTY_EMAIL_REL,SCHEMA,dl_party_email_unique_id || dl_email_unique_id || dl_party_unique_id || email_type || dl_batch_id || dl_source_name || dl_created_by || dl_process_time || src_create_ts || src_update_ts
PRO,L0,CONTACT,SFDC,PARTY_EMAIL_REL,MAPPING_COLUMN,dim_dl_email_unique_id:: dl_email_unique_id || ref_dl_party_unique_id:: dl_party_unique_id || pre_source_name::dl_source_name || pre_batch_id:: dl_batch_id || pre_created_time::src_create_ts || pre_updated_time::src_update_ts
PRO,L0,CONTACT,SFDC,PARTY_EMAIL_REL,REFERENCE_DIM_INPUT_DETAILS,path = /staging/dimensions/dl_stg_party_dim/ || file_format=parquet || header=true || sep=NA || table_name=NA || prefix=ref_
PRO,L0,CONTACT,SFDC,PARTY_EMAIL_REL,DIM_INPUT_DETAILS,path=/staging/dimensions/dl_stg_email_dim/ || file_format = parquet || header= true || sep=NA || table_name=NA || prefix=dim_
PRO,L0,CONTACT,SFDC,PARTY_EMAIL_REL,REFERENCE_DIM_JOIN_CONDITION,join_type = left || join_condition = (pre_contact_mdm_id = ref_src_legacy_id AND lower(pre_file_type) = ref_party_type)
PRO,L0,CONTACT,SFDC,PARTY_EMAIL_REL,DIM_JOIN_CONDITION,join_type = left || join_condition = (pre_primary_email = dim_email_address)
PRO,L0,CONTACT,SFDC,PARTY_EMAIL_REL,DEFAULT_COL_VALUE1,col_name=EMAIL_TYPE || col_value = PRIMARY
PRO,L0,CONTACT,SFDC,PARTY_EMAIL_REL,UNIQUE_ID_COL_NAME,DL_PARTY_EMAIL_UNIQUE_ID
,,,,,,
PRO,L0,CONTACT,SFDC,PARTY_EMAIL_REL1,OUTPUT_DETAILS,path=/staging/relations/dl_stg_party_email_rel || file_format = parquet || mode=append || header= true || sep=NA ||save_as_Table=false || table_name=NA
PRO,L0,CONTACT,SFDC,PARTY_EMAIL_REL1,SCHEMA,dl_party_email_unique_id || dl_email_unique_id || dl_party_unique_id || email_type || dl_batch_id || dl_source_name || dl_created_by || dl_process_time || src_create_ts || src_update_ts
PRO,L0,CONTACT,SFDC,PARTY_EMAIL_REL1,MAPPING_COLUMN,dim_dl_email_unique_id:: dl_email_unique_id || ref_dl_party_unique_id:: dl_party_unique_id || pre_source_name::dl_source_name || pre_batch_id:: dl_batch_id || pre_created_time::src_create_ts || pre_updated_time::src_update_ts
PRO,L0,CONTACT,SFDC,PARTY_EMAIL_REL1,REFERENCE_DIM_INPUT_DETAILS,path = /staging/dimensions/dl_stg_party_dim/ || file_format=parquet || header=true || sep=NA || table_name=NA || prefix=ref_
PRO,L0,CONTACT,SFDC,PARTY_EMAIL_REL1,DIM_INPUT_DETAILS,path=/staging/dimensions/dl_stg_email_dim/ || file_format = parquet || header= true || sep=NA || table_name=NA || prefix=dim_
PRO,L0,CONTACT,SFDC,PARTY_EMAIL_REL1,REFERENCE_DIM_JOIN_CONDITION,join_type = left || join_condition = (pre_contact_mdm_id = ref_src_legacy_id AND lower(pre_file_type) = ref_party_type)
PRO,L0,CONTACT,SFDC,PARTY_EMAIL_REL1,DIM_JOIN_CONDITION,join_type = left || join_condition = (pre_secondary_email = dim_email_address)
PRO,L0,CONTACT,SFDC,PARTY_EMAIL_REL1,DEFAULT_COL_VALUE1,col_name=EMAIL_TYPE || col_value = SECONDARY
PRO,L0,CONTACT,SFDC,PARTY_EMAIL_REL1,UNIQUE_ID_COL_NAME,DL_PARTY_EMAIL_UNIQUE_ID
,,,,,,
PRO,L0,CONTACT,SFDC,PARTY_EMAIL_REL2,OUTPUT_DETAILS,path=/staging/relations/dl_stg_party_email_rel || file_format = parquet || mode=append || header= true || sep=NA ||save_as_Table=false || table_name=NA
PRO,L0,CONTACT,SFDC,PARTY_EMAIL_REL2,SCHEMA,dl_party_email_unique_id || dl_email_unique_id || dl_party_unique_id || email_type || dl_batch_id || dl_source_name || dl_created_by || dl_process_time || src_create_ts || src_update_ts
PRO,L0,CONTACT,SFDC,PARTY_EMAIL_REL2,MAPPING_COLUMN,dim_dl_email_unique_id:: dl_email_unique_id || ref_dl_party_unique_id:: dl_party_unique_id || pre_source_name::dl_source_name || pre_batch_id:: dl_batch_id || pre_created_time::src_create_ts || pre_updated_time::src_update_ts
PRO,L0,CONTACT,SFDC,PARTY_EMAIL_REL2,REFERENCE_DIM_INPUT_DETAILS,path = /staging/dimensions/dl_stg_party_dim/ || file_format=parquet || header=true || sep=NA || table_name=NA || prefix=ref_
PRO,L0,CONTACT,SFDC,PARTY_EMAIL_REL2,DIM_INPUT_DETAILS,path=/staging/dimensions/dl_stg_email_dim/ || file_format =parquet || header= true || sep=NA || table_name=NA || prefix=dim_
PRO,L0,CONTACT,SFDC,PARTY_EMAIL_REL2,REFERENCE_DIM_JOIN_CONDITION,join_type = left || join_condition = (pre_contact_mdm_id = ref_src_legacy_id AND lower(pre_file_type) = ref_party_type)
PRO,L0,CONTACT,SFDC,PARTY_EMAIL_REL2,DIM_JOIN_CONDITION,join_type = left || join_condition = (pre_secondary_email = dim_email_address)
PRO,L0,CONTACT,SFDC,PARTY_EMAIL_REL2,DEFAULT_COL_VALUE1,col_name=EMAIL_TYPE || col_value = SECONDARY
PRO,L0,CONTACT,SFDC,PARTY_EMAIL_REL2,UNIQUE_ID_COL_NAME,DL_PARTY_EMAIL_UNIQUE_ID
,,,,,,
PRO,L0,CONTACT,SFDC,PARTY_PARTY_REL,OUTPUT_DETAILS,path=/staging/relations/dl_stg_party_party_rel || file_format = parquet || mode=append || header= true || sep=NA ||save_as_Table=false || table_name=NA
PRO,L0,CONTACT,SFDC,PARTY_PARTY_REL,SCHEMA,dl_party_party_unique_id || dl_party_name_unique_id || dl_party_unique_id || party_name_type || dl_batch_id || dl_source_name || dl_created_by || dl_process_time || src_create_ts || src_update_ts
PRO,L0,CONTACT,SFDC,PARTY_PARTY_REL,MAPPING_COLUMN,dim_dl_party_name_unique_id:: dl_party_name_unique_id || ref_dl_party_unique_id:: dl_party_unique_id || pre_source_name::dl_source_name || pre_batch_id:: dl_batch_id || pre_created_time::src_create_ts || pre_updated_time::src_update_ts
PRO,L0,CONTACT,SFDC,PARTY_PARTY_REL,REFERENCE_DIM_INPUT_DETAILS,path = /staging/dimensions/dl_stg_party_dim/ || file_format=parquet || header=true || sep=NA || table_name=NA || prefix=ref_
PRO,L0,CONTACT,SFDC,PARTY_PARTY_REL,DIM_INPUT_DETAILS,path=/staging/dimensions/dl_stg_party_name_dim/ || file_format = parquet || header= true || sep=NA || table_name=NA || prefix=dim_
PRO,L0,CONTACT,SFDC,PARTY_PARTY_REL,REFERENCE_DIM_JOIN_CONDITION,join_type = left || join_condition = (pre_contact_mdm_id = ref_src_legacy_id AND lower(pre_file_type) = ref_party_type)
PRO,L0,CONTACT,SFDC,PARTY_PARTY_REL,DIM_JOIN_CONDITION,join_type = left || join_condition = (pre_f_name <=> dim_first_name AND pre_m_name <=> dim_middle_name AND pre_l_name <=> dim_last_name)
PRO,L0,CONTACT,SFDC,PARTY_PARTY_REL,DEFAULT_COL_VALUE1,col_name=PARTY_TYPE || col_value = contact
PRO,L0,CONTACT,SFDC,PARTY_PARTY_REL,UNIQUE_ID_COL_NAME,DL_PARTY_PARTY_UNIQUE_ID
