TYPE,LAYER,FILE_NAME,SOURCE_NAME,ACTION,KEY,VALUE
ENV,L0,ALL,SFDC,ROOT_PATH,BUCKET_NAME,C:\Users\bdurgaprasad
ENV,L0,ALL,SFDC,CORE_KEY,PROCESS_TIME_COL_NAME,DL_PROCESS_TIME
ENV,L0,ALL,SFDC,CORE_KEY,CREATED_BY_COL_NAME,DL_CREATED_BY
ENV,L0,ALL,SFDC,CORE_KEY,CREATED_BY_USER_NAME,vishal
ENV,L0,ALL,SFDC,CORE_KEY,QUALITY_RATING_COL_NAME,DL_QUALITY_RATING
,,,,,,
PRO,L0,CONTACT,SFDC,SOURCE,IS_SQL_EXECUTION,TRUE
PRO,L0,CONTACT,SFDC,SOURCE,INPUT_DETAILS0,path=/aci_American_Century_Investments/pyspark/Sources/Company_File.csv|| file_format = csv || view_name = src || header=true || sep=NA || table_name=NA || prefix = inp_ 
PRO,L0,CONTACT,SFDC,SOURCE,INPUT_DETAILS1,path=/aci_American_Century_Investments/pyspark/Sources/Company_File.csv|| file_format = csv || view_name = src1 || header=true || sep=NA || table_name=NA || prefix = inp_ 
PRO,L0,CONTACT,SFDC,SOURCE,SQL_QUERY0,type = source_reference || sql = select * from src
PRO,L0,CONTACT,SFDC,SOURCE,SQL_QUERY1,type = source_reference || sql = select * from src1 where state = "CA"
PRO,L0,CONTACT,SFDC,SOURCE,OUTPUT_DETAILS0,path=/staging/reference_data/dl_stg_source_name_ref|| file_format = csv || mode=overwrite || header= true || sep=NA ||save_as_Table=false || table_name=NA
PRO,L0,CONTACT,SFDC,SOURCE,OUTPUT_DETAILS1,path=/staging/reference_data/dl_stg_source_name_ref1|| file_format = csv || mode=overwrite || header= true || sep=NA ||save_as_Table=false || table_name=NA
