TYPE,ARCHITECTURE_LAYER,FILE_NAME,SOURCE_NAME,ACTION,KEY,VALUE
ENV,ALL,ALL,DATALAKE,ROOT_PATH,BUCKET_NAME,C:\Users\vishagrawal
ENV,ALL,ALL,SFDC,CORE_KEY,QUALITY_RATING_COL_NAME,col_name=DL_QUALITY_RATING1 || col_value=0
,,,,,,
PRO,MDM,MODELS,DATALAKE,PRE_MATCH_DATA,INPUT_DETAILS1,path=\Desktop\csv\UBS.csv || file_format = csv || header=true || sep=NA || table_name=NA
PRO,MDM,MODELS,DATALAKE,PRE_MATCH_DATA,INPUT_DETAILS2,path=\Desktop\csv\UBS.csv || file_format = csv || header=true || sep=NA || table_name=NA
PRO,MDM,MODELS,DATALAKE,PRE_MATCH_DATA,INPUT_DETAILS3,path=\Desktop\csv\UBS.csv || file_format = csv || header=true || sep=NA || table_name=NA
PRO,MDM,MODELS,DATALAKE,PRE_MATCH_DATA,INPUT_DETAILS4,path=\Desktop\csv\UBS.csv || file_format = csv || header=true || sep=NA || table_name=NA
PRO,MDM,MODELS,DATALAKE,PRE_MATCH_DATA,INPUT_DETAILS5,path=\Desktop\csv\UBS.csv || file_format = csv || header=true || sep=NA || table_name=NA
PRO,MDM,MODELS,DATALAKE,PRE_MATCH_DATA,SQL_QUERY1,type=pre_match_sql || query = 
PRO,MDM,MODELS,DATALAKE,PRE_MATCH_DATA,OUTPUT_DETAILS1,path=\Desktop\csv\ubs_dpout\|| file_format = csv || mode=overwrite || header= true || sep=NA ||save_as_Table=false || table_name=NA
PRO,MDM,MODELS,DATALAKE,MATCH,INPUT_DETAILS,path=\Desktop\DataLake\staging\dimensions\dl_stg_party_name_dim\ || file_format = csv || header=true || sep=NA || table_name=NA
PRO,MDM,MODELS,DATALAKE,MATCH,RULES_LIST1,RULE_101 || RULE_102
PRO,MDM,MODELS,DATALAKE,MATCH,RULES_LIST,RULE_101
PRO,MDM,MODELS,DATALAKE,RULE_101,RULE_DETAILS,rule_name = R101 || row_id = dl_party_name_unique_id || rule_type = AUTO || match_attributes =first_name-FUZZY :: last_name-FUZZY :: party_name_type-EXACT || matchdata_filter_expr = NA || masterdata_filter_expr =  NA
PRO,MDM,MODELS,DATALAKE,RULE_101,OUTPUT_DETAILS,path=\Desktop\DataLake\mdm\match\match_out\ || file_format = csv || mode=overwrite || header= true || sep=NA ||save_as_Table=false || table_name=NA
