TYPE,LAYER,FILE_NAME,SOURCE_NAME,ACTION,KEY,VALUE
ENV,ALL,ALL,SFDC,ROOT_PATH,BUCKET_NAME,C:\Users\neejha
ENV,ALL,ALL,SFDC,CORE_KEY,QUALITY_RATING_COL_NAME,col_name=DL_QUALITY_RATING1 || col_value=0
,,,,,,
PRO,L0,ACCOUNT,SFDC,SOURCE,INPUT_DETAILS,path=\Desktop\Neelam_ACI\Sources\account.csv || file_format = csv || header=true || sep=NA || table_name=NA
PRO,L0,ACCOUNT,SFDC,SOURCE,OUTPUT_DETAILS,path=\Desktop\Neelam_ACI\Targets\account_pre.csv|| file_format = csv || mode=overwrite || header= true || sep=NA ||save_as_Table=false || table_name=NA
PRO,L0,ACCOUNT,SFDC,CORE_KEY,RULE_ADD_BATCH_ID_CORE_KEY,col_name=DL_BATCH_ID|| col_value=NA
PRO,L0,ACCOUNT,SFDC,CORE_KEY,RULE_ADD_PROCESS_DATE_CORE_KEY,col_name=DL_PROCESS_TIME
PRO,L0,ACCOUNT,SFDC,CORE_KEY,RULE_ADD_CREATED_BY_CORE_KEY,col_name=DL_CREATED_BY || col_value=DELOITTE
,,,,,,
,,,,,,
,,,,,,
,,,,,,
,,,,,,
,,,,,,
,,,,,,
,,,,,,
