<workflow-app
 xmlns="uri:oozie:workflow:0.1" name="BILLING TRANSFORMATION">
    <start to="Billing_Trans_Fork1"/>

    <fork name="Billing_Trans_Fork1">
        <path start="billingcharge"/>
        <path start="billingdistribution"/>
        <path start="billingdistributionitem"/>
	<path start="billingaccount"/>
    </fork>
	
	<join name="Billing_Trans_Join1" to="Billing_Trans_Fork2"/>
	
	<fork name="Billing_Trans_Fork2">
        <path start="billingDisbursement"/>
        <path start="billinginvoiceitem"/>
        <path start="billinginvoice"/>
	 <path start="billingTransaction"/>
    </fork>
	
	<join name="Billing_Trans_Join2" to="Billing_Trans_Fork3"/>
	
	<fork name="Billing_Trans_Fork3">
        <path start="billingMoneyRcvd"/>
        <path start="billingSuspensePay"/>
        <path start="billingunappliedfund"/>
		<path start="billingwriteoff"/>
    </fork>
	
	<join name="Billing_Trans_Join3" to="Billing_Trans_Fork4"/>	
	
	<fork name="Billing_Trans_Fork4">
        <path start="billingtranslink_accountctx"/>
        <path start="billingtranslink_chrgctx"/>
    </fork>
	
	<join name="Billing_Trans_Join4" to="Billing_Trans_Fork5"/>	

	<fork name="Billing_Trans_Fork5">
        <path start="billingtranslink_credittransctx"/>
        <path start="billingtranslink_fundtransferctx"/>
        <path start="billingtranslink_moneyrcvdctx"/>
    </fork>
	
	<join name="Billing_Trans_Join5" to="Billing_Trans_Fork6"/>	

	<fork name="Billing_Trans_Fork6">
        <path start="billingtranslink_nonrecctx"/>
        <path start="billingtranslink_producerctx"/>
        <path start="billingtranslink_suspayctx"/>
    </fork>
	
	<join name="Billing_Trans_Join6" to="Billing_Transaction_Success"/>		
	
   <action name="billingcharge">
        <sub-workflow>
                <app-path>${billingChargeWF}</app-path>
                <propagate-configuration/>
        </sub-workflow>
        <ok to="Billing_Trans_Join1"/>
        <error to="Billing_Transaction_Failure"/>
   </action>

   <action name="billingaccount">
        <sub-workflow>
                <app-path>${billingAccountWF}</app-path>
                <propagate-configuration/>
        </sub-workflow>
        <ok to="Billing_Trans_Join1"/>
        <error to="Billing_Transaction_Failure"/>
   </action>

   <action name="billingdistribution">
        <sub-workflow>
                <app-path>${billingDistributionWF}</app-path>
                <propagate-configuration/>
        </sub-workflow>
        <ok to="Billing_Trans_Join1"/>
        <error to="Billing_Transaction_Failure"/>
   </action>

   <action name="billingdistributionitem">
        <sub-workflow>
                <app-path>${billingDistributionitemWF}</app-path>
                <propagate-configuration/>
        </sub-workflow>
        <ok to="Billing_Trans_Join1"/>
        <error to="Billing_Transaction_Failure"/>
   </action>

   <action name="billingDisbursement">
        <sub-workflow>
                <app-path>${billingDisbursementWF}</app-path>
                <propagate-configuration/>
        </sub-workflow>
        <ok to="Billing_Trans_Join2"/>
        <error to="Billing_Transaction_Failure"/>
   </action>

   <action name="billinginvoiceitem">
        <sub-workflow>
                <app-path>${billingInvoiceItemWF}</app-path>
                <propagate-configuration/>
        </sub-workflow>
        <ok to="Billing_Trans_Join2"/>
        <error to="Billing_Transaction_Failure"/>
   </action>

   <action name="billinginvoice">
        <sub-workflow>
                <app-path>${billingInvoiceWF}</app-path>
                <propagate-configuration/>
        </sub-workflow>
        <ok to="Billing_Trans_Join2"/>
        <error to="Billing_Transaction_Failure"/>
   </action>

   <action name="billingTransaction">
        <sub-workflow>
                <app-path>${billingTransactionWF}</app-path>
                <propagate-configuration/>
        </sub-workflow>
        <ok to="Billing_Trans_Join2"/>
        <error to="Billing_Transaction_Failure"/>
   </action>

   <action name="billingMoneyRcvd">
        <sub-workflow>
                <app-path>${billingMoneyRcvdWF}</app-path>
                <propagate-configuration/>
        </sub-workflow>
        <ok to="Billing_Trans_Join3"/>
        <error to="Billing_Transaction_Failure"/>
   </action>

   <action name="billingSuspensePay">
        <sub-workflow>
                <app-path>${billingSuspensePayWF}</app-path>
                <propagate-configuration/>
        </sub-workflow>
        <ok to="Billing_Trans_Join3"/>
        <error to="Billing_Transaction_Failure"/>
   </action>

   <action name="billingunappliedfund">
        <sub-workflow>
                <app-path>${billingUnappliedfundWF}</app-path>
                <propagate-configuration/>
        </sub-workflow>
        <ok to="Billing_Trans_Join3"/>
        <error to="Billing_Transaction_Failure"/>
   </action>
 
   <action name="billingwriteoff">
        <sub-workflow>
                <app-path>${billingWriteoffWF}</app-path>
                <propagate-configuration/>
        </sub-workflow>
        <ok to="Billing_Trans_Join3"/>
        <error to="Billing_Transaction_Failure"/>
   </action> 
   
   <action name="billingtranslink_accountctx">
        <sub-workflow>
                <app-path>${billingTransLinkAccountctxWF}</app-path>
                <propagate-configuration/>
        </sub-workflow>
        <ok to="Billing_Trans_Join4"/>
        <error to="Billing_Transaction_Failure"/>
   </action>

   
   <action name="billingtranslink_chrgctx">
        <sub-workflow>
                <app-path>${billingTransLinkChrgctxWF}</app-path>
                <propagate-configuration/>
        </sub-workflow>
        <ok to="Billing_Trans_Join4"/>
        <error to="Billing_Transaction_Failure"/>
   </action> 
   
   <action name="billingtranslink_credittransctx">
        <sub-workflow>
                <app-path>${billingTransLinkCredittransctxWF}</app-path>
                <propagate-configuration/>
        </sub-workflow>
        <ok to="Billing_Trans_Join5"/>
        <error to="Billing_Transaction_Failure"/>
   </action>

   <action name="billingtranslink_fundtransferctx">
        <sub-workflow>
                <app-path>${billingTransLinkFundtransferctxWF}</app-path>
                <propagate-configuration/>
        </sub-workflow>
        <ok to="Billing_Trans_Join5"/>
        <error to="Billing_Transaction_Failure"/>
   </action>
 
   <action name="billingtranslink_moneyrcvdctx">
        <sub-workflow>
                <app-path>${billingTransLinkMoneyrcvdctxWF}</app-path>
                <propagate-configuration/>
        </sub-workflow>
        <ok to="Billing_Trans_Join5"/>
        <error to="Billing_Transaction_Failure"/>
   </action> 

   <action name="billingtranslink_nonrecctx">
        <sub-workflow>
                <app-path>${billingTransLinkNonrecctxWF}</app-path>
                <propagate-configuration/>
        </sub-workflow>
        <ok to="Billing_Trans_Join6"/>
        <error to="Billing_Transaction_Failure"/>
   </action>

   <action name="billingtranslink_producerctx">
        <sub-workflow>
                <app-path>${billingTransLinkProducerctxWF}</app-path>
                <propagate-configuration/>
        </sub-workflow>
        <ok to="Billing_Trans_Join6"/>
        <error to="Billing_Transaction_Failure"/>
   </action>
 
   <action name="billingtranslink_suspayctx">
        <sub-workflow>
                <app-path>${billingTransLinkSuspayctxWF}</app-path>
                <propagate-configuration/>
        </sub-workflow>
        <ok to="Billing_Trans_Join6"/>
        <error to="Billing_Transaction_Failure"/>
   </action> 


    <action name="Billing_Transaction_Success">
         <email xmlns="uri:oozie:email-action:0.1">
            <to>${emailToAddress}</to>
            <subject>Billing_Transaction_Success notification ${environment}</subject>
            <body>Billing_Transaction_Success is completed</body>
         </email>
         <ok to="END"/>
         <error to="KILL"/>
    </action>
    <action name="Billing_Transaction_Failure">
         <email xmlns="uri:oozie:email-action:0.1">
            <to>${failureMailAddress}</to>
            <subject>${environment} : Failure Billing_Transaction</subject>
            <body>The wf ${wf:id()} has been failed , error message ${wf:errorMessage(wf:lastErrorNode())}</body>
         </email>
         <ok to="KILL"/>
         <error to="KILL"/>
    </action>
    <kill name="KILL">
        <!-- <message>"Killed job due to error"</message> -->
        <message>Job failed for Billing Transaction , error message[${wf:errorMessage(wf:lastErrorNode())}]</message>
    </kill>
   <end name="END"/>
</workflow-app>
