<workflow-app
 xmlns="uri:oozie:workflow:0.1" name="BILLING INVOICE">
    <start to="billing_invoice_load"/>
    <action name="billing_invoice_load">
          <ssh xmlns="uri:oozie:ssh-action:0.1">
             <host>${focusNodeLogin}</host>
             <command>${spark_run_script_path}</command>
             <args>JAR_FILE_PATH=${jar_file_path}</args>
         <args>SOURCE_FILE_PATH=${workday_config_source_path}</args>
		 <args>DB_FILE_PATH=${workday_db_path}</args>
	<args>CLASS_NAME=com.stateauto.codificationReport.BillingInvoice</args>
          </ssh>
          <ok to="END"/>
          <error to="BILLING_INVOICE_LOAD_FAILURE"/>
    </action>
    
<action name="BILLING_INVOICE_LOAD_SUCCESS">
         <email xmlns="uri:oozie:email-action:0.1">
            <to>${emailToAddress}</to>
            <subject>BILLING INVOICE Success notification ${environment}</subject>
            <body>BILLING INVOICE Workflow is completed</body>
         </email>
         <ok to="END"/>
         <error to="KILL"/>
    </action>
    <action name="BILLING_INVOICE_LOAD_FAILURE">
         <email xmlns="uri:oozie:email-action:0.1">
            <to>${failureMailAddress}</to>
            <subject>${environment} : Failure BILLING INVOICE </subject>
            <body>The wf ${wf:id()} has been failed , error message ${wf:errorMessage(wf:lastErrorNode())}</body>
         </email>
         <ok to="END"/>
         <error to="KILL"/>
    </action>
    <kill name="KILL">
        <!-- <message>"Killed job due to error"</message> -->
        <message>Job failed for Billing INVOICE, error message[${wf:errorMessage(wf:lastErrorNode())}]</message>
    </kill>
   <end name="END"/>
</workflow-app>
