#KEY|PATH|TABLE_NAME|PARTITIONS|SAVE_MODE|BUCKETNAME
policy_common|transformed/policy_common|policy_common|20||prod_transform
gwpc_prem_trans_detail|transformed/gwpc_prem_trans_detail|gwpc_prem_trans_detail|20||prod_transform
coverage_common|transformed/coverage_common|coverage_common|20||prod_transform
gwpc_earned_prem|transformed/gwpc_earned_prem|gwpc_earned_prem|20||prod_transform
dim_date|transformed/dim_date|dim_date|20||prod_transform

#below keys are used for stateTax stories for querying production snapshot

statetax_policy_common|transformed/policy_common|policy_common|20|Overwrite|prod_transform
statetax_gwpc_prem_trans_detail|transformed/gwpc_prem_trans_detail|gwpc_prem_trans_detail|20|Overwrite|prod_transform
statetax_policy_detail_link|transformed/policy_detail_link|policy_detail_link|20|Overwrite|prod_transform
statetax_stg_gwpl_pc_policyperiod|staging_gwpl/pc_policyperiod|stg_gwpl_pc_policyperiod|20||prod_staging
statetax_stg_gwpl_pc_contact|staging_gwpl/pc_contact|stg_gwpl_pc_contact|20||prod_staging
statetax_stg_gwpl_pc_address|staging_gwpl/pc_address|stg_gwpl_pc_address|20||prod_staging
statetax_stg_gwcl_pc_policyperiod|staging_gwcl/pc_policyperiod|stg_gwcl_pc_policyperiod|20||prod_staging
statetax_stg_gwcl_pc_contact|staging_gwcl/pc_contact|stg_gwcl_pc_contact|20||prod_staging
statetax_stg_gwcl_pc_address|staging_gwcl/pc_address|stg_gwcl_pc_address|20||prod_staging
statetax_stg_gwpl_pc_policylocation|staging_gwpl/pc_policylocation|stg_gwpl_pc_policylocation|20||prod_staging
statetax_stg_gwcl_pc_policylocation|staging_gwcl/pc_policylocation|stg_gwcl_pc_policylocation|20||prod_staging
statetax_stg_gwpl_pcx_taxcodelookupresponse_ext|staging_gwpl/pcx_taxcodelookupresponse_ext|stg_gwpl_pcx_taxcodelookupresponse_ext|20||prod_staging
statetax_stg_gwcl_pcx_taxcodelookupresponse_ext|staging_gwcl/pcx_taxcodelookupresponse_ext|stg_gwcl_pcx_taxcodelookupresponse_ext|20||prod_staging
statetax_stg_gwpl_pcx_isotaxcoderesponse_ext|staging_gwpl/pcx_isotaxcoderesponse_ext|stg_gwpl_pcx_isotaxcoderesponse_ext|20||prod_staging
statetax_stg_gwcl_pcx_isotaxcoderesponse_ext|staging_gwcl/pcx_isotaxcoderesponse_ext|stg_gwcl_pcx_isotaxcoderesponse_ext|20||prod_staging
statetax_ent_ref_code|processed_edwexternal/ent_ref_code|ent_ref_code|20|Overwrite|prod_processed
statetax_tgt_file_path|serving/statetax/||0||prod_serving


#Below keys workday related external rules tables.

ref_am_risk_state|processed_dmact/ref_am_risk_state|ref_am_risk_state|20|Overwrite|prod_processed
fnd_etl_cntrl|workdayref/fnd_etl_cntrl|fnd_etl_cntrl|20|Overwrite|prod_processed
xref_company|workdayref/xref_company|xref_company|20|Overwrite|prod_processed
xref_risk_state|workdayref/xref_risk_state|xref_risk_state|20|Overwrite|prod_processed
fnd_businessrules_default|workdayref/fnd_businessrules_default|fnd_businessrules_default|20|Overwrite|prod_processed
fnd_businessrules_offset|workdayref/fnd_businessrules_offset|fnd_businessrules_offset|20|Overwrite|prod_processed
xref_internal_product_level|workdayref/xref_internal_product_level|xref_internal_product_level|20|Overwrite|prod_processed
xref_annual_statement_line|workdayref/xref_annual_statement_line|xref_annual_statement_line|20|Overwrite|prod_processed
xref_billing_source_system|workdayref/xref_billing_source_system|xref_billing_source_system|20|Overwrite|prod_processed
xref_loss_cause|workdayref/xref_loss_cause|xref_loss_cause|20|Overwrite|prod_processed
fnd_journalentry_rules|workdayref/fnd_journalentry_rules|fnd_journalentry_rules|20|Overwrite|prod_processed
xref_accident_year|workdayref/xref_accidentyear|xref_accidentyear|20|Overwrite|prod_processed
xref_catastrophe|workdayref/xref_catastrophe|xref_catastrophe|20|Overwrite|prod_processed
fnd_businessrules_offset_policy_fees|workdayref/fnd_businessrules_offset_policy_fees|fnd_businessrules_offset_policy_fees|20|Overwrite|prod_processed
fnd_businessrules_default_policy_fees|workdayref/fnd_businessrules_default_policy_fees|fnd_businessrules_default_policy_fees|20|Overwrite|prod_processed

#Below keys workday related Target tables.

workday_src_load_status_tracker|workday/workday_src_load_status_tracker|WORKDAY_LOAD_STATUS_TRACKER|20|APPEND|prod_processed
fnd_mth_journal_trans_default||fnd_mth_journal_trans_default|20|Append|prod_transform
fnd_mth_journal_trans_offset||fnd_mth_journal_trans_offset|20|Append|prod_transform
fnd_excpt_premium||fnd_excpt_premium|20|Append|prod_transform
fnd_excpt_loss||fnd_excpt_loss|20|Append|prod_transform
fnd_excpt_comm||fnd_excpt_comm|20|Append|prod_transform
fnd_excpt_policy_fees||fnd_excpt_policy_fees|20|Append|prod_transform
fnd_audit_trans||fnd_audit_trans|20|Append|prod_transform
fnd_audit_mulesoft||fnd_audit_mulesoft|20|Append|prod_transform

workday_recon_audit_table||fnd_audit_trans|20|append|prod_transform
workday_recon_cntrl_table||fnd_etl_cntrl|20|append|prod_transform
workday_audit_metric_table||Workday_Audit_Metric|20|append|prod_transform
workday_claim_count_recon_audit_table||fnd_claim_counts|20|append|prod_transform
job_metrics_tracker||job_metrics_tracker|20|append|prod_transform

#Below keys workday related Source tables.
workday_stg_wrkdysam_loss_data|workday/workday_connect_loss_data|workday_stg_wrkdysam_loss_data|20|Append|prod_processed
GW_stg_loss_data|workday/workday_connect_loss_data|workday_stg_wrkdysam_loss_data|20|Append|prod_processed
GW_stg_premium_data|workday/workday_stg_wrkdysam_prem_data|workday_stg_wrkdysam_prem_data|64|Append|prod_processed
GW_stg_commission_data|workday/workday_stg_wrkdysam_comm_data|workday_stg_wrkdysam_comm_data|20|Append|prod_processed
GW_stg_policyfees_data|workday/workday_stg_wrkdysam_polfee_data|workday_stg_wrkdysam_polfee_data|70|Append|prod_processed

RTW_stg_premium_data|workday/workday_src_wrkdyrtw_prem_data|workday_src_wrkdyrtw_prem_data|20||prod_processed
RTW_stg_loss_data|workday/workday_src_wrkdyrtw_loss_data|workday_src_wrkdyrtw_loss_data|20||prod_processed
RTW_stg_commission_data|workday/workday_src_wrkdyrtw_comm_data|workday_src_wrkdyrtw_comm_data|20||prod_processed
RTW_stg_policyfees_data|workday/workday_src_wrkdyrtw_policy_fees_data|workday_src_wrkdyrtw_policy_fees_data|20||prod_processed

RS2_stg_commission_data|workday/workday_src_wrkdylgcy_comm_data|workday_src_wrkdyrs2_comm_data|20||prod_processed
RS2_stg_premium_data|workday/workday_src_wrkdylgcy_prem_data|workday_src_wrkdylgcy_prem_data|20||prod_processed
RS2_stg_loss_data|workday/workday_src_wrkdylgcy_loss_data|workday_src_wrkdylgcy_loss_data|20||prod_processed
RS2_stg_policyfees_data|workday/workday_src_wrkdylgcy_policy_fees_data|workday_src_wrkdylgcy_policy_fees_data|20||prod_processed

RH_stg_premium_data|workday/workday_src_wrkdyrh_prem_data|workday_src_wrkdyrh_prem_data|20||prod_processed
RH_stg_commission_data|workday/workday_src_wrkdyrh_comm_data|workday_src_wrkdyrh_comm_data|20||prod_processed
RH_stg_loss_data|workday/workday_src_wrkdyrh_loss_data|workday_src_wrkdyrh_loss_data|20||prod_processed
transform_policy_detail_link|transformed/policy_detail_link|policy_detail_link|0|Append|prod_transform



webxl_gwcc_claim_common|transformed/gwcc_claim_common|gwcc_claim_common|20|Overwrite|prod_transform
webxl_policy_claim_expsr_link|transformed/policy_claim_expsr_link|policy_claim_expsr_link|20|Overwrite|prod_transform
webxl_gwcc_claim_trans_detail|transformed/gwcc_claim_trans_detail|gwcc_claim_trans_detail|20|Overwrite|prod_transform
webxl_policy_common|transformed/policy_common|policy_common|20|Overwrite|prod_transform
webxl_gwcc_exposure_reserve_eom|transformed/gwcc_exposure_reserve_eom|gwcc_exposure_reserve_eom|20|Overwrite|prod_transform
webxl_gwcc_loss_exposure_common|transformed/gwcc_loss_exposure_common|gwcc_loss_exposure_common|20|Overwrite|prod_transform
webxl_plcy_ftp_excel_webxl_lob|processed_edwexternal/plcy_ftp_excel_webxl_lob|plcy_ftp_excel_webxl_lob|20|Overwrite|prod_processed
webxl_stg_gwpl_pc_policyperiod|staging_gwpl/pc_policyperiod|stg_gwpl_pc_policyperiod|0||prod_staging
webxl_stg_gwcl_pc_policyperiod|staging_gwcl/pc_policyperiod|stg_gwcl_pc_policyperiod|0||prod_staging
webxl_stg_gwpl_pc_contact|staging_secured_gwpl/pc_contact|stg_gwpl_pc_contact|0||prod_staging_secure
webxl_stg_gwcl_pc_contact|staging_secured_gwcl/pc_contact|stg_gwcl_pc_contact|0||prod_staging_secure
webxl_stg_gwcc_cc_transaction|staging_gwcc/cc_transaction|stg_gwcc_cc_transaction|0||prod_staging
webxl_coverage_term|transformed/coverage_term|coverage_term|0|Overwrite|prod_transform
webxl_policy_detail_link|transformed/policy_detail_link|policy_detail_link|0|Overwrite|prod_transform
webxl_claims_fin_trans_tgt_file_path|webxl/webxl_claims_fin_trans|IMP_005_EXTR_GW_REINSURANCE_|0||prod_reporting
webxl_claims_header_tgt_file_path|webxl/webxl_claims_header|IMP_004_EXTR_GW_REINSURANCE_|0||prod_reporting



stg_gwcl_pc_policyperiod|staging_gwcl/pc_policyperiod|stg_gwcl_pc_policyperiod|0||prod_staging
stg_gwcl_pc_contact|staging_gwcl/pc_contact|stg_gwcl_pc_contact|0||prod_staging
policy_detail_link|transformed/policy_detail_link|policy_detail_link|0||prod_transform
coverage_term|transformed/coverage_term|coverage_term|0|Overwrite|prod_transform
agency|transformed/agency|agency|0|Overwrite|prod_transform
stg_gwcl_pc_industrycode|staging_gwcl/pc_industrycode|stg_gwcl_pc_industrycode|0||prod_staging
stg_gwcl_pcx_bp7building|staging_gwcl/pcx_bp7building|stg_gwcl_pcx_bp7building|0||prod_staging
stg_gwcl_pc_policylocation|staging_gwcl/pc_policylocation|stg_gwcl_pc_policylocation|0||prod_staging
stg_gwcl_pc_policycontactrole|staging_gwcl/pc_policycontactrole|stg_gwcl_pc_policycontactrole|0||prod_staging
stg_gwcl_pc_address|staging_gwcl/pc_address|stg_gwcl_pc_address|0||prod_staging
stg_gwcl_pc_policyline|staging_gwcl/pc_policyline|stg_gwcl_pc_policyline|0||prod_staging
stg_gwcl_pcx_bp7location|staging_gwcl/pcx_bp7location|stg_gwcl_pcx_bp7location|0||prod_staging
stg_gwcl_pcx_bp7classification|staging_gwcl/pcx_bp7classification|stg_gwcl_pcx_bp7classification|0||prod_staging
hsb_connect_tgt_file_path|hsb/||0||prod_reporting

stg_gwpl_pc_patransaction|staging_gwpl/pc_patransaction|stg_gwpl_pc_patransaction|0||prod_staging
stg_gwpl_pc_pacost|staging_gwpl/pc_pacost|stg_gwpl_pc_pacost|0||prod_staging
stg_gwpl_pc_policyperiod|staging_gwpl/pc_policyperiod|stg_gwpl_pc_policyperiod|0||prod_staging
stg_gwpl_pc_job|staging_gwpl/pc_job|stg_gwpl_pc_job|0||prod_staging
stg_gwpl_pc_policy|staging_gwpl/pc_policy|stg_gwpl_pc_policy|0||prod_staging
stg_gwpl_pc_uwcompany|staging_gwpl/pc_uwcompany|stg_gwpl_pc_uwcompany|0||prod_staging
stg_gwpl_pc_producercode|staging_gwpl/pc_producercode|stg_gwpl_pc_producercode|0||prod_staging
stg_gwbc_bc_chargepattern|staging/gwbc/bc_chargepattern|stg_gwbc_bc_chargepattern|0||prod_staging

#Below keys used for HSB for FR.
hsb_policy_common|transformed/policy_common|policy_common|20||prod_transform
hsb_gwpc_prem_trans_detail|transformed/gwpc_prem_trans_detail|gwpc_prem_trans_detail|20||prod_transform
hsb_fr_policy_common|transformed/policy_common|policy_common|20||prod_transform
hsb_fr_gwpc_prem_trans_detail|transformed/gwpc_prem_trans_detail|gwpc_prem_trans_detail|20||prod_transform
hsb_fr_policy_detail_link|transformed/policy_detail_link|policy_detail_link|0||prod_transform
hsb_fr_coverage_term|transformed/coverage_term|coverage_term|0||prod_transform
hsb_fr_stg_gwcl_pc_industrycode|staging_gwcl/pc_industrycode|stg_gwcl_pc_industrycode|0||prod_staging
hsb_fr_stg_gwcl_pc_policyline|staging_gwcl/pc_policyline|stg_gwcl_pc_policyline|0||prod_staging
hsb_fr_stg_gwcl_pc_policyperiod|staging_gwcl/pc_policyperiod|stg_gwcl_pc_policyperiod|0||prod_staging
hsb_fr_stg_gwcl_pc_contact|staging_gwcl/pc_contact|stg_gwcl_pc_contact|0||prod_staging
hsb_fr_stg_gwcl_pc_address|staging_gwcl/pc_address|stg_gwcl_pc_address|0||prod_staging
hsb_fr_stg_gwcl_pc_account|staging_gwcl/pc_account|stg_gwcl_pc_account|0||prod_staging
hsb_fr_stg_gwcl_pc_policy|staging_gwcl/pc_policy|stg_gwcl_pc_policy|0||prod_staging
hsb_fr_stg_gwcl_pc_priorpolicy|staging_gwcl/pc_priorpolicy|stg_gwcl_pc_priorpolicy|0||prod_staging
hsb_fr_stg_gwcl_pcx_bp7building|staging_gwcl/pcx_bp7building|stg_gwcl_pcx_bp7building|0||prod_staging
hsb_fr_stg_gwcl_pc_policycontactrole|staging_gwcl/pc_policycontactrole|stg_gwcl_pc_policycontactrole|0||prod_staging
hsb_fr_stg_gwcl_pc_policylocation|staging_gwcl/pc_policylocation|stg_gwcl_pc_policylocation|0||prod_staging
hsb_fr_stg_gwcl_pc_questionsetlookup|staging_gwcl/pc_questionsetlookup|stg_gwcl_pc_address|0||prod_staging
hsb_fr_stg_gwcl_pcx_bp7classification|staging_gwcl/pcx_bp7classification|stg_gwcl_pcx_bp7classification|0|Overwrite|prod_staging
hsb_fr_stg_gwcl_pc_policylineanswer|staging_gwcl/pc_policylineanswer|stg_gwcl_pc_policylineanswer|0|Overwrite|prod_staging

webxl_gwpc_earned_prem|transformed/gwpc_earned_prem|gwpc_earned_prem|20||prod_transform
webxl_gwpc_prem_trans_detail|transformed/gwpc_prem_trans_detail|gwpc_prem_trans_detail|20||prod_transform
webxl_policy_common|transformed/policy_common|policy_common|20||prod_transform
webxl_plcy_ftp_excel_webxl_lob|processed_edwexternal/plcy_ftp_excel_webxl_lob|plcy_ftp_excel_webxl_lob|20||prod_processed
webxl_policy_detail_link|transformed/policy_detail_link|policy_detail_link|20||prod_transform
webxl_coverage_term|transformed/coverage_term|coverage_term|20||prod_transform
webxl_dim_date|transformed/dim_date|dim_date|20||prod_transform


# Keys for WebXL MCO 55
webxl_mco_gwpc_earned_prem|transformed/gwpc_earned_prem|gwpc_earned_prem|20|Overwrite|prod_transform
webxl_mco_gwpc_prem_trans_detail|transformed/gwpc_prem_trans_detail|gwpc_prem_trans_detail|20|Overwrite|prod_transform
webxl_mco_policy_common|transformed/policy_common|policy_common|20|Overwrite|prod_transform
webxl_mco_plcy_ftp_excel_webxl_lob|processed_edwexternal/plcy_ftp_excel_webxl_lob|plcy_ftp_excel_webxl_lob|20|Overwrite|prod_processed
webxl_mco_policy_detail_link|transformed/policy_detail_link|policy_detail_link|20|Overwrite|prod_transform
webxl_mco_coverage_term|transformed/coverage_term|coverage_term|20|Overwrite|prod_transform
webxl_mco_dim_date|transformed/dim_date|dim_date|20|Overwrite|prod_transform
webxl_mco_gwcc_claim_Common|transformed/gwcc_claim_common|gwcc_claim_common|20|Overwrite|prod_transform
webxl_mco_gwcc_claim_trans_Detail|transformed/gwcc_claim_trans_detail|gwcc_claim_trans_Detail|20|Overwrite|prod_transform
webxl_mco_gwcc_loss_exposure_common|transformed/gwcc_loss_exposure_common|gwcc_loss_exposure_common|20|Overwrite|prod_transform
webxl_mco_policy_claim_expsr_link|transformed/policy_claim_expsr_link|policy_claim_expsr_link|20|Overwrite|prod_transform
webxl_mco_gwcc_exposure_reserve_eom|transformed/gwcc_exposure_reserve_eom|gwcc_exposure_reserve_eom|20|Overwrite|prod_transform

webxl_mco_55|webxl/webxl_mco_55|IMP_010_EXTR_GW_REINSURANCE_|1|Overwrite|prod_reporting
webxl_premium_output_path|webxl/webxl_premium|IMP_007_EXTR_GW_REINSURANCE_|1|Append|prod_reporting

#below keys are used for nc auto extracts against production snapshot data.

nc_auto_stg_gwpl_pc_policyperiod|staging_gwpl/pc_policyperiod|stg_gwpl_pc_policyperiod|20||prod_staging_secure
nc_auto_stg_gwpl_pc_uwcompany|staging_gwpl/pc_uwcompany|stg_gwpl_pc_uwcompany|20||prod_staging
nc_auto_stg_gwpl_pc_patransaction|staging_gwpl/pc_patransaction|stg_gwpl_pc_patransaction|20||prod_staging
nc_auto_stg_gwpl_pc_pacost|staging_gwpl/pc_pacost|stg_gwpl_pc_pacost|20||prod_staging
nc_auto_stg_gwpl_pc_job|staging_gwpl/pc_job|stg_gwpl_pc_job|20||prod_staging
nc_auto_stg_gwpl_pc_personalautocov|staging_gwpl/pc_personalautocov|stg_gwpl_pc_personalautocov|20||prod_staging
nc_auto_stg_gwpl_pc_personalvehiclecov|staging_gwpl/pc_personalvehiclecov|stg_gwpl_pc_personalvehiclecov|20||prod_staging
nc_auto_stg_gwcc_cc_transactionlineitem|staging_gwcc/cc_transactionlineitem|stg_gwcc_cc_transactionlineitem|20||prod_staging
nc_auto_stg_gwcc_cc_transaction|staging_gwcc/cc_transaction|stg_gwcc_cc_transaction|20||prod_staging
nc_auto_stg_gwcc_cc_claim|staging_gwcc/cc_claim|stg_gwcc_cc_claim|20||prod_staging
nc_auto_stg_gwcc_cc_check|staging_gwcc/cc_check|stg_gwcc_cc_check|20||prod_staging
nc_auto_stg_gwcc_cc_policy|staging_gwcc/cc_policy|stg_gwcc_cc_policy|20||prod_staging
nc_auto_stg_gwcc_cc_exposure|staging_gwcc/cc_exposure|stg_gwcc_cc_exposure|20||prod_staging
nc_auto_stg_gwcc_cc_coverage|staging_gwcc/cc_coverage|stg_gwcc_cc_coverage|20||prod_staging
nc_auto_plcy_ftp_excel_asl|processed_edwexternal/plcy_ftp_excel_asl|plcy_ftp_excel_asl|20|overwrite|prod_processed
nc_auto_plcy_ftp_excel_gw_naic_mco|processed_edwexternal/plcy_ftp_excel_gw_naic_mco|plcy_ftp_excel_gw_naic_mco|20|overwrite|prod_processed
nc_auto_plcy_ftp_excel_avgresvexclcovgwpc|processed_edwexternal/plcy_ftp_excel_avgresvexclcovgwpc|plcy_ftp_excel_avgresvexclcovgwpc|20|overwrite|prod_processed
nc_auto_stg_gwpl_pc_policy|staging_gwpl/pc_policy|stg_gwpl_pc_policy|0||prod_staging
nc_auto_stg_gwpl_pc_producercode|staging_gwpl/pc_producercode|stg_gwpl_pc_producercode|0||prod_staging
nc_auto_stg_gwbc_bc_chargepattern|staging_gwbc/bc_chargepattern|stg_gwbc_bc_chargepattern|0||prod_staging
nc_auto_stg_gwpl_pc_etlclausepattern|staging_gwpl/pc_etlclausepattern|stg_gwpl_pc_etlclausepattern|20||prod_staging
nc_auto_stg_gwpl_pc_etlcovtermoption|staging_gwpl/pc_etlcovtermoption|stg_gwpl_pc_etlcovtermoption|20||prod_staging
nc_auto_stg_gwpl_pc_etlcovtermpackage|staging_gwpl/pc_etlcovtermpackage|stg_gwpl_pc_etlcovtermpackage|20||prod_staging
nc_auto_stg_gwpl_pc_etlcovtermpattern|staging_gwpl/pc_etlcovtermpattern|stg_gwpl_pc_etlcovtermpattern|20||prod_staging
nc_auto_stg_gwpl_pc_etlpackterm|staging_gwpl/pc_etlpackterm|stg_gwpl_pc_etlpackterm|20||prod_staging
nc_auto_gwcc_exposure_reserve_eom|transformed/gwcc_exposure_reserve_eom|gwcc_exposure_reserve_eom|20|Append|prod_transform
nc_auto_gwcc_claim_common|transformed/gwcc_claim_common|gwcc_claim_common|20|Append|prod_transform
nc_auto_gwcc_claim_trans_detail|transformed/gwcc_claim_trans_detail|gwcc_claim_trans_detail|20|Append|prod_transform
nc_auto_gwcc_loss_exposure_common|transformed/gwcc_loss_exposure_common|gwcc_loss_exposure_common|20|Append|prod_transform
nc_auto_policy_claim_expsr_link|transformed/policy_claim_expsr_link|policy_claim_expsr_link|20|Append|prod_transform
nc_auto_policy_common|transformed/policy_common|policy_common|20|Append|prod_transform
nc_auto_gwpc_prem_trans_detail|transformed/gwpc_prem_trans_detail|gwpc_prem_trans_detail|20|Append|prod_transform
nc_auto_plcy_nc_line_code|processed_edwexternal/plcy_nc_line_code|plcy_nc_line_code|20||prod_processed

ncpl_cession_history|transformed/ncpl_cession_history|edf_transformed.ncpl_cession_history|20|Append|prod_transform
ncpl_cession_details|ncauto/cession_detail||0||prod_reporting
ncpl_accounting_details|ncauto/ncpl/accounting_detail|Connect_NC_PL_ACCOUNTING_|0||prod_reporting
ncpl_accounting_details_temp|ncauto/accounting_detail_temp|Connect_NC_PL_ACCOUNTING_temp_|0||prod_reporting
nccl_accounting_details|ncauto/nccl/accounting_detail|Connect_NC_CL_ACCOUNTING_|0||prod_reporting
nccl_accounting_details_temp|ncauto/accounting_detail_temp|Connect_NC_CL_ACCOUNTING_temp_|0||prod_reporting
ncpl_recoupment_details|ncauto/ncpl/recoupmentDetail|Connect_NC_PL_RECOUPMENT_|0||prod_reporting
nccl_recoupment_details|ncauto/nccl/recoupmentDetail|Connect_NC_CL_RECOUPMENT_|0||prod_reporting
ncpl_reinsurance|ncauto/ncpl/reinsurance_data/|Connect_NC_PL_Reinsurance_Reports|20|Overwrite|prod_reporting
nccl_reinsurance|ncauto/nccl/reinsurance_data/|Connect_NC_CL_Reinsurance_Reports|20|Overwrite|prod_reporting

#Below keys related to Billing Transaction Target Tables.
connect_account|transformed/connect_account|transformed.connect_account|20|Append|prod_transform
connect_bill_trans_link|transformed/connect_bill_trans_link|transformed.connect_bill_trans_link|20|Append|prod_transform
CONNECT_Bill_Suspense_Pay|transformed/connect_bill_suspense_pay|transformed.connect_bill_suspense_pay|20|Append|prod_transform
Connect_Bill_Money_Received|transformed/connect_bill_money_received|transformed.connect_bill_money_received|20|Append|prod_transform
Connect_Bill_Disbursement|transformed/connect_bill_disbursement|transformed.connect_bill_disbursement|20|Append|prod_transform
connect_bill_trans_detail|transformed/connect_bill_trans_detail|transformed.connect_bill_trans_detail|20|Append|prod_transform
CONNECT_Bill_Charge|transformed/connect_bill_charge|transformed.connect_bill_charge|20|Append|prod_transform
CONNECT_Invoice_Item|transformed/connect_invoice_item|transformed.connect_invoice_item|20|Append|prod_transform
connect_invoice|transformed/connect_invoice|transformed.connect_invoice|20|Append|prod_transform
Connect_Bill_Unapplied_Fund|transformed/connect_bill_unapplied_fund|transformed.connect_bill_unapplied_fund|20|Append|prod_transform
CONNECT_Bill_Distr_Item|transformed/connect_bill_distr_item|transformed.connect_bill_distr_item|20|Append|prod_transform
Connect_Bill_Writeoff|transformed/connect_bill_writeoff|transformed.connect_bill_writeoff|20|Append|prod_transform
connect_bill_distr|transformed/connect_bill_distr|transformed.connect_bill_distr|20|Append|prod_transform

curationStatsTableName|transformed/curation_stats|transformed.curation_stats|20|Append|prod_transform

#Below keys related to Billing Transaction source and supporting tables.
gwbc_transaction|staging_gwbc/bc_transaction|stg_gwbc_bc_transaction|20||prod_staging
codification_gwbc_account|staging_gwbc/bc_account|stg_gwbc_bc_account|20||prod_staging
codification_gwpl_account|staging_gwpl/pc_account|stg_gwpl_pc_account|20||prod_staging
codification_gwcl_account|staging_gwcl/pc_account|stg_gwcl_pc_account|20||prod_staging
codification_gwcl_industrycode|staging_gwcl/pc_industrycode|stg_gwcl_pc_industrycode|20||prod_staging
codification_gwcl_industrycode_ext|staging_gwcl/pcx_industrycode_ext|stg_gwcl_pcx_industrycode_ext|20||prod_staging
codification_plcy_ftp_excel_naics_codes|processed_edwexternal/plcy_ftp_excel_naics_codes|plcy_ftp_excel_naics_codes|20||prod_processed
plcy_ftp_excel_gw_naic_mco|processed_edwexternal/plcy_ftp_excel_gw_naic_mco|plcy_ftp_excel_gw_naic_mco|20||prod_processed

stg_gwbc_bc_billinginstruction|staging_gwbc/bc_billinginstruction|stg_gwbc_bc_billinginstruction|20||prod_staging
stg_gwbc_bc_chargepattern|staging_gwbc/bc_chargepattern|stg_gwbc_bc_chargepattern|20||prod_staging
stg_gwbc_bc_producercontext|staging_gwbc/bc_producercontext|stg_gwbc_bc_producercontext|20||prod_staging
stg_gwbc_bc_chargecommission|staging_gwbc/bc_chargecommission|stg_gwbc_bc_chargecommission|20||prod_staging
stg_gwbc_bc_chargeinstancecontext|staging_gwbc/bc_chargeinstancecontext|stg_gwbc_bc_chargeinstancecontext|20||prod_staging
stg_gwbc_bc_transaction|staging_gwbc/bc_transaction|stg_gwbc_bc_transaction|20||prod_staging
stg_gwbc_bc_charge|staging_gwbc/bc_charge|stg_gwbc_bc_charge|20||prod_staging
stg_gwbc_bc_TAccountContainer|staging_gwbc/bc_TAccountContainer|stg_gwbc_bc_TAccountContainer|20||prod_staging
stg_gwbc_bc_taccount|staging_gwbc/bc_taccount|stg_gwbc_bc_taccount|20||prod_staging
stg_gwbc_bc_policyperiod|staging_gwbc/bc_policyperiod|stg_gwbc_bc_policyperiod|20||prod_staging
stg_gwbc_bc_policy|staging_gwbc/bc_policy|stg_gwbc_bc_policy|20||prod_staging
stg_gwbc_bc_account|staging_gwbc/bc_account|stg_gwbc_bc_account|20||prod_staging
stg_gwbc_bc_basedistitem|staging_gwbc/bc_basedistitem|stg_gwbc_bc_basedistitem|20||prod_staging
stg_gwbc_bc_invoiceitem|staging_gwbc/bc_invoiceitem|stg_gwbc_bc_invoiceitem|20||prod_staging
stg_gwbc_bc_invoice|staging_gwbc/bc_invoice|stg_gwbc_bc_invoice|20||prod_staging
stg_gwbc_bc_agencybillcycle|staging_gwbc/bc_agencybillcycle|stg_gwbc_bc_agencybillcycle|20||prod_staging
stg_gwbc_bc_writeoff|staging_gwbc/bc_writeoff|stg_gwbc_bc_writeoff|20||prod_staging
stg_gwbc_bc_writeoffreversal|staging_gwbc/bc_writeoffreversal|stg_gwbc_bc_writeoffreversal|20||prod_staging
stg_gwbc_bc_user|staging_gwbc/bc_user|stg_gwbc_bc_user|20||prod_staging
stg_gwbc_bc_credential|staging_gwbc/bc_credential|stg_gwbc_bc_credential|20||prod_staging
stg_gwbc_bc_unappliedfund|staging_gwbc/bc_unappliedfund|stg_gwbc_bc_unappliedfund|20||prod_staging
stg_gwbc_bc_policycommission|staging_gwbc/bc_policycommission|stg_gwbc_bc_policycommission|20||prod_staging
stg_gwbc_bc_producercode|staging_gwbc/bc_producercode|stg_gwbc_bc_producercode|20||prod_staging
stg_gwbc_bc_producer|staging_gwbc/bc_producer|stg_gwbc_bc_producer|20||prod_staging
stg_gwbc_bc_dbmoneyrcvdcontext|staging_gwbc/bc_dbmoneyrcvdcontext|stg_gwbc_bc_dbmoneyrcvdcontext|20||prod_staging
stg_gwbc_bc_agencymoneyrcvdcontext|staging_gwbc/bc_agencymoneyrcvdcontext|stg_gwbc_bc_agencymoneyrcvdcontext|20||prod_staging
stg_gwbc_bc_basemoneyreceived|staging_gwbc/bc_basemoneyreceived|stg_gwbc_bc_basemoneyreceived|20||prod_staging
stg_gwbc_bc_UnappliedFund|staging_gwbc/bc_unappliedfund|stg_gwbc_bc_UnappliedFund|20||prod_staging
stg_gwbc_bc_paymentinstrument|staging_gwbc/bc_paymentinstrument|stg_gwbc_bc_paymentinstrument|20||prod_staging
stg_gwbc_bc_suspensepayment|staging_gwbc/bc_suspensepayment|stg_gwbc_bc_suspensepayment|20||prod_staging
stg_gwbc_bc_basedist|staging_gwbc/bc_basedist|stg_gwbc_bc_basedist|20||prod_staging
stg_gwbc_bc_susppymtcontext|staging_gwbc/bc_susppymtcontext|stg_gwbc_bc_susppymtcontext|20||prod_staging
stg_gwbc_bc_disbursement|staging_gwbc/bc_disbursement|stg_gwbc_bc_disbursement|20||prod_staging
stg_gwbc_bc_negativewriteoff|staging_gwbc/bc_negativewriteoff|stg_gwbc_bc_negativewriteoff|20||prod_staging
stg_gwbc_bc_accountcontext|staging_gwbc/bc_accountcontext|stg_gwbc_bc_accountcontext|20||prod_staging
stg_gwbc_bc_nonreceivableitemctx|staging_gwbc/bc_nonreceivableitemctx|stg_gwbc_bc_nonreceivableitemctx|20||prod_staging
stg_gwbc_bc_basenonrecdistitem|staging_gwbc/bc_basenonrecdistitem|stg_gwbc_bc_basenonrecdistitem|20||prod_staging
stg_gwbc_bc_transfertxcontext|staging_gwbc/bc_transfertxcontext|stg_gwbc_bc_transfertxcontext|20||prod_staging
stg_gwbc_bc_fundstransfer|staging_gwbc/bc_fundsTransfer|stg_gwbc_bc_fundstransfer|20||prod_staging
stg_gwbc_bc_creditcontext|staging_gwbc/bc_creditcontext|stg_gwbc_bc_creditcontext|20||prod_staging
stg_gwbc_bc_credit|staging_gwbc/bc_credit|stg_gwbc_bc_credit|20||prod_staging

#Keys used for Monthly Balancing Report
monthly_connectInvoiceTable|transformed/connect_invoice|connect_invoice|20||prod_transform
monthly_connectBillChargeTable|transformed/connect_bill_charge|connect_bill_charge|20||prod_transform
monthly_connectAccount|transformed/connect_account|connect_account|20||prod_transform
monthly_connectInvoiceItem|transformed/connect_invoice_item|connect_invoice_item|20||prod_transform
monthly_gwpcAccount|transformed/gwpc_account|gwpc_account|20||prod_transform
monthly_dimDate|transformed/dim_date|dim_date|20||prod_transform
monthly_ref_am_risk_state|processed_dmact/ref_am_risk_state|ref_am_risk_state|20||prod_processed
monthly_gwpcEarnedPrem|transformed/gwpc_earned_prem|gwpc_earned_prem|20||prod_transform
monthly_gwpcPremTransDetail|transformed/gwpc_prem_trans_detail|gwpc_prem_trans_detail|20||prod_transform
monthly_policyCommon|transformed/policy_common|policy_common|20||prod_transform
monthly_connectBillTransDetail|transformed/connect_bill_trans_detail|connect_bill_trans_detail|20||prod_transform
monthly_connectBillTransLink|transformed/connect_bill_trans_link|connect_bill_trans_link|20||prod_transform
monthly_connectBillDisbursement|transformed/connect_bill_disbursement|connect_bill_disbursement|20||prod_transform
monthly_connectBillSuspensePay|transformed/connect_bill_suspense_pay|connect_bill_suspense_pay|20||prod_transform
monthly_connectBillWriteOff|transformed/connect_bill_writeoff|connect_bill_writeoff|20||prod_transform
monthly_Connect_Bill_Unapplied_Fund|transformed/connect_bill_unapplied_fund|connect_bill_unapplied_fund|20||prod_transform

billing_policy_account_fact|serving/fact_ent_plcy_acct_recv_snap|edf_serving.fact_ent_plcy_acct_recv_snap|20|Append|prod_serving
fact_billing_charges_payment|serving/fact_ent_bill_charge_pay|edf_serving.fact_ent_bill_charge_pay|20|Append|prod_serving
fact_billing_credit|serving/fact_ent_bill_credit|edf_serving.fact_ent_bill_credit|20|Append|prod_serving
fact_ent_billing_disbursement|serving/fact_ent_bill_disbursement/|edf_serving.fact_ent_bill_disbursement|20|Append|prod_serving
fact_ent_billpay_writeoff|serving/fact_ent_bill_pay_writeoff|edf_serving.fact_ent_bill_writeoff|20|Append|prod_serving
fact_ent_bill_charge_pay_eom|serving/fact_ent_bill_charge_pay_eom|edf_serving.fact_ent_bill_charge_pay_eom|20|Append|prod_serving
fact_ent_bill_credit_eom|serving/fact_ent_bill_credit_eom|edf_serving.fact_ent_bill_credit_eom|20|Append|prod_serving

servingStatsTableName|serving/serving_load_stats|edf_serving.serving_load_stats|20|Append|prod_serving


fact_ent_bill_comm_eom|serving/fact_ent_bill_comm_eom|edf_serving.fact_ent_bill_comm_eom|20|Append|prod_serving
fact_ent_bill_pay_reversal|serving/fact_ent_bill_pay_reversal|edf_serving.fact_ent_bill_pay_reversal|20|Append|prod_serving
