{
    "data": {
        "campaign": {
            "35": {
                "project": {
                    "2": {
                        "day": {
                            "2020-03-01": {
                                "metrics": {
                                    "reach_click": "3264.0000000",
                                    "click": 3819,
                                    "impression": 110188
                                }
                            }
                        }
                    }
                },
                "day": {
                    "2020-03-01": {
                        "metrics": {
                            "reach_click": "3264.0000000",
                            "click": 3819,
                            "impression": 110188
                        }
                    }
                }
            },
            "33": {
                "project": {
                    "2": {
                        "day": {
                            "2020-03-01": {
                                "metrics": {
                                    "reach_click": "268099.0000000",
                                    "click": 582310,
                                    "impression": 1573168
                                }
                            }
                        }
                    }
                },
                "day": {
                    "2020-03-01": {
                        "metrics": {
                            "reach_click": "268099.0000000",
                            "click": 582310,
                            "impression": 1573168
                        }
                    }
                }
            },
            "32": {
                "project": {
                    "2": {
                        "day": {
                            "2020-03-01": {
                                "metrics": {
                                    "reach_click": "8.0000000",
                                    "click": 9,
                                    "impression": 777
                                }
                            }
                        }
                    }
                },
                "day": {
                    "2020-03-01": {
                        "metrics": {
                            "reach_click": "8.0000000",
                            "click": 9,
                            "impression": 777
                        }
                    }
                }
            },
            "21": {
                "project": {
                    "2": {
                        "day": {
                            "2020-03-01": {
                                "metrics": {
                                    "reach_click": "17.0000000",
                                    "click": 22
                                }
                            }
                        }
                    }
                },
                "day": {
                    "2020-03-01": {
                        "metrics": {
                            "reach_click": "17.0000000",
                            "click": 22
                        }
                    }
                }
            },
            "26": {
                "project": {
                    "2": {
                        "day": {
                            "2020-03-01": {
                                "metrics": {
                                    "reach_click": "16.0000000",
                                    "click": 19,
                                    "impression": 73
                                }
                            }
                        }
                    }
                },
                "day": {
                    "2020-03-01": {
                        "metrics": {
                            "reach_click": "16.0000000",
                            "click": 19,
                            "impression": 73
                        }
                    }
                }
            },
            "30": {
                "project": {
                    "2": {
                        "day": {
                            "2020-03-01": {
                                "metrics": {
                                    "reach_click": "1.0000000",
                                    "click": 1,
                                    "impression": 138
                                }
                            }
                        }
                    }
                },
                "day": {
                    "2020-03-01": {
                        "metrics": {
                            "reach_click": "1.0000000",
                            "click": 1,
                            "impression": 138
                        }
                    }
                }
            },
            "29": {
                "project": {
                    "2": {
                        "day": {
                            "2020-03-01": {
                                "metrics": {
                                    "reach_click": "25.0000000",
                                    "click": 29,
                                    "impression": 8461
                                }
                            }
                        }
                    }
                },
                "day": {
                    "2020-03-01": {
                        "metrics": {
                            "reach_click": "25.0000000",
                            "click": 29,
                            "impression": 8461
                        }
                    }
                }
            },
            "25": {
                "project": {
                    "2": {
                        "day": {
                            "2020-03-01": {
                                "metrics": {
                                    "reach_click": "2721.0000000",
                                    "click": 3070,
                                    "impression": 471067
                                }
                            }
                        }
                    }
                },
                "day": {
                    "2020-03-01": {
                        "metrics": {
                            "reach_click": "2721.0000000",
                            "click": 3070,
                            "impression": 471067
                        }
                    }
                }
            },
            "27": {
                "project": {
                    "2": {
                        "day": {
                            "2020-03-01": {
                                "metrics": {
                                    "reach_click": "1514.0000000",
                                    "click": 2069,
                                    "impression": 166132
                                }
                            }
                        }
                    }
                },
                "day": {
                    "2020-03-01": {
                        "metrics": {
                            "reach_click": "1514.0000000",
                            "click": 2069,
                            "impression": 166132
                        }
                    }
                }
            },
            "28": {
                "project": {
                    "2": {
                        "day": {
                            "2020-03-01": {
                                "metrics": {
                                    "reach_click": "3.0000000",
                                    "click": 5,
                                    "impression": 28
                                }
                            }
                        }
                    }
                },
                "day": {
                    "2020-03-01": {
                        "metrics": {
                            "reach_click": "3.0000000",
                            "click": 5,
                            "impression": 28
                        }
                    }
                }
            },
            "36": {
                "project": {
                    "2": {
                        "day": {
                            "2020-03-01": {
                                "metrics": {
                                    "reach_click": "447.0000000",
                                    "click": 468,
                                    "impression": 164506
                                }
                            }
                        }
                    }
                },
                "day": {
                    "2020-03-01": {
                        "metrics": {
                            "reach_click": "447.0000000",
                            "click": 468,
                            "impression": 164506
                        }
                    }
                }
            },
            "14": {
                "project": {
                    "4": {
                        "day": {
                            "2020-03-01": {
                                "metrics": {
                                    "reach_click": "1.0000000",
                                    "click": 1
                                }
                            }
                        }
                    }
                },
                "day": {
                    "2020-03-01": {
                        "metrics": {
                            "reach_click": "1.0000000",
                            "click": 1
                        }
                    }
                }
            },
            "38": {
                "project": {
                    "2": {
                        "day": {
                            "2020-03-01": {
                                "metrics": {
                                    "reach_click": "668.0000000",
                                    "click": 994,
                                    "impression": 105679
                                }
                            }
                        }
                    }
                },
                "day": {
                    "2020-03-01": {
                        "metrics": {
                            "reach_click": "668.0000000",
                            "click": 994,
                            "impression": 105679
                        }
                    }
                }
            },
            "34": {
                "project": {
                    "2": {
                        "day": {
                            "2020-03-01": {
                                "metrics": {
                                    "reach_click": "4757.0000000",
                                    "click": 5213,
                                    "impression": 372608
                                }
                            }
                        }
                    }
                },
                "day": {
                    "2020-03-01": {
                        "metrics": {
                            "reach_click": "4757.0000000",
                            "click": 5213,
                            "impression": 372608
                        }
                    }
                }
            },
            "24": {
                "project": {
                    "2": {
                        "day": {
                            "2020-03-01": {
                                "metrics": {
                                    "reach_click": "8251.0000000",
                                    "click": 9522,
                                    "impression": 1658367
                                }
                            }
                        }
                    }
                },
                "day": {
                    "2020-03-01": {
                        "metrics": {
                            "reach_click": "8251.0000000",
                            "click": 9522,
                            "impression": 1658367
                        }
                    }
                }
            },
            "37": {
                "project": {
                    "2": {
                        "day": {
                            "2020-03-01": {
                                "metrics": {
                                    "reach_click": "1802.0000000",
                                    "click": 1869,
                                    "impression": 299682
                                }
                            }
                        }
                    }
                },
                "day": {
                    "2020-03-01": {
                        "metrics": {
                            "reach_click": "1802.0000000",
                            "click": 1869,
                            "impression": 299682
                        }
                    }
                }
            },
            "31": {
                "project": {
                    "2": {
                        "day": {
                            "2020-03-01": {
                                "metrics": {
                                    "reach_click": "2375.0000000",
                                    "click": 2825,
                                    "impression": 405368
                                }
                            }
                        }
                    }
                },
                "day": {
                    "2020-03-01": {
                        "metrics": {
                            "reach_click": "2375.0000000",
                            "click": 2825,
                            "impression": 405368
                        }
                    }
                }
            }
        },
        "day": {
            "2020-03-01": {
                "metrics": {
                    "reach_click": "293969.0000000",
                    "click": 612245,
                    "impression": 5336242
                }
            }
        },
        "metrics": {
            "click_average": 612245,
            "reach_click": "293969.0000000",
            "click": "612245",
            "impression_average": 5336242,
            "number_of_days": 1,
            "reach_click_average": 293969,
            "impression": "5336242"
        }
    },
    "metadata": {
        "project": {
            "4": {
                "label": "LYFT"
            },
            "2": {
                "label": "Glo"
            }
        },
        "campaign": {
            "35": {
                "channel_id": "1",
                "real_end_date": null,
                "channel_label": "Display",
                "real_start_date": "2020-03-01 21:35:05",
                "label": "10024"
            },
            "32": {
                "channel_id": "1",
                "real_end_date": null,
                "channel_label": "Display",
                "real_start_date": "2020-02-17 21:38:10",
                "label": "10016"
            },
            "33": {
                "channel_id": "1",
                "real_end_date": null,
                "channel_label": "Display",
                "real_start_date": "2020-02-14 21:34:57",
                "label": "10015_Gender holiday"
            },
            "21": {
                "channel_id": "1",
                "real_end_date": null,
                "channel_label": "Display",
                "real_start_date": "2019-12-31 21:26:59",
                "label": "10002_GLO"
            },
            "26": {
                "channel_id": "1",
                "real_end_date": null,
                "channel_label": "Display",
                "real_start_date": "2020-02-11 21:37:24",
                "label": "10011"
            },
            "30": {
                "channel_id": "1",
                "real_end_date": null,
                "channel_label": "Display",
                "real_start_date": "2020-02-12 21:38:28",
                "label": "10022"
            },
            "29": {
                "channel_id": "1",
                "real_end_date": null,
                "channel_label": "Display",
                "real_start_date": "2020-02-12 21:38:28",
                "label": "10014"
            },
            "25": {
                "channel_id": "1",
                "real_end_date": null,
                "channel_label": "Display",
                "real_start_date": "2020-02-04 21:29:04",
                "label": "10010_10_03_cities"
            },
            "27": {
                "channel_id": "1",
                "real_end_date": null,
                "channel_label": "Display",
                "real_start_date": "2020-02-06 21:29:44",
                "label": "10012"
            },
            "28": {
                "channel_id": "1",
                "real_end_date": null,
                "channel_label": "Display",
                "real_start_date": "2020-02-12 21:38:29",
                "label": "10013"
            },
            "36": {
                "channel_id": "1",
                "real_end_date": null,
                "channel_label": "Display",
                "real_start_date": "2020-03-01 21:35:06",
                "label": "10025"
            },
            "14": {
                "channel_id": "1",
                "real_end_date": null,
                "channel_label": "Display",
                "real_start_date": "2019-12-02 21:47:10",
                "label": "00041/Glo"
            },
            "38": {
                "channel_id": "1",
                "real_end_date": null,
                "channel_label": "Display",
                "real_start_date": "2020-02-28 21:34:03",
                "label": "10026"
            },
            "34": {
                "channel_id": "1",
                "real_end_date": null,
                "channel_label": "Display",
                "real_start_date": "2020-03-01 21:35:05",
                "label": "10023"
            },
            "24": {
                "channel_id": "1",
                "real_end_date": null,
                "channel_label": "Display",
                "real_start_date": "2020-02-04 21:29:02",
                "label": "10010_5cities"
            },
            "37": {
                "channel_id": "1",
                "real_end_date": null,
                "channel_label": "Display",
                "real_start_date": "2020-02-28 21:34:04",
                "label": "10027"
            },
            "31": {
                "channel_id": "1",
                "real_end_date": null,
                "channel_label": "Display",
                "real_start_date": "2020-02-17 21:38:10",
                "label": "10010_10_17_cities"
            }
        }
    }
}