TYPE,ARCHITECTURE_LAYER,SOURCE_ID,SOURCE_NAME,FILE_NAME,SRC_FIELD,TARGET_TABLE,ACTION,TARGET_O,TARGET_C,STATUS,SEVERITY,CONTEXT,CASCADE COL,EFFECTIVE_DATE,KNOWLEDGE_DATE,
ENV,PREPROCESSING,,NA,NA,s3://ai-00269001-processing-dev/,,BUCKET_NAME,NA,NA,NA,NA,NA,NA,NA,NA,NA
PRO,STAGING,,NA,NA,staging/dimsandfacts/ai_phone/*,,INPUT_PATH,,,,,,,,,
BPD,STAGING,,NA,NA,DIMENSION_PHONE,DIMENSION_TABLES,LIST,,,,,,,,,
,STAGING,,NA,NA,staging/dimsandfacts/ai_phone/*,DIMENSION_PHONE,INPUT_PATH,,,,,,,,,
PRO,STAGING,,NA,NA,staging/dimsandfacts/ai_phone/standardized_phone_1/,DIMENSION_PHONE,OUTPUT_PATH,,,,,,,,,
PRO,STAGING,,NA,NA,PHONE_O,DIMENSION_PHONE,rule_countrycoderemoval,PHONE_O,PHONE,,,,,,,
PRO,STAGING,,NA,NA,PHONE_1,DIMENSION_PHONE,MAIN_SELECTED_COLUMNS,,,,,,,,,
PRO,STAGING,,NA,NA,PHONE_2,DIMENSION_PHONE,MAIN_SELECTED_COLUMNS,,,,,,,,,
PRO,STAGING,,NA,NA,FAX_1,DIMENSION_PHONE,MAIN_SELECTED_COLUMNS,,,,,,,,,
PRO,STAGING,,NA,NA,FAX_2,DIMENSION_PHONE,MAIN_SELECTED_COLUMNS,,,,,,,,,
PRO,STAGING,,NA,NA,BILLINGCOUNTRYCODE,DIMENSION_PHONE,MAIN_SELECTED_COLUMNS,,,,,,,,,
PRO,STAGING,,NA,NA,PHONE_1,DIMENSION_PHONE,MAPPING_COLUMN,,PHONE_1,,,,,,,
PRO,STAGING,,NA,NA,PHONE_2,DIMENSION_PHONE,MAPPING_COLUMN,,PHONE_2,,,,,,,
PRO,STAGING,,NA,NA,FAX_1,DIMENSION_PHONE,MAPPING_COLUMN,,FAX_1,,,,,,,
PRO,STAGING,,NA,NA,FAX_2,DIMENSION_PHONE,MAPPING_COLUMN,,FAX_2,,,,,,,
PRO,STAGING,,NA,NA,BILLINGCOUNTRYCODE,DIMENSION_PHONE,MAPPING_COLUMN,,COUNTRY,,,,,,,
BPD,STAGING,,NA,NA,PHONE_1,DIMENSION_PHONE,TAG_VALUE_COLUMN,,PHONE_1,,,,,,,
BPD,STAGING,,NA,NA,PHONE_2,DIMENSION_PHONE,TAG_VALUE_COLUMN,,PHONE_2,,,,,,,
BPD,STAGING,,NA,NA,FAX_1,DIMENSION_PHONE,TAG_VALUE_COLUMN,,FAX_1,,,,,,,
BPD,STAGING,,NA,NA,FAX_2,DIMENSION_PHONE,TAG_VALUE_COLUMN,,FAX_2,,,,,,,
BPD,STAGING,,NA,NA,ID_NAME,DIMENSION_PHONE,TAG_VALUE_MEASURE_COLUMN_NAME,,,,,,,,,
BPD,STAGING,,NA,NA,PHONE_O,DIMENSION_PHONE,TAG_VALUE_MEASURE_COLUMN_NAME,,,,,,,,,
BPD,STAGING,,NA,NA,PHONE_O,DIMENSION_PHONE,EXCEPT_COLUMN,,,,,,,,,
BPD,STAGING,,NA,NA,COUNTRY,DIMENSION_PHONE,EXCEPT_COLUMN,,,,,,,,,
BPD,STAGING,,NA,NA,AI_PHONE_ID,DIMENSION_PHONE,SCHEMA,,,,,,,,,
BPD,STAGING,,NA,NA,PHONE,DIMENSION_PHONE,SCHEMA,,,,,,,,,
BPD,STAGING,,NA,NA,PHONE_O,DIMENSION_PHONE,SCHEMA,,,,,,,,,
BPD,STAGING,,NA,NA,COUNTRY,DIMENSION_PHONE,SCHEMA,,,,,,,,,
BPD,STAGING,,NA,NA,COUNTRY_CODE,DIMENSION_PHONE,SCHEMA,,,,,,,,,
BPD,STAGING,,NA,NA,EXTENSION,DIMENSION_PHONE,SCHEMA,,,,,,,,,
BPD,STAGING,,NA,NA,NATIONAL_NUMBER,DIMENSION_PHONE,SCHEMA,,,,,,,,,
BPD,STAGING,,NA,NA,QUALITY_RATING,DIMENSION_PHONE,SCHEMA,,,,,,,,,
BPD,STAGING,,NA,NA,AI_PHONE_ID,DIMENSION_PHONE,AUTOINCREMENT_COLUMN,,,,,,,,,
,,,,,,,,,,,,,,,,
BPD,STAGING,,NA,NA,PHONE_O,,,,,,,,,,,
BPD,STAGING,,NA,NA,TRUE,DIMENSION_PHONE,CALL_TO_GOOGLE_API_ACTIVE,,,,,,,,,
BPD,STAGING,,NA,NA,1,DIMENSION_PHONE,STANDARDIZATION_MIN_QUALITY_THRESHOLD,,,,,,,,,
BPD,STAGING,,NA,NA,INTERNATIONAL,DIMENSION_PHONE,PHONE_FORMAT,,,,,,,,,
BPD,STAGING,,NA,NA,staging/dimsandfacts/phone_std_logging/,DIMENSION_PHONE,STANDARDIZATION_LOGGING_PATH,,,,,,,,,
BPD,STAGING,,NA,NA,PHONE_O,DIMENSION_PHONE,LOGGING_SCHEMA,,,,,,,,,
BPD,STAGING,,NA,NA,VALIDITY,DIMENSION_PHONE,LOGGING_SCHEMA,,,,,,,,,
BPD,STAGING,,NA,NA,ERROR_MESSAGE,DIMENSION_PHONE,LOGGING_SCHEMA,,,,,,,,,
BPD,STAGING,,NA,NA,QUALITY_RATING,DIMENSION_PHONE,LOGGING_SCHEMA,,,,,,,,,
ENV,STAGING,,NA,NA,1,NA,GOOGLE_API_QUALITY_RATING,NA,NA,NA,NA,NA,NA,NA,NA,NA
ENV,STAGING,,NA,NA,common_lookup/Code_Code_Lookup/,NA,CODE_CODE_LOOKUP_PATH,,,,,,,,,
BPD,STAGING,,NA,NA,LongNameTo2DISOCode,DIMENSION_PHONE,CODE_CODE_OPERATION_TYPE,,,,,,,,,
