TYPE,ARCHITECTURE_LAYER,SOURCE_ID,SOURCE_NAME,FILE_NAME,SRC_FIELD,TARGET_TABLE,ACTION,TARGET_O,TARGET_C,,SEVERITY,CONTEXT,CASCADE COL,EFFECTIVE_DATE,KNOWLEDGE_DATE
ENV,STANDARDIZATION,NA,SFDC,NA,NA,NA,GOOGLE_API_QUALITY_RATING,,,,,,,,
ENV,STANDARDIZATION,NA,NA,NA,s3://ai-00269001-processing-dev/,NA,BUCKET_NAME,,,,,,,,
ENV,STAGETOSTANDARD,NA,NA,NA,s3://ai-00269001-processing-dev/,NA,BUCKET_NAME,,,,,,,,
,,,,,,,,,,,,,,,
BPD,STAGETOSTANDARD,NA,NA,NA,XREF_PARTY,STANDARD_TABLES,LIST,,,,,,,,
BPD,STAGETOSTANDARD,NA,NA,NA,DIMENSION_PARTY,STANDARD_TABLES,LIST,,,,,,,,
BPD,STAGETOSTANDARD,NA,NA,NA,DIMENSION_PHONE,STANDARD_TABLES,LIST,,,,,,,,
BPD,STAGETOSTANDARD,NA,NA,NA,DIMENSION_ADDRESS,STANDARD_TABLES,LIST,,,,,,,,
BPD,STAGETOSTANDARD,NA,NA,NA,DIMENSION_EMAIL,STANDARD_TABLES,LIST,,,,,,,,
BPD,STAGETOSTANDARD,NA,NA,NA,DIMENSION_URL,STANDARD_TABLES,LIST6,,,,,,,,
BPD,STAGETOSTANDARD,NA,NA,NA,RELATION_PARTY_PARTY,STANDARD_TABLES,LIST,,,,,,,,
BPD,STAGETOSTANDARD,NA,NA,NA,RELATION_PARTY_ADDRESS,STANDARD_TABLES,LIST,,,,,,,,
BPD,STAGETOSTANDARD,NA,NA,NA,RELATION_PARTY_PHONE,STANDARD_TABLES,LIST,,,,,,,,
BPD,STAGETOSTANDARD,NA,NA,NA,RELATION_PARTY_EMAIL,STANDARD_TABLES,LIST,,,,,,,,
BPD,STAGETOSTANDARD,NA,NA,NA,RELATION_PARTY_URL,STANDARD_TABLES,LIST11,,,,,,,,
BPD,STAGETOSTANDARD,NA,NA,NA,FACTS_COMPANYFACTS,STANDARD_TABLES,LIST,,,,,,,,
BPD,STAGETOSTANDARD,NA,NA,NA,FACTS_CONTACTFACTS,STANDARD_TABLES,LIST,,,,,,,,
BPD,STAGETOSTANDARD,NA,NA,NA,DIMENSION_HIERARCHY,STANDARD_TABLES,LIST14,,,,,,,,
,,,,,,,,,,,,,,,
BPD,STAGETOSTANDARD,NA,NA,NA,staging/xref_tables/partyxref/*,XREF_PARTY,INPUT_PATH1,,,,,,,,
BPD,STAGETOSTANDARD,NA,NA,NA,ai_party_xref,XREF_PARTY,TABLE_NAME1,,,,,,,,
BPD,STAGETOSTANDARD,NA,NA,NA,"select * from (select a.*, row_number()over(partition by a.ai_src_id, a.ai_party_id, a.id_name, a.id_value order by ai_effective_date desc, ai_knowledge_date desc, ai_batch_id desc, ai_run_datetime desc) as row_number from (
select * from ai_party_xref where ai_party_id not in (
select ai_party_id from ai_party_xref where inactive_flag=1) ) a )b where row_number = 1",XREF_PARTY,SQL_QUERY1,,,,,,,,
BPD,STAGETOSTANDARD,NA,NA,NA,standardization/xref_tables/partyxref/,XREF_PARTY,OUTPUT_PATH,,,,,,,,
BPD,STAGETOSTANDARD,NA,NA,NA,AI_BATCH_ID,XREF_PARTY,SCHEMA,,,,,,,,
BPD,STAGETOSTANDARD,NA,NA,NA,AI_SRC_ID,XREF_PARTY,SCHEMA,,,,,,,,
BPD,STAGETOSTANDARD,NA,NA,NA,AI_EFFECTIVE_DATE,XREF_PARTY,SCHEMA,,,,,,,,
BPD,STAGETOSTANDARD,NA,NA,NA,AI_KNOWLEDGE_DATE,XREF_PARTY,SCHEMA,,,,,,,,
BPD,STAGETOSTANDARD,NA,NA,NA,AI_PARTY_ID,XREF_PARTY,SCHEMA,,,,,,,,
BPD,STAGETOSTANDARD,NA,NA,NA,ID_NAME,XREF_PARTY,SCHEMA,,,,,,,,
BPD,STAGETOSTANDARD,NA,NA,NA,ID_VALUE,XREF_PARTY,SCHEMA,,,,,,,,
BPD,STAGETOSTANDARD,NA,NA,NA,INACTIVE_FLAG,XREF_PARTY,SCHEMA,,,,,,,,
,,,,,,,,,,,,,,,
,,,,,,,,,,,,,,,
BPD,STAGETOSTANDARD,NA,NA,NA,staging/dimsandfacts/ai_party/*,DIMENSION_PARTY,INPUT_PATH1,,,,,,,,
BPD,STAGETOSTANDARD,NA,NA,NA,ai_party,DIMENSION_PARTY,TABLE_NAME1,,,,,,,,
BPD,STAGETOSTANDARD,NA,NA,NA,"select * from (select a.*, row_number()over(partition by a.ai_src_id, a.ai_party_id order by ai_effective_date desc, ai_knowledge_date desc, ai_batch_id desc, ai_run_datetime desc) as row_number from (
select * from ai_party where ai_party_id not in (
select ai_party_id from ai_party where inactive_flag=1) ) a )b where row_number = 1",DIMENSION_PARTY,SQL_QUERY1,,,,,,,,
BPD,STAGETOSTANDARD,NA,NA,NA,standardization/dimsandfacts/ai_party/,DIMENSION_PARTY,OUTPUT_PATH,,,,,,,,
BPD,STAGETOSTANDARD,NA,NA,NA,AI_BATCH_ID,DIMENSION_PARTY,SCHEMA,,,,,,,,
BPD,STAGETOSTANDARD,NA,NA,NA,AI_SRC_ID,DIMENSION_PARTY,SCHEMA,,,,,,,,
BPD,STAGETOSTANDARD,NA,NA,NA,AI_EFFECTIVE_DATE,DIMENSION_PARTY,SCHEMA,,,,,,,,
BPD,STAGETOSTANDARD,NA,NA,NA,AI_KNOWLEDGE_DATE,DIMENSION_PARTY,SCHEMA,,,,,,,,
BPD,STAGETOSTANDARD,NA,NA,NA,AI_PARTY_ID,DIMENSION_PARTY,SCHEMA,,,,,,,,
BPD,STAGETOSTANDARD,NA,NA,NA,SRC_PARTY_ID,DIMENSION_PARTY,SCHEMA,,,,,,,,
BPD,STAGETOSTANDARD,NA,NA,NA,FIRST_NAME,DIMENSION_PARTY,SCHEMA,,,,,,,,
BPD,STAGETOSTANDARD,NA,NA,NA,MIDDLE_NAME,DIMENSION_PARTY,SCHEMA,,,,,,,,
BPD,STAGETOSTANDARD,NA,NA,NA,LAST_NAME,DIMENSION_PARTY,SCHEMA,,,,,,,,
BPD,STAGETOSTANDARD,NA,NA,NA,NAME,DIMENSION_PARTY,SCHEMA,,,,,,,,
BPD,STAGETOSTANDARD,NA,NA,NA,PARTY_TYPE,DIMENSION_PARTY,SCHEMA,,,,,,,,
BPD,STAGETOSTANDARD,NA,NA,NA,INACTIVE_FLAG,DIMENSION_PARTY,SCHEMA,,,,,,,,
,,,,,,,,,,,,,,,
,,,,,,,,,,,,,,,
BPD,STAGETOSTANDARD,NA,NA,NA,staging/dimsandfacts/ai_phone/*,DIMENSION_PHONE,INPUT_PATH1,,,,,,,,
BPD,STAGETOSTANDARD,NA,NA,NA,ai_phone,DIMENSION_PHONE,TABLE_NAME1,,,,,,,,
BPD,STAGETOSTANDARD,NA,NA,NA,"select e.* from
(select c.phone, min(c.ai_phone_id) as ai_phone_id ,c.country, c.quality_rating from
(select b.* from (select ai_phone_id, max(quality_rating) as quality_rating from ai_phone group by ai_phone_id order by quality_rating desc) a JOIN ai_phone b ON (a.ai_phone_id = b.ai_phone_id AND a.quality_rating = b.quality_rating) order by ai_phone_id) c group by c.phone, c.quality_rating, c.country) d JOIN ai_phone e on (d.ai_phone_id = e.ai_phone_id AND d.quality_rating = e.quality_rating AND d.country = e.country)",DIMENSION_PHONE,SQL_QUERY1,,,,,,,,
BPD,STAGETOSTANDARD,NA,NA,NA,standardization/dimsandfacts/ai_phone/,DIMENSION_PHONE,OUTPUT_PATH,,,,,,,,
BPD,STAGETOSTANDARD,NA,NA,NA,AI_PHONE_ID,DIMENSION_PHONE,SCHEMA,,,,,,,,
BPD,STAGETOSTANDARD,NA,NA,NA,PHONE,DIMENSION_PHONE,SCHEMA,,,,,,,,
BPD,STAGETOSTANDARD,NA,NA,NA,COUNTRY,DIMENSION_PHONE,SCHEMA,,,,,,,,
BPD,STAGETOSTANDARD,NA,NA,NA,COUNTRY_CODE,DIMENSION_PHONE,SCHEMA,,,,,,,,
BPD,STAGETOSTANDARD,NA,NA,NA,EXTENSION,DIMENSION_PHONE,SCHEMA,,,,,,,,
BPD,STAGETOSTANDARD,NA,NA,NA,NATIONAL_NUMBER,DIMENSION_PHONE,SCHEMA,,,,,,,,
BPD,STAGETOSTANDARD,NA,NA,NA,QUALITY_RATING,DIMENSION_PHONE,SCHEMA,,,,,,,,
BPD,STAGETOSTANDARD,NA,NA,NA,INACTIVE_FLAG,DIMENSION_PHONE,SCHEMA,,,,,,,,
,,,,,,,,,,,,,,,
BPD,STAGETOSTANDARD,NA,NA,NA,staging/dimsandfacts/ai_address/*,DIMENSION_ADDRESS,INPUT_PATH1,,,,,,,,
BPD,STAGETOSTANDARD,NA,NA,NA,ai_address,DIMENSION_ADDRESS,TABLE_NAME1,,,,,,,,
BPD,STAGETOSTANDARD,NA,NA,NA,"select e.* from
(select c.formatted_address, min(ai_address_id) as ai_address_id , c.quality_rating from
(select b.* from (select ai_address_id, max(quality_rating) as quality_rating from ai_address group by ai_address_id order by quality_rating desc) a JOIN ai_address b ON (a.ai_address_id = b.ai_address_id AND a.quality_rating = b.quality_rating) order by ai_address_id) c group by c.formatted_address, c.quality_rating ) d JOIN ai_address e on (d.ai_address_id = e.ai_address_id AND d.quality_rating = e.quality_rating)",DIMENSION_ADDRESS,SQL_QUERY1,,,,,,,,
BPD,STAGETOSTANDARD,NA,NA,NA,standardization/dimsandfacts/ai_address/,DIMENSION_ADDRESS,OUTPUT_PATH,,,,,,,,
BPD,STAGETOSTANDARD,NA,NA,NA,AI_ADDRESS_ID,DIMENSION_ADDRESS,SCHEMA,,,,,,,,
BPD,STAGETOSTANDARD,NA,NA,NA,FORMATTED_ADDRESS,DIMENSION_ADDRESS,SCHEMA,,,,,,,,
BPD,STAGETOSTANDARD,NA,NA,NA,PREMISE,DIMENSION_ADDRESS,SCHEMA,,,,,,,,
BPD,STAGETOSTANDARD,NA,NA,NA,SUB_PREMISE,DIMENSION_ADDRESS,SCHEMA,,,,,,,,
BPD,STAGETOSTANDARD,NA,NA,NA,STREET_NUMBER,DIMENSION_ADDRESS,SCHEMA,,,,,,,,
BPD,STAGETOSTANDARD,NA,NA,NA,ROUTE,DIMENSION_ADDRESS,SCHEMA,,,,,,,,
BPD,STAGETOSTANDARD,NA,NA,NA,LOCALITY,DIMENSION_ADDRESS,SCHEMA,,,,,,,,
BPD,STAGETOSTANDARD,NA,NA,NA,ADMINISTRATIVE_AREA_LEVEL_2,DIMENSION_ADDRESS,SCHEMA,,,,,,,,
BPD,STAGETOSTANDARD,NA,NA,NA,ADMINISTRATIVE_AREA_LEVEL_1,DIMENSION_ADDRESS,SCHEMA,,,,,,,,
BPD,STAGETOSTANDARD,NA,NA,NA,COUNTRY,DIMENSION_ADDRESS,SCHEMA,,,,,,,,
BPD,STAGETOSTANDARD,NA,NA,NA,POSTAL_CODE,DIMENSION_ADDRESS,SCHEMA,,,,,,,,
BPD,STAGETOSTANDARD,NA,NA,NA,POSTAL_CODE_SUFFIX,DIMENSION_ADDRESS,SCHEMA,,,,,,,,
BPD,STAGETOSTANDARD,NA,NA,NA,LATITUDE,DIMENSION_ADDRESS,SCHEMA,,,,,,,,
BPD,STAGETOSTANDARD,NA,NA,NA,LONGITUDE,DIMENSION_ADDRESS,SCHEMA,,,,,,,,
BPD,STAGETOSTANDARD,NA,NA,NA,QUALITY_RATING,DIMENSION_ADDRESS,SCHEMA,,,,,,,,
BPD,STAGETOSTANDARD,NA,NA,NA,INACTIVE_FLAG,DIMENSION_ADDRESS,SCHEMA,,,,,,,,
,,,,,,,,,,,,,,,
BPD,STAGETOSTANDARD,NA,NA,NA,staging/dimsandfacts/ai_email/*,DIMENSION_EMAIL,INPUT_PATH1,,,,,,,,
BPD,STAGETOSTANDARD,NA,NA,NA,ai_email,DIMENSION_EMAIL,TABLE_NAME1,,,,,,,,
BPD,STAGETOSTANDARD,NA,NA,NA,select * from ai_email,DIMENSION_EMAIL,SQL_QUERY1,,,,,,,,
BPD,STAGETOSTANDARD,NA,NA,NA,standardization/dimsandfacts/ai_email/,DIMENSION_EMAIL,OUTPUT_PATH,,,,,,,,
BPD,STAGETOSTANDARD,NA,NA,NA,AI_EMAIL_ID,DIMENSION_EMAIL,SCHEMA,,,,,,,,
BPD,STAGETOSTANDARD,NA,NA,NA,EMAIL,DIMENSION_EMAIL,SCHEMA,,,,,,,,
BPD,STAGETOSTANDARD,NA,NA,NA,INACTIVE_FLAG,DIMENSION_EMAIL,SCHEMA,,,,,,,,
,,,,,,,,,,,,,,,
BPD,STAGETOSTANDARD,NA,NA,NA,staging/dimsandfacts/ai_url/*,DIMENSION_URL,INPUT_PATH1,,,,,,,,
BPD,STAGETOSTANDARD,NA,NA,NA,ai_url,DIMENSION_URL,TABLE_NAME1,,,,,,,,
BPD,STAGETOSTANDARD,NA,NA,NA,select * from ai_url,DIMENSION_URL,SQL_QUERY1,,,,,,,,
BPD,STAGETOSTANDARD,NA,NA,NA,standardization/dimsandfacts/ai_url/,DIMENSION_URL,OUTPUT_PATH,,,,,,,,
BPD,STAGETOSTANDARD,NA,NA,NA,AI_URL_ID,DIMENSION_URL,SCHEMA,,,,,,,,
BPD,STAGETOSTANDARD,NA,NA,NA,URL,DIMENSION_URL,SCHEMA,,,,,,,,
BPD,STAGETOSTANDARD,NA,NA,NA,INACTIVE_FLAG,DIMENSION_URL,SCHEMA,,,,,,,,
,,,,,,,,,,,,,,,
BPD,STAGETOSTANDARD,NA,NA,NA,staging/relation/ai_rel_party_party/*,RELATION_PARTY_PARTY,INPUT_PATH1,,,,,,,,
BPD,STAGETOSTANDARD,NA,NA,NA,ai_rel_party_party,RELATION_PARTY_PARTY,TABLE_NAME1,,,,,,,,
BPD,STAGETOSTANDARD,NA,NA,NA,"select b.* from (select a.*, row_number()over(partition by a.ai_party_id, a.ai_src_id, a.ai_rel_party_id, a.REL_TYPE order by ai_effective_date desc, ai_knowledge_date desc, ai_batch_id desc, ai_run_datetime desc) as row_number from (
select * from ai_rel_party_party where ai_party_id not in (
select ai_party_id from ai_rel_party_party where inactive_flag=1) ) a )b where row_number = 1",RELATION_PARTY_PARTY,SQL_QUERY1,,,,,,,,
BPD,STAGETOSTANDARD,NA,NA,NA,standardization/relation/ai_rel_party_party/,RELATION_PARTY_PARTY,OUTPUT_PATH,,,,,,,,
BPD,STAGETOSTANDARD,NA,NA,NA,AI_BATCH_ID,RELATION_PARTY_PARTY,SCHEMA,,,,,,,,
BPD,STAGETOSTANDARD,NA,NA,NA,AI_SRC_ID,RELATION_PARTY_PARTY,SCHEMA,,,,,,,,
BPD,STAGETOSTANDARD,NA,NA,NA,AI_EFFECTIVE_DATE,RELATION_PARTY_PARTY,SCHEMA,,,,,,,,
BPD,STAGETOSTANDARD,NA,NA,NA,AI_KNOWLEDGE_DATE,RELATION_PARTY_PARTY,SCHEMA,,,,,,,,
BPD,STAGETOSTANDARD,NA,NA,NA,AI_PARTY_ID,RELATION_PARTY_PARTY,SCHEMA,,,,,,,,
BPD,STAGETOSTANDARD,NA,NA,NA,AI_REL_PARTY_ID,RELATION_PARTY_PARTY,SCHEMA,,,,,,,,
BPD,STAGETOSTANDARD,NA,NA,NA,REL_TYPE,RELATION_PARTY_PARTY,SCHEMA,,,,,,,,
BPD,STAGETOSTANDARD,NA,NA,NA,AI_REL_PARTY_PARTY_SEQ,RELATION_PARTY_PARTY,SCHEMA,,,,,,,,
BPD,STAGETOSTANDARD,NA,NA,NA,INACTIVE_FLAG,RELATION_PARTY_PARTY,SCHEMA,,,,,,,,
,,,,,,,,,,,,,,,
BPD,STAGETOSTANDARD,NA,NA,NA,staging/relation/ai_rel_party_address/*,RELATION_PARTY_ADDRESS,INPUT_PATH1,,,,,,,,
BPD,STAGETOSTANDARD,NA,NA,NA,ai_rel_party_address,RELATION_PARTY_ADDRESS,TABLE_NAME1,,,,,,,,
BPD,STAGETOSTANDARD,NA,NA,NA,staging/dimsandfacts/ai_address/*,RELATION_PARTY_ADDRESS,INPUT_PATH2,,,,,,,,
BPD,STAGETOSTANDARD,NA,NA,NA,ai_address,RELATION_PARTY_ADDRESS,TABLE_NAME2,,,,,,,,
BPD,STAGETOSTANDARD,NA,NA,NA,"select rela.ai_batch_id,rela.ai_src_id, rela.ai_effective_date, rela.ai_knowledge_date, rela.ai_party_id, addr.ai_address_id, rela.rel_type, rela.ai_rel_party_address_seq, rela.formatted_address, rela.ai_run_datetime, rela.inactive_flag, rela.notes from  
(select rel.*, address.formatted_address from 
(select b.* from (select a.*, row_number()over(partition by a.ai_party_id, a.ai_src_id, a.AI_ADDRESS_ID, a.REL_TYPE order by ai_effective_date desc, ai_knowledge_date desc, ai_batch_id desc, ai_party_id) as row_number from (
select * from ai_rel_party_address where ai_party_id not in (
select ai_party_id from ai_rel_party_address where inactive_flag=1) ) a )b where row_number = 1) rel JOIN (select bb.* from (select ai_address_id, max(quality_rating) as quality_rating from ai_address group by ai_address_id order by quality_rating desc) aa JOIN ai_address bb ON (aa.ai_address_id = bb.ai_address_id AND aa.quality_rating = bb.quality_rating) order by ai_address_id) address ON (rel.ai_address_id  = address.ai_address_id)) rela
left join 
(select e.* from
(select c.formatted_address, min(ai_address_id) as ai_address_id , c.quality_rating from
(select b.* from (select ai_address_id, max(quality_rating) as quality_rating from ai_address group by ai_address_id order by quality_rating desc) a JOIN ai_address b ON (a.ai_address_id = b.ai_address_id AND a.quality_rating = b.quality_rating) order by ai_address_id) c group by c.formatted_address, c.quality_rating ) d JOIN ai_address e on (d.ai_address_id = e.ai_address_id AND d.quality_rating = e.quality_rating)) addr
on (rela.formatted_address = addr.formatted_address)",RELATION_PARTY_ADDRESS,SQL_QUERY1,,,,,,,,
BPD,STAGETOSTANDARD,NA,NA,NA,standardization/relation/ai_rel_party_address/,RELATION_PARTY_ADDRESS,OUTPUT_PATH,,,,,,,,
BPD,STAGETOSTANDARD,NA,NA,NA,AI_BATCH_ID,RELATION_PARTY_ADDRESS,SCHEMA,,,,,,,,
BPD,STAGETOSTANDARD,NA,NA,NA,AI_SRC_ID,RELATION_PARTY_ADDRESS,SCHEMA,,,,,,,,
BPD,STAGETOSTANDARD,NA,NA,NA,AI_EFFECTIVE_DATE,RELATION_PARTY_ADDRESS,SCHEMA,,,,,,,,
BPD,STAGETOSTANDARD,NA,NA,NA,AI_KNOWLEDGE_DATE,RELATION_PARTY_ADDRESS,SCHEMA,,,,,,,,
BPD,STAGETOSTANDARD,NA,NA,NA,AI_PARTY_ID,RELATION_PARTY_ADDRESS,SCHEMA,,,,,,,,
BPD,STAGETOSTANDARD,NA,NA,NA,AI_ADDRESS_ID,RELATION_PARTY_ADDRESS,SCHEMA,,,,,,,,
BPD,STAGETOSTANDARD,NA,NA,NA,REL_TYPE,RELATION_PARTY_ADDRESS,SCHEMA,,,,,,,,
BPD,STAGETOSTANDARD,NA,NA,NA,AI_REL_PARTY_ADDRESS_SEQ,RELATION_PARTY_ADDRESS,SCHEMA,,,,,,,,
BPD,STAGETOSTANDARD,NA,NA,NA,FORMATTED_ADDRESS,RELATION_PARTY_ADDRESS,SCHEMA,,,,,,,,
BPD,STAGETOSTANDARD,NA,NA,NA,INACTIVE_FLAG,RELATION_PARTY_ADDRESS,SCHEMA,,,,,,,,
BPD,STAGETOSTANDARD,NA,NA,NA,NOTES,RELATION_PARTY_ADDRESS,SCHEMA,,,,,,,,
,,,,,,,,,,,,,,,
BPD,STAGETOSTANDARD,NA,NA,NA,staging/relation/ai_rel_party_phone/*,RELATION_PARTY_PHONE,INPUT_PATH1,,,,,,,,
BPD,STAGETOSTANDARD,NA,NA,NA,ai_rel_party_phone,RELATION_PARTY_PHONE,TABLE_NAME1,,,,,,,,
BPD,STAGETOSTANDARD,NA,NA,NA,staging/dimsandfacts/ai_phone/*,RELATION_PARTY_PHONE,INPUT_PATH2,,,,,,,,
BPD,STAGETOSTANDARD,NA,NA,NA,ai_phone,RELATION_PARTY_PHONE,TABLE_NAME2,,,,,,,,
BPD,STAGETOSTANDARD,NA,NA,NA,"select rela.ai_batch_id,rela.ai_src_id, rela.ai_effective_date, rela.ai_knowledge_date, rela.ai_party_id, phone.ai_phone_id,phone.country, rela.rel_type, rela.ai_rel_party_phone_seq, rela.phone, rela.inactive_flag, rela.ai_run_datetime from  
(select rel.*, phone_dim.phone, phone_dim.country from 
(select b.* from (select a.*, row_number()over(partition by a.ai_party_id, a.ai_src_id, a.AI_PHONE_ID, a.REL_TYPE order by ai_effective_date desc, ai_knowledge_date desc, ai_batch_id desc) as row_number from (
select * from ai_rel_party_phone where ai_party_id not in (
select ai_party_id from ai_rel_party_phone where inactive_flag=1) ) a )b where row_number = 1) rel JOIN (select bb.* from (select ai_phone_id, max(quality_rating) as quality_rating from ai_phone group by ai_phone_id order by quality_rating desc) aa JOIN ai_phone bb ON (aa.ai_phone_id = bb.ai_phone_id AND aa.quality_rating = bb.quality_rating) order by ai_phone_id) phone_dim ON (rel.ai_phone_id  = phone_dim.ai_phone_id)) rela
left join 
(select e.* from
(select c.phone, min(ai_phone_id) as ai_phone_id , c.quality_rating from
(select b.* from (select ai_phone_id, max(quality_rating) as quality_rating from ai_phone group by ai_phone_id order by quality_rating desc) a JOIN ai_phone b ON (a.ai_phone_id = b.ai_phone_id AND a.quality_rating = b.quality_rating) order by ai_phone_id) c group by c.phone, c.quality_rating ) d JOIN ai_phone e on (d.ai_phone_id = e.ai_phone_id AND d.quality_rating = e.quality_rating)) phone
on (rela.phone = phone.phone and rela.country=phone.country)",RELATION_PARTY_PHONE,SQL_QUERY1,,,,,,,,
BPD,STAGETOSTANDARD,NA,NA,NA,standardization/relation/ai_rel_party_phone/,RELATION_PARTY_PHONE,OUTPUT_PATH,,,,,,,,
BPD,STAGETOSTANDARD,NA,NA,NA,AI_BATCH_ID,RELATION_PARTY_PHONE,SCHEMA,,,,,,,,
BPD,STAGETOSTANDARD,NA,NA,NA,AI_SRC_ID,RELATION_PARTY_PHONE,SCHEMA,,,,,,,,
BPD,STAGETOSTANDARD,NA,NA,NA,AI_EFFECTIVE_DATE,RELATION_PARTY_PHONE,SCHEMA,,,,,,,,
BPD,STAGETOSTANDARD,NA,NA,NA,AI_KNOWLEDGE_DATE,RELATION_PARTY_PHONE,SCHEMA,,,,,,,,
BPD,STAGETOSTANDARD,NA,NA,NA,AI_PARTY_ID,RELATION_PARTY_PHONE,SCHEMA,,,,,,,,
BPD,STAGETOSTANDARD,NA,NA,NA,AI_PHONE_ID,RELATION_PARTY_PHONE,SCHEMA,,,,,,,,
BPD,STAGETOSTANDARD,NA,NA,NA,REL_TYPE,RELATION_PARTY_PHONE,SCHEMA,,,,,,,,
BPD,STAGETOSTANDARD,NA,NA,NA,AI_REL_PARTY_PHONE_SEQ,RELATION_PARTY_PHONE,SCHEMA,,,,,,,,
BPD,STAGETOSTANDARD,NA,NA,NA,INACTIVE_FLAG,RELATION_PARTY_PHONE,SCHEMA,,,,,,,,
,,,,,,,,,,,,,,,
,,,,,,,,,,,,,,,
BPD,STAGETOSTANDARD,NA,NA,NA,staging/relation/ai_rel_party_email/*,RELATION_PARTY_EMAIL,INPUT_PATH1,,,,,,,,
BPD,STAGETOSTANDARD,NA,NA,NA,ai_rel_party_email,RELATION_PARTY_EMAIL,TABLE_NAME1,,,,,,,,
BPD,STAGETOSTANDARD,NA,NA,NA,"select b.* from (select a.*, row_number()over(partition by a.ai_party_id, a.ai_src_id, a.ai_email_id, a.REL_TYPE order by ai_effective_date desc, ai_knowledge_date desc, ai_batch_id desc, ai_run_datetime desc) as row_number from (
select * from ai_rel_party_email where ai_party_id not in (
select ai_party_id from ai_rel_party_email where inactive_flag=1) ) a )b where row_number = 1",RELATION_PARTY_EMAIL,SQL_QUERY1,,,,,,,,
BPD,STAGETOSTANDARD,NA,NA,NA,standardization/relation/ai_rel_party_email/,RELATION_PARTY_EMAIL,OUTPUT_PATH,,,,,,,,
BPD,STAGETOSTANDARD,NA,NA,NA,AI_BATCH_ID,RELATION_PARTY_EMAIL,SCHEMA,,,,,,,,
BPD,STAGETOSTANDARD,NA,NA,NA,AI_SRC_ID,RELATION_PARTY_EMAIL,SCHEMA,,,,,,,,
BPD,STAGETOSTANDARD,NA,NA,NA,AI_EFFECTIVE_DATE,RELATION_PARTY_EMAIL,SCHEMA,,,,,,,,
BPD,STAGETOSTANDARD,NA,NA,NA,AI_KNOWLEDGE_DATE,RELATION_PARTY_EMAIL,SCHEMA,,,,,,,,
BPD,STAGETOSTANDARD,NA,NA,NA,AI_PARTY_ID,RELATION_PARTY_EMAIL,SCHEMA,,,,,,,,
BPD,STAGETOSTANDARD,NA,NA,NA,AI_EMAIL_ID,RELATION_PARTY_EMAIL,SCHEMA,,,,,,,,
BPD,STAGETOSTANDARD,NA,NA,NA,REL_TYPE,RELATION_PARTY_EMAIL,SCHEMA,,,,,,,,
BPD,STAGETOSTANDARD,NA,NA,NA,AI_REL_PARTY_EMAIL_SEQ,RELATION_PARTY_EMAIL,SCHEMA,,,,,,,,
BPD,STAGETOSTANDARD,NA,NA,NA,INACTIVE_FLAG,RELATION_PARTY_EMAIL,SCHEMA,,,,,,,,
,,,,,,,,,,,,,,,
,,,,,,,,,,,,,,,
BPD,STAGETOSTANDARD,NA,NA,NA,staging/relation/ai_rel_party_url/*,RELATION_PARTY_URL,INPUT_PATH1,,,,,,,,
BPD,STAGETOSTANDARD,NA,NA,NA,ai_rel_party_url,RELATION_PARTY_URL,TABLE_NAME1,,,,,,,,
BPD,STAGETOSTANDARD,NA,NA,NA,"select b.* from (select a.*, row_number()over(partition by a.ai_party_id, a.ai_src_id, a.ai_url_id, a.REL_TYPE order by ai_effective_date desc, ai_knowledge_date desc, ai_batch_id desc, ai_run_datetime desc) as row_number from (
select * from ai_rel_party_url where ai_party_id not in (
select ai_party_id from ai_rel_party_url where inactive_flag=1) ) a )b where row_number = 1",RELATION_PARTY_URL,SQL_QUERY1,,,,,,,,
BPD,STAGETOSTANDARD,NA,NA,NA,standardization/relation/ai_rel_party_url/,RELATION_PARTY_URL,OUTPUT_PATH,,,,,,,,
BPD,STAGETOSTANDARD,NA,NA,NA,AI_BATCH_ID,RELATION_PARTY_URL,SCHEMA,,,,,,,,
BPD,STAGETOSTANDARD,NA,NA,NA,AI_SRC_ID,RELATION_PARTY_URL,SCHEMA,,,,,,,,
BPD,STAGETOSTANDARD,NA,NA,NA,AI_EFFECTIVE_DATE,RELATION_PARTY_URL,SCHEMA,,,,,,,,
BPD,STAGETOSTANDARD,NA,NA,NA,AI_KNOWLEDGE_DATE,RELATION_PARTY_URL,SCHEMA,,,,,,,,
BPD,STAGETOSTANDARD,NA,NA,NA,AI_PARTY_ID,RELATION_PARTY_URL,SCHEMA,,,,,,,,
BPD,STAGETOSTANDARD,NA,NA,NA,AI_URL_ID,RELATION_PARTY_URL,SCHEMA,,,,,,,,
BPD,STAGETOSTANDARD,NA,NA,NA,REL_TYPE,RELATION_PARTY_URL,SCHEMA,,,,,,,,
BPD,STAGETOSTANDARD,NA,NA,NA,AI_REL_PARTY_URL_SEQ,RELATION_PARTY_URL,SCHEMA,,,,,,,,
BPD,STAGETOSTANDARD,NA,NA,NA,INACTIVE_FLAG,RELATION_PARTY_URL,SCHEMA,,,,,,,,
,,,,,,,,,,,,,,,
,,,,,,,,,,,,,,,
BPD,STAGETOSTANDARD,NA,NA,NA,staging/dimsandfacts/ai_company_fct/*,FACTS_COMPANYFACTS,INPUT_PATH1,,,,,,,,
BPD,STAGETOSTANDARD,NA,NA,NA,ai_company_fct,FACTS_COMPANYFACTS,TABLE_NAME1,,,,,,,,
BPD,STAGETOSTANDARD,NA,NA,NA,"select * from (select a.*, row_number()over(partition by a.ai_src_id, a.ai_party_id, a.ai_measure_name order by ai_effective_date desc, ai_knowledge_date desc, ai_batch_id desc, ai_run_datetime desc) as row_number from (
select * from ai_company_fct where ai_party_id not in (
select ai_party_id from ai_company_fct where inactive_flag=1) ) a )b where row_number = 1",FACTS_COMPANYFACTS,SQL_QUERY1,,,,,,,,
BPD,STAGETOSTANDARD,NA,NA,NA,standardization/dimsandfacts/ai_company_fct/,FACTS_COMPANYFACTS,OUTPUT_PATH,,,,,,,,
BPD,STAGETOSTANDARD,NA,NA,NA,AI_BATCH_ID,FACTS_COMPANYFACTS,SCHEMA,,,,,,,,
BPD,STAGETOSTANDARD,NA,NA,NA,AI_SRC_ID,FACTS_COMPANYFACTS,SCHEMA,,,,,,,,
BPD,STAGETOSTANDARD,NA,NA,NA,AI_EFFECTIVE_DATE,FACTS_COMPANYFACTS,SCHEMA,,,,,,,,
BPD,STAGETOSTANDARD,NA,NA,NA,AI_KNOWLEDGE_DATE,FACTS_COMPANYFACTS,SCHEMA,,,,,,,,
BPD,STAGETOSTANDARD,NA,NA,NA,AI_PARTY_ID,FACTS_COMPANYFACTS,SCHEMA,,,,,,,,
BPD,STAGETOSTANDARD,NA,NA,NA,AI_MEASURE_NAME,FACTS_COMPANYFACTS,SCHEMA,,,,,,,,
BPD,STAGETOSTANDARD,NA,NA,NA,AI_MEASURE_VALUE,FACTS_COMPANYFACTS,SCHEMA,,,,,,,,
BPD,STAGETOSTANDARD,NA,NA,NA,INACTIVE_FLAG,FACTS_COMPANYFACTS,SCHEMA,,,,,,,,
,,,,,,,,,,,,,,,
,,,,,,,,,,,,,,,
BPD,STAGETOSTANDARD,NA,NA,NA,staging/dimsandfacts/ai_contact_fct/*,FACTS_CONTACTFACTS,INPUT_PATH1,,,,,,,,
BPD,STAGETOSTANDARD,NA,NA,NA,ai_contact_fct,FACTS_CONTACTFACTS,TABLE_NAME1,,,,,,,,
BPD,STAGETOSTANDARD,NA,NA,NA,"select * from (select a.*, row_number()over(partition by a.ai_src_id, a.ai_party_id, a.ai_measure_name order by ai_effective_date desc, ai_knowledge_date desc, ai_batch_id desc, ai_run_datetime desc) as row_number from (
select * from ai_contact_fct where ai_party_id not in (
select ai_party_id from ai_contact_fct where inactive_flag=1) ) a )b where row_number = 1",FACTS_CONTACTFACTS,SQL_QUERY1,,,,,,,,
BPD,STAGETOSTANDARD,NA,NA,NA,standardization/dimsandfacts/ai_contact_fct/,FACTS_CONTACTFACTS,OUTPUT_PATH,,,,,,,,
BPD,STAGETOSTANDARD,NA,NA,NA,AI_BATCH_ID,FACTS_CONTACTFACTS,SCHEMA,,,,,,,,
BPD,STAGETOSTANDARD,NA,NA,NA,AI_SRC_ID,FACTS_CONTACTFACTS,SCHEMA,,,,,,,,
BPD,STAGETOSTANDARD,NA,NA,NA,AI_EFFECTIVE_DATE,FACTS_CONTACTFACTS,SCHEMA,,,,,,,,
BPD,STAGETOSTANDARD,NA,NA,NA,AI_KNOWLEDGE_DATE,FACTS_CONTACTFACTS,SCHEMA,,,,,,,,
BPD,STAGETOSTANDARD,NA,NA,NA,AI_PARTY_ID,FACTS_CONTACTFACTS,SCHEMA,,,,,,,,
BPD,STAGETOSTANDARD,NA,NA,NA,AI_MEASURE_NAME,FACTS_CONTACTFACTS,SCHEMA,,,,,,,,
BPD,STAGETOSTANDARD,NA,NA,NA,AI_MEASURE_VALUE,FACTS_CONTACTFACTS,SCHEMA,,,,,,,,
BPD,STAGETOSTANDARD,NA,NA,NA,INACTIVE_FLAG,FACTS_CONTACTFACTS,SCHEMA,,,,,,,,
,,,,,,,,,,,,,,,
BPD,STAGETOSTANDARD,NA,NA,NA,staging/dimsandfacts/ai_hierarchy/*,DIMENSION_HIERARCHY,INPUT_PATH1,,,,,,,,
BPD,STAGETOSTANDARD,NA,NA,NA,ai_hierarchy,DIMENSION_HIERARCHY,TABLE_NAME1,,,,,,,,
BPD,STAGETOSTANDARD,NA,NA,NA,select * from ai_hierarchy,DIMENSION_HIERARCHY,SQL_QUERY1,,,,,,,,
BPD,STAGETOSTANDARD,NA,NA,NA,standardization/dimsandfacts/ai_hierarchy/,DIMENSION_HIERARCHY,OUTPUT_PATH,,,,,,,,
BPD,STAGETOSTANDARD,NA,NA,NA,AI_BATCH_ID,DIMENSION_HIERARCHY,SCHEMA,,,,,,,,
BPD,STAGETOSTANDARD,NA,NA,NA,AI_SRC_ID,DIMENSION_HIERARCHY,SCHEMA,,,,,,,,
BPD,STAGETOSTANDARD,NA,NA,NA,AI_EFFECTIVE_DATE ,DIMENSION_HIERARCHY,SCHEMA,,,,,,,,
BPD,STAGETOSTANDARD,NA,NA,NA,AI_KNOWLEDGE_DATE,DIMENSION_HIERARCHY,SCHEMA,,,,,,,,
BPD,STAGETOSTANDARD,NA,NA,NA,AI_PARTY_ID,DIMENSION_HIERARCHY,SCHEMA,,,,,,,,
BPD,STAGETOSTANDARD,NA,NA,NA,HIERARCHY_LEVEL,DIMENSION_HIERARCHY,SCHEMA,,,,,,,,
