{
   "results" : [
      {
         "access_points" : [],
         "address_components" : [
            {
               "long_name" : "4640",
               "short_name" : "4640",
               "types" : [ "street_number" ]
            },
            {
               "long_name" : "Admiralty Way",
               "short_name" : "Admiralty Way",
               "types" : [ "route" ]
            },
            {
               "long_name" : "Marina del Rey",
               "short_name" : "Marina Del Rey",
               "types" : [ "locality", "political" ]
            },
            {
               "long_name" : "Los Angeles County",
               "short_name" : "Los Angeles County",
               "types" : [ "administrative_area_level_2", "political" ]
            },
            {
               "long_name" : "California",
               "short_name" : "CA",
               "types" : [ "administrative_area_level_1", "political" ]
            },
            {
               "long_name" : "United States",
               "short_name" : "US",
               "types" : [ "country", "political" ]
            },
            {
               "long_name" : "90292",
               "short_name" : "90292",
               "types" : [ "postal_code" ]
            }
         ],
         "formatted_address" : "4640 Admiralty Way, Marina Del Rey, CA 90292, USA",
         "geometry" : {
            "location" : {
               "lat" : 33.9811692,
               "lng" : -118.4400187
            },
            "location_type" : "ROOFTOP",
            "viewport" : {
               "northeast" : {
                  "lat" : 33.9825181802915,
                  "lng" : -118.4386697197085
               },
               "southwest" : {
                  "lat" : 33.9798202197085,
                  "lng" : -118.4413676802915
               }
            }
         },
         "place_id" : "ChIJ05CwmoC6woARMgFmQchmoXU",
         "plus_code" : {
            "compound_code" : "XHJ5+FX Marina del Rey, CA, United States",
            "global_code" : "8553XHJ5+FX"
         },
         "types" : [ "establishment", "parking", "point_of_interest" ]
      }
   ],
   "status" : "OK"
}