job_id,job_name,op_id,op_order,active_flag
,,,,
4400,CANDIDATE_PROJECT_CDM,4401,1,Y
4400,CANDIDATE_PROJECT_CDM,4402,2,Y
4400,CANDIDATE_PROJECT_CDM,4403,3,Y
4400,CANDIDATE_PROJECT_CDM,4404,4,Y
4400,CANDIDATE_PROJECT_CDM,4405,5,Y
4400,CANDIDATE_PROJECT_CDM,4406,6,Y
4400,CANDIDATE_PROJECT_CDM,4407,7,Y
,,,,
5000,DRUG_PROGRAM_CDM,5001,1,Y
5000,DRUG_PROGRAM_CDM,5002,2,Y
5000,DRUG_PROGRAM_CDM,5003,3,Y
5000,DRUG_PROGRAM_CDM,5004,4,Y
5000,DRUG_PROGRAM_CDM,5005,5,Y
5000,DRUG_PROGRAM_CDM,5006,6,Y
,,,,
5200,STUDY_CDM,5201,1,Y
5200,STUDY_CDM,5202,2,Y
5200,STUDY_CDM,5203,3,Y
5200,STUDY_CDM,5204,4,Y
5200,STUDY_CDM,5205,5,Y
5200,STUDY_CDM,5206,6,Y
5200,STUDY_CDM,5207,7,Y
5200,STUDY_CDM,5208,8,Y
5200,STUDY_CDM,5209,9,Y
5200,STUDY_CDM,5210,10,Y
,,,,
5400,STUDY_GOAL_CDM,5401,1,Y
5400,STUDY_GOAL_CDM,5402,2,Y
5400,STUDY_GOAL_CDM,5403,3,Y
5400,STUDY_GOAL_CDM,5404,4,Y
5400,STUDY_GOAL_CDM,5405,5,Y
5400,STUDY_GOAL_CDM,5406,6,Y
,,,,
5600,STUDY_SITE_CDM,5601,1,Y
5600,STUDY_SITE_CDM,5602,2,Y
5600,STUDY_SITE_CDM,5603,3,Y
5600,STUDY_SITE_CDM,5604,4,Y
5600,STUDY_SITE_CDM,5605,5,Y
5600,STUDY_SITE_CDM,5606,6,Y
5600,STUDY_SITE_CDM,5607,7,Y
5600,STUDY_SITE_CDM,5608,8,Y
5600,STUDY_SITE_CDM,5609,9,Y
5600,STUDY_SITE_CDM,5610,10,Y
5600,STUDY_SITE_CDM,5611,11,Y
5600,STUDY_SITE_CDM,5612,12,Y
5600,STUDY_SITE_CDM,5613,13,Y
5600,STUDY_SITE_CDM,5614,14,Y
5600,STUDY_SITE_CDM,5615,15,Y
5600,STUDY_SITE_CDM,5616,16,Y
5600,STUDY_SITE_CDM,5617,17,Y
,,,,
5800,STUDY_MILESTONE_CDM,5801,1,Y
5800,STUDY_MILESTONE_CDM,5802,2,Y
5800,STUDY_MILESTONE_CDM,5803,3,Y
5800,STUDY_MILESTONE_CDM,5804,4,Y
5800,STUDY_MILESTONE_CDM,5805,5,Y
5800,STUDY_MILESTONE_CDM,5806,6,Y
5800,STUDY_MILESTONE_CDM,5807,7,Y
,,,,
6000,STUDY_CONTACT_CDM,6001,1,Y
6000,STUDY_CONTACT_CDM,6002,2,N
6000,STUDY_CONTACT_CDM,6003,3,Y
6000,STUDY_CONTACT_CDM,6004,4,Y
6000,STUDY_CONTACT_CDM,6005,5,Y
6000,STUDY_CONTACT_CDM,6006,6,Y
6000,STUDY_CONTACT_CDM,6007,7,Y
6000,STUDY_CONTACT_CDM,6008,8,Y
6000,STUDY_CONTACT_CDM,6009,9,Y
6000,STUDY_CONTACT_CDM,6010,10,Y
6000,STUDY_CONTACT_CDM,6011,11,Y
6000,STUDY_CONTACT_CDM,6012,12,Y
6000,STUDY_CONTACT_CDM,6013,13,Y
6000,STUDY_CONTACT_CDM,6014,14,Y
6000,STUDY_CONTACT_CDM,6015,15,Y
,,,,
6200,STUDY_OPERATIONAL_CDM,6201,1,Y
6200,STUDY_OPERATIONAL_CDM,6202,2,Y
6200,STUDY_OPERATIONAL_CDM,6203,3,Y
6200,STUDY_OPERATIONAL_CDM,6204,4,Y
6200,STUDY_OPERATIONAL_CDM,6205,5,Y
6200,STUDY_OPERATIONAL_CDM,6206,6,Y
6200,STUDY_OPERATIONAL_CDM,6207,7,Y
6200,STUDY_OPERATIONAL_CDM,6208,8,Y
6200,STUDY_OPERATIONAL_CDM,6209,9,Y
6200,STUDY_OPERATIONAL_CDM,6210,10,Y
6200,STUDY_OPERATIONAL_CDM,6211,11,Y
6200,STUDY_OPERATIONAL_CDM,6212,12,Y
6200,STUDY_OPERATIONAL_CDM,6213,13,Y
,,,,
1100,STUDY_SVDM,1101,1,Y
1100,STUDY_SVDM,1102,2,Y
1100,STUDY_SVDM,1103,3,Y
1100,STUDY_SVDM,1104,4,Y
1100,STUDY_SVDM,1105,5,Y
1100,STUDY_SVDM,1106,6,Y
1100,STUDY_SVDM,1107,7,Y
1100,STUDY_SVDM,1108,8,Y
1100,STUDY_SVDM,1109,9,Y
1100,STUDY_SVDM,1110,10,Y
1100,STUDY_SVDM,1111,11,Y
1100,STUDY_SVDM,1112,12,Y
1100,STUDY_SVDM,1113,13,Y
,,,,
1300,STUDY_CANDIDATE_PROJECT_SVDM,1301,1,Y
1300,STUDY_CANDIDATE_PROJECT_SVDM,1302,2,Y
1300,STUDY_CANDIDATE_PROJECT_SVDM,1303,3,Y
1300,STUDY_CANDIDATE_PROJECT_SVDM,1304,4,Y
1300,STUDY_CANDIDATE_PROJECT_SVDM,1305,5,Y
1300,STUDY_CANDIDATE_PROJECT_SVDM,1306,6,Y
1300,STUDY_CANDIDATE_PROJECT_SVDM,1307,7,Y
1300,STUDY_CANDIDATE_PROJECT_SVDM,1308,8,Y
1300,STUDY_CANDIDATE_PROJECT_SVDM,1309,9,Y
1300,STUDY_CANDIDATE_PROJECT_SVDM,1310,10,Y
1300,STUDY_CANDIDATE_PROJECT_SVDM,1311,11,Y
1300,STUDY_CANDIDATE_PROJECT_SVDM,1312,12,Y
1300,STUDY_CANDIDATE_PROJECT_SVDM,1313,13,Y
1300,STUDY_CANDIDATE_PROJECT_SVDM,1314,14,Y
1300,STUDY_CANDIDATE_PROJECT_SVDM,1315,15,Y
1300,STUDY_CANDIDATE_PROJECT_SVDM,1316,16,Y
1300,STUDY_CANDIDATE_PROJECT_SVDM,1317,17,Y
1300,STUDY_CANDIDATE_PROJECT_SVDM,1318,18,Y
1300,STUDY_CANDIDATE_PROJECT_SVDM,1319,19,Y
1300,STUDY_CANDIDATE_PROJECT_SVDM,1320,20,Y
1300,STUDY_CANDIDATE_PROJECT_SVDM,1321,21,Y
1300,STUDY_CANDIDATE_PROJECT_SVDM,1322,22,Y
,,,,
1700,STUDY_CANDIDATE_PROJECT_MILESTONE_SVDM,1701,1,Y
1700,STUDY_CANDIDATE_PROJECT_MILESTONE_SVDM,1702,2,Y
1700,STUDY_CANDIDATE_PROJECT_MILESTONE_SVDM,1703,3,Y
1700,STUDY_CANDIDATE_PROJECT_MILESTONE_SVDM,1704,4,Y
1700,STUDY_CANDIDATE_PROJECT_MILESTONE_SVDM,1705,5,Y
1700,STUDY_CANDIDATE_PROJECT_MILESTONE_SVDM,1706,6,Y
1700,STUDY_CANDIDATE_PROJECT_MILESTONE_SVDM,1707,7,Y
1700,STUDY_CANDIDATE_PROJECT_MILESTONE_SVDM,1708,8,Y
1700,STUDY_CANDIDATE_PROJECT_MILESTONE_SVDM,1709,9,Y
,,,,
2100,STUDY_DRUG_PROGRAM_SVDM,2101,1,Y
2100,STUDY_DRUG_PROGRAM_SVDM,2102,2,Y
2100,STUDY_DRUG_PROGRAM_SVDM,2103,3,Y
2100,STUDY_DRUG_PROGRAM_SVDM,2104,4,Y
2100,STUDY_DRUG_PROGRAM_SVDM,2105,5,Y
2100,STUDY_DRUG_PROGRAM_SVDM,2106,6,Y
2100,STUDY_DRUG_PROGRAM_SVDM,2107,7,Y
2100,STUDY_DRUG_PROGRAM_SVDM,2108,8,Y
2100,STUDY_DRUG_PROGRAM_SVDM,2109,9,Y
2100,STUDY_DRUG_PROGRAM_SVDM,2110,10,Y
2100,STUDY_DRUG_PROGRAM_SVDM,2111,11,Y
2100,STUDY_DRUG_PROGRAM_SVDM,2112,12,Y
2100,STUDY_DRUG_PROGRAM_SVDM,2113,13,Y
2100,STUDY_DRUG_PROGRAM_SVDM,2114,14,Y
2100,STUDY_DRUG_PROGRAM_SVDM,2115,15,Y
2100,STUDY_DRUG_PROGRAM_SVDM,2116,16,Y
2100,STUDY_DRUG_PROGRAM_SVDM,2117,17,Y
2100,STUDY_DRUG_PROGRAM_SVDM,2118,18,Y
2100,STUDY_DRUG_PROGRAM_SVDM,2119,19,Y
2100,STUDY_DRUG_PROGRAM_SVDM,2120,20,Y
2100,STUDY_DRUG_PROGRAM_SVDM,2121,21,Y
,,,,
2500,STUDY_CONTACT_SVDM,2501,1,Y
2500,STUDY_CONTACT_SVDM,2502,2,Y
2500,STUDY_CONTACT_SVDM,2503,3,Y
2500,STUDY_CONTACT_SVDM,2504,4,Y
2500,STUDY_CONTACT_SVDM,2505,5,Y
2500,STUDY_CONTACT_SVDM,2506,6,Y
2500,STUDY_CONTACT_SVDM,2507,7,Y
2500,STUDY_CONTACT_SVDM,2508,8,Y
2500,STUDY_CONTACT_SVDM,2509,9,Y
2500,STUDY_CONTACT_SVDM,2510,10,Y
2500,STUDY_CONTACT_SVDM,2511,11,Y
2500,STUDY_CONTACT_SVDM,2512,12,Y
2500,STUDY_CONTACT_SVDM,2513,13,Y
2500,STUDY_CONTACT_SVDM,2514,14,Y
2500,STUDY_CONTACT_SVDM,2515,15,Y
2500,STUDY_CONTACT_SVDM,2516,16,Y
,,,,
2700,STUDY_COUNTRY_SITE_SVDM,2701,1,Y
2700,STUDY_COUNTRY_SITE_SVDM,2702,2,Y
2700,STUDY_COUNTRY_SITE_SVDM,2703,3,Y
2700,STUDY_COUNTRY_SITE_SVDM,2704,4,Y
2700,STUDY_COUNTRY_SITE_SVDM,2705,5,Y
2700,STUDY_COUNTRY_SITE_SVDM,2706,6,Y
2700,STUDY_COUNTRY_SITE_SVDM,2707,7,Y
2700,STUDY_COUNTRY_SITE_SVDM,2708,8,Y
,,,,
2900,STUDY_COUNTRY_SVDM,2901,1,Y
2900,STUDY_COUNTRY_SVDM,2902,2,Y
2900,STUDY_COUNTRY_SVDM,2903,3,Y
2900,STUDY_COUNTRY_SVDM,2904,4,Y
2900,STUDY_COUNTRY_SVDM,2905,5,Y
2900,STUDY_COUNTRY_SVDM,2906,6,Y
2900,STUDY_COUNTRY_SVDM,2907,7,Y
2900,STUDY_COUNTRY_SVDM,2908,8,Y
2900,STUDY_COUNTRY_SVDM,2909,9,Y
,,,,
3100,STUDY_DER_SVDM,3101,1,Y
3100,STUDY_DER_SVDM,3102,2,Y
3100,STUDY_DER_SVDM,3103,3,Y
3100,STUDY_DER_SVDM,3104,4,Y
3100,STUDY_DER_SVDM,3105,5,Y
3100,STUDY_DER_SVDM,3106,6,Y
3100,STUDY_DER_SVDM,3107,7,Y
3100,STUDY_DER_SVDM,3108,8,Y
3100,STUDY_DER_SVDM,3109,9,Y
3100,STUDY_DER_SVDM,3110,10,Y
3100,STUDY_DER_SVDM,3111,11,Y
3100,STUDY_DER_SVDM,3112,12,Y
3100,STUDY_DER_SVDM,3113,13,Y
3100,STUDY_DER_SVDM,3114,14,Y
3100,STUDY_DER_SVDM,3115,15,Y
3100,STUDY_DER_SVDM,3116,16,Y
3100,STUDY_DER_SVDM,3117,17,Y
3100,STUDY_DER_SVDM,3118,18,Y
3100,STUDY_DER_SVDM,3119,19,Y
3100,STUDY_DER_SVDM,3120,20,Y
3100,STUDY_DER_SVDM,3121,21,Y
3100,STUDY_DER_SVDM,3122,22,Y
3100,STUDY_DER_SVDM,3123,23,Y
3100,STUDY_DER_SVDM,3124,24,Y
3100,STUDY_DER_SVDM,3125,25,Y
3100,STUDY_DER_SVDM,3126,26,Y
3100,STUDY_DER_SVDM,3127,27,Y
,,,,
3300,STUDY_GOAL_SVDM,3301,1,Y
3300,STUDY_GOAL_SVDM,3302,2,Y
3300,STUDY_GOAL_SVDM,3303,3,Y
3300,STUDY_GOAL_SVDM,3304,4,Y
3300,STUDY_GOAL_SVDM,3305,5,Y
3300,STUDY_GOAL_SVDM,3306,6,Y
3300,STUDY_GOAL_SVDM,3307,7,Y
3300,STUDY_GOAL_SVDM,3308,8,Y
3300,STUDY_GOAL_SVDM,3309,9,Y
3300,STUDY_GOAL_SVDM,3310,10,Y
3300,STUDY_GOAL_SVDM,3311,11,Y
3300,STUDY_GOAL_SVDM,3312,12,Y
,,,,
3500,STUDY_MILESTONE_PVT_SVDM,3501,1,Y
3500,STUDY_MILESTONE_PVT_SVDM,3530,2,Y
3500,STUDY_MILESTONE_PVT_SVDM,3502,3,Y
3500,STUDY_MILESTONE_PVT_SVDM,3503,4,Y
3500,STUDY_MILESTONE_PVT_SVDM,3506,6,Y
3500,STUDY_MILESTONE_PVT_SVDM,3507,7,Y
3500,STUDY_MILESTONE_PVT_SVDM,3508,8,Y
3500,STUDY_MILESTONE_PVT_SVDM,3510,10,Y
3500,STUDY_MILESTONE_PVT_SVDM,3531,12,Y
3500,STUDY_MILESTONE_PVT_SVDM,3511,13,Y
3500,STUDY_MILESTONE_PVT_SVDM,3512,14,Y
3500,STUDY_MILESTONE_PVT_SVDM,3513,15,Y
3500,STUDY_MILESTONE_PVT_SVDM,3514,16,Y
3500,STUDY_MILESTONE_PVT_SVDM,3515,17,Y
3500,STUDY_MILESTONE_PVT_SVDM,3516,18,Y
3500,STUDY_MILESTONE_PVT_SVDM,3517,19,Y
3500,STUDY_MILESTONE_PVT_SVDM,3518,20,Y
3500,STUDY_MILESTONE_PVT_SVDM,3519,21,Y
3500,STUDY_MILESTONE_PVT_SVDM,3522,28,Y
3500,STUDY_MILESTONE_PVT_SVDM,3523,29,Y
3500,STUDY_MILESTONE_PVT_SVDM,3524,30,Y
3500,STUDY_MILESTONE_PVT_SVDM,3509,31,Y
3500,STUDY_MILESTONE_PVT_SVDM,3525,32,Y
3500,STUDY_MILESTONE_PVT_SVDM,3526,33,Y
3500,STUDY_MILESTONE_PVT_SVDM,3527,34,Y
,,,,
3700,STUDY_MILESTONE_DER_SVDM,3701,1,Y
3700,STUDY_MILESTONE_DER_SVDM,3702,2,Y
3700,STUDY_MILESTONE_DER_SVDM,3703,3,Y
3700,STUDY_MILESTONE_DER_SVDM,3704,4,Y
3700,STUDY_MILESTONE_DER_SVDM,3705,5,Y
3700,STUDY_MILESTONE_DER_SVDM,3706,6,Y
3700,STUDY_MILESTONE_DER_SVDM,3707,7,Y
3700,STUDY_MILESTONE_DER_SVDM,3708,8,Y
3700,STUDY_MILESTONE_DER_SVDM,3709,9,Y
,,,,
3900,STUDY_OPERATIONAL_SVDM,3901,1,Y
3900,STUDY_OPERATIONAL_SVDM,3902,1,Y
3900,STUDY_OPERATIONAL_SVDM,3903,1,Y
3900,STUDY_OPERATIONAL_SVDM,3904,1,Y
3900,STUDY_OPERATIONAL_SVDM,3905,1,Y
3900,STUDY_OPERATIONAL_SVDM,3906,1,Y
3900,STUDY_OPERATIONAL_SVDM,3907,1,Y
3900,STUDY_OPERATIONAL_SVDM,3908,1,Y
3900,STUDY_OPERATIONAL_SVDM,3909,1,Y
3900,STUDY_OPERATIONAL_SVDM,3910,1,Y
3900,STUDY_OPERATIONAL_SVDM,3911,1,Y
3900,STUDY_OPERATIONAL_SVDM,3912,1,Y
3900,STUDY_OPERATIONAL_SVDM,3913,1,Y
3900,STUDY_OPERATIONAL_SVDM,3914,1,Y
3900,STUDY_OPERATIONAL_SVDM,3915,1,Y
3900,STUDY_OPERATIONAL_SVDM,3916,1,Y
3900,STUDY_OPERATIONAL_SVDM,3917,1,Y
3900,STUDY_OPERATIONAL_SVDM,3918,1,N
3900,STUDY_OPERATIONAL_SVDM,3919,1,Y
3900,STUDY_OPERATIONAL_SVDM,3920,1,Y
3900,STUDY_OPERATIONAL_SVDM,3921,1,Y
3900,STUDY_OPERATIONAL_SVDM,3922,1,Y
3900,STUDY_OPERATIONAL_SVDM,3923,1,Y
3900,STUDY_OPERATIONAL_SVDM,3924,1,Y
3900,STUDY_OPERATIONAL_SVDM,3925,1,Y
3900,STUDY_OPERATIONAL_SVDM,3926,1,Y
3900,STUDY_OPERATIONAL_SVDM,3927,1,Y
3900,STUDY_OPERATIONAL_SVDM,3928,1,Y
3900,STUDY_OPERATIONAL_SVDM,3929,1,Y
3900,STUDY_OPERATIONAL_SVDM,3930,1,Y
3900,STUDY_OPERATIONAL_SVDM,3931,1,Y
3900,STUDY_OPERATIONAL_SVDM,3932,1,Y
3900,STUDY_OPERATIONAL_SVDM,3933,1,Y
3900,STUDY_OPERATIONAL_SVDM,3934,1,Y
3900,STUDY_OPERATIONAL_SVDM,3935,1,Y
3900,STUDY_OPERATIONAL_SVDM,3936,1,Y
3900,STUDY_OPERATIONAL_SVDM,3937,1,Y
3900,STUDY_OPERATIONAL_SVDM,3938,1,Y
3900,STUDY_OPERATIONAL_SVDM,3939,1,Y
3900,STUDY_OPERATIONAL_SVDM,3940,1,Y
3900,STUDY_OPERATIONAL_SVDM,3941,1,Y
3900,STUDY_OPERATIONAL_SVDM,3942,1,Y
3900,STUDY_OPERATIONAL_SVDM,3943,1,Y
3900,STUDY_OPERATIONAL_SVDM,3944,1,Y
3900,STUDY_OPERATIONAL_SVDM,3945,1,Y
3900,STUDY_OPERATIONAL_SVDM,3946,1,Y
,,,,
4100,STUDY_SITE_SVDM,4101,1,Y
4100,STUDY_SITE_SVDM,4125,2,Y
4100,STUDY_SITE_SVDM,4126,3,Y
4100,STUDY_SITE_SVDM,4103,4,Y
4100,STUDY_SITE_SVDM,4104,5,Y
4100,STUDY_SITE_SVDM,4105,6,Y
4100,STUDY_SITE_SVDM,4122,7,Y
4100,STUDY_SITE_SVDM,4123,8,Y
4100,STUDY_SITE_SVDM,4124,9,Y
4100,STUDY_SITE_SVDM,4106,10,Y
4100,STUDY_SITE_SVDM,4107,11,Y
4100,STUDY_SITE_SVDM,4108,12,Y
,,,,
4300,STUDY_SUBJECT_SVDM,4301,1,Y
4300,STUDY_SUBJECT_SVDM,4302,2,Y
4300,STUDY_SUBJECT_SVDM,4303,3,Y
4300,STUDY_SUBJECT_SVDM,4304,4,Y
4300,STUDY_SUBJECT_SVDM,4305,5,Y
4300,STUDY_SUBJECT_SVDM,4306,6,Y
4300,STUDY_SUBJECT_SVDM,4307,7,Y
4300,STUDY_SUBJECT_SVDM,4308,8,Y
4300,STUDY_SUBJECT_SVDM,4309,9,Y
4300,STUDY_SUBJECT_SVDM,4310,10,Y
4300,STUDY_SUBJECT_SVDM,4311,11,Y
,,,,
10001,PODS_HIST_ODS_STUDY_REPORT_V_S3_HDFS,10001_1,1,Y
10001,PODS_HIST_ODS_STUDY_REPORT_V_S3_HDFS,10001_2,2,Y
10001,PODS_HIST_ODS_STUDY_REPORT_V_S3_HDFS,10001_3,3,Y
10002,PODS_ODS_CANDIDATE_PROJECT_V_S3_HDFS,10002_1,1,Y
10002,PODS_ODS_CANDIDATE_PROJECT_V_S3_HDFS,10002_2,2,Y
10002,PODS_ODS_CANDIDATE_PROJECT_V_S3_HDFS,10002_3,3,Y
10003,PODS_ODS_CONTACT_INFO_V_S3_HDFS,10003_1,1,Y
10003,PODS_ODS_CONTACT_INFO_V_S3_HDFS,10003_2,2,Y
10003,PODS_ODS_CONTACT_INFO_V_S3_HDFS,10003_3,3,Y
10004,PODS_ODS_COUNTRY_V_S3_HDFS,10004_1,1,Y
10004,PODS_ODS_COUNTRY_V_S3_HDFS,10004_2,2,Y
10004,PODS_ODS_COUNTRY_V_S3_HDFS,10004_3,3,Y
10005,PODS_ODS_PERSON_V_S3_HDFS,10005_1,1,Y
10005,PODS_ODS_PERSON_V_S3_HDFS,10005_2,2,Y
10005,PODS_ODS_PERSON_V_S3_HDFS,10005_3,3,Y
10006,PODS_ODS_SITE_VISIT_V_S3_HDFS,10006_1,1,Y
10006,PODS_ODS_SITE_VISIT_V_S3_HDFS,10006_2,2,Y
10006,PODS_ODS_SITE_VISIT_V_S3_HDFS,10006_3,3,Y
10007,PODS_ODS_STUDY_ALIAS_V_S3_HDFS,10007_1,1,Y
10007,PODS_ODS_STUDY_ALIAS_V_S3_HDFS,10007_2,2,Y
10007,PODS_ODS_STUDY_ALIAS_V_S3_HDFS,10007_3,3,Y
10008,PODS_ODS_STUDY_COUNTRY_V_S3_HDFS,10008_1,1,Y
10008,PODS_ODS_STUDY_COUNTRY_V_S3_HDFS,10008_2,2,Y
10008,PODS_ODS_STUDY_COUNTRY_V_S3_HDFS,10008_3,3,Y
10009,PODS_ODS_STUDY_CTA_APP_STAT_V_S3_HDFS,10009_1,1,Y
10009,PODS_ODS_STUDY_CTA_APP_STAT_V_S3_HDFS,10009_2,2,Y
10009,PODS_ODS_STUDY_CTA_APP_STAT_V_S3_HDFS,10009_3,3,Y
10010,PODS_ODS_STUDY_CTA_V_S3_HDFS,10010_1,1,Y
10010,PODS_ODS_STUDY_CTA_V_S3_HDFS,10010_2,2,Y
10010,PODS_ODS_STUDY_CTA_V_S3_HDFS,10010_3,3,Y
10011,PODS_ODS_STUDY_INDICATION_V_S3_HDFS,10011_1,1,Y
10011,PODS_ODS_STUDY_INDICATION_V_S3_HDFS,10011_2,2,Y
10011,PODS_ODS_STUDY_INDICATION_V_S3_HDFS,10011_3,3,Y
10012,PODS_ODS_STUDY_LINK_V_S3_HDFS,10012_1,1,Y
10012,PODS_ODS_STUDY_LINK_V_S3_HDFS,10012_2,2,Y
10012,PODS_ODS_STUDY_LINK_V_S3_HDFS,10012_3,3,Y
10013,PODS_ODS_STUDY_MILESTONE_V_S3_HDFS,10013_1,1,Y
10013,PODS_ODS_STUDY_MILESTONE_V_S3_HDFS,10013_2,2,Y
10013,PODS_ODS_STUDY_MILESTONE_V_S3_HDFS,10013_3,3,Y
10014,PODS_ODS_STUDY_SITE_V_S3_HDFS,10014_1,1,Y
10014,PODS_ODS_STUDY_SITE_V_S3_HDFS,10014_2,2,Y
10014,PODS_ODS_STUDY_SITE_V_S3_HDFS,10014_3,3,Y
10015,PODS_ODS_STUDY_STATUS_V_S3_HDFS,10015_1,1,Y
10015,PODS_ODS_STUDY_STATUS_V_S3_HDFS,10015_2,2,Y
10015,PODS_ODS_STUDY_STATUS_V_S3_HDFS,10015_3,3,Y
10016,PODS_ODS_STUDY_V_S3_HDFS,10016_1,1,Y
10016,PODS_ODS_STUDY_V_S3_HDFS,10016_2,2,Y
10016,PODS_ODS_STUDY_V_S3_HDFS,10016_3,3,Y
10017,PODS_SITE_INVESTIGATOR_V_S3_HDFS,10017_1,1,Y
10017,PODS_SITE_INVESTIGATOR_V_S3_HDFS,10017_2,2,Y
10017,PODS_SITE_INVESTIGATOR_V_S3_HDFS,10017_3,3,Y
10018,PODS_STUDY_PERSON_V_S3_HDFS,10018_1,1,Y
10018,PODS_STUDY_PERSON_V_S3_HDFS,10018_2,2,Y
10018,PODS_STUDY_PERSON_V_S3_HDFS,10018_3,3,Y
10019,PODS_ODS_ADDRESS_V_S3_HDFS,10019_1,1,Y
10019,PODS_ODS_ADDRESS_V_S3_HDFS,10019_2,2,Y
10019,PODS_ODS_ADDRESS_V_S3_HDFS,10019_3,3,Y
10020,CV_CANDIDATE_PORTFOLIO_S3_HDFS,10020_1,1,Y
10020,CV_CANDIDATE_PORTFOLIO_S3_HDFS,10020_2,2,Y
10020,CV_CANDIDATE_PORTFOLIO_S3_HDFS,10020_3,3,Y
10021,CV_COMPOUND_S3_HDFS,10021_1,1,Y
10021,CV_COMPOUND_S3_HDFS,10021_2,2,Y
10021,CV_COMPOUND_S3_HDFS,10021_3,3,Y
10022,CV_PRODUCT_GROUP_S3_HDFS,10022_1,1,Y
10022,CV_PRODUCT_GROUP_S3_HDFS,10022_2,2,Y
10022,CV_PRODUCT_GROUP_S3_HDFS,10022_3,3,Y
10023,CV_STUDY_DATA_S3_HDFS,10023_1,1,Y
10023,CV_STUDY_DATA_S3_HDFS,10023_2,2,Y
10023,CV_STUDY_DATA_S3_HDFS,10023_3,3,Y
10024,CV_STUDY_TASK_DATA_S3_HDFS,10024_1,1,Y
10024,CV_STUDY_TASK_DATA_S3_HDFS,10024_2,2,Y
10024,CV_STUDY_TASK_DATA_S3_HDFS,10024_3,3,Y
10025,STUDY_VOLUME_OVERRIDE_LKP_S3_HDFS,10025_1,1,Y
10025,STUDY_VOLUME_OVERRIDE_LKP_S3_HDFS,10025_2,2,Y
10025,STUDY_VOLUME_OVERRIDE_LKP_S3_HDFS,10025_3,3,Y
10026,T_PODS_SITES_PATIENTS_S3_HDFS,10026_1,1,Y
10026,T_PODS_SITES_PATIENTS_S3_HDFS,10026_2,2,Y
10026,T_PODS_SITES_PATIENTS_S3_HDFS,10026_3,3,Y
10027,T_STUDY_MGMT_ROLES_S3_HDFS,10027_1,1,Y
10027,T_STUDY_MGMT_ROLES_S3_HDFS,10027_2,2,Y
10027,T_STUDY_MGMT_ROLES_S3_HDFS,10027_3,3,Y
10028,T_STUDY_VOLUME_BINNED_PART_LKP_S3_HDFS,10028_1,1,Y
10028,T_STUDY_VOLUME_BINNED_PART_LKP_S3_HDFS,10028_2,2,Y
10028,T_STUDY_VOLUME_BINNED_PART_LKP_S3_HDFS,10028_3,3,Y
10029,T_STUDY_VOLUME_GOAL_TRACK_LKP_S3_HDFS,10029_1,1,Y
10029,T_STUDY_VOLUME_GOAL_TRACK_LKP_S3_HDFS,10029_2,2,Y
10029,T_STUDY_VOLUME_GOAL_TRACK_LKP_S3_HDFS,10029_3,3,Y
10030,T_STUDY_VOLUME_INDICATOR_LKP_S3_HDFS,10030_1,1,Y
10030,T_STUDY_VOLUME_INDICATOR_LKP_S3_HDFS,10030_2,2,Y
10030,T_STUDY_VOLUME_INDICATOR_LKP_S3_HDFS,10030_3,3,Y
10031,T_STUDY_VOLUME_LKP_S3_HDFS,10031_1,1,Y
10031,T_STUDY_VOLUME_LKP_S3_HDFS,10031_2,2,Y
10031,T_STUDY_VOLUME_LKP_S3_HDFS,10031_3,3,Y
10032,T_SV_BIC_OVERRIDE_LKP_S3_HDFS,10032_1,1,Y
10032,T_SV_BIC_OVERRIDE_LKP_S3_HDFS,10032_2,2,Y
10032,T_SV_BIC_OVERRIDE_LKP_S3_HDFS,10032_3,3,Y
10033,CV_STUDY_NEXT_MILESTONE_S3_HDFS,10033_1,1,Y
10033,CV_STUDY_NEXT_MILESTONE_S3_HDFS,10033_2,2,Y
10033,CV_STUDY_NEXT_MILESTONE_S3_HDFS,10033_3,3,Y
10034,MV_PERF_STUDY_VOLUME_STUDIES_S3_HDFS,10034_1,1,Y
10034,MV_PERF_STUDY_VOLUME_STUDIES_S3_HDFS,10034_2,2,Y
10034,MV_PERF_STUDY_VOLUME_STUDIES_S3_HDFS,10034_3,3,Y
10035,T_STUDY_VOLUME_OPCO_LKP_S3_HDFS,10035_1,1,Y
10035,T_STUDY_VOLUME_OPCO_LKP_S3_HDFS,10035_2,2,Y
10035,T_STUDY_VOLUME_OPCO_LKP_S3_HDFS,10035_3,3,Y
,,,,
30000,SampleJob1,30001,1,Y
30000,SampleJob1,30002,2,Y
30000,SampleJob1,30003,3,Y
,,,,
10050,SampleJob2,10050_1,1,Y
10050,SampleJob2,10050_2,2,Y
10050,SampleJob2,10050_3,3,Y
10050,SampleJob2,10050_4,4,Y
10050,SampleJob2,10050_5,5,Y
