entity_key,key_column_name,key_column_value,override_column_name,override_column_value,COMMENTS
default,STUDY_ID,A1481317,COST_DIVISION_FLAG,PEH,override to accommodate old governance
default,STUDY_ID,A1501068,COST_DIVISION_FLAG,PEH,override to accommodate old governance
default,STUDY_ID,A1501073,COST_DIVISION_FLAG,PEH,override to accommodate old governance
default,STUDY_ID,A1501081,COST_DIVISION_FLAG,PEH,override to accommodate old governance
default,STUDY_ID,A1501092,COST_DIVISION_FLAG,PEH,override to accommodate old governance
default,STUDY_ID,A1501095,COST_DIVISION_FLAG,PEH,override to accommodate old governance
default,STUDY_ID,A2501065,COST_DIVISION_FLAG,PEH,override to accommodate old governance
default,STUDY_ID,A2581162,COST_DIVISION_FLAG,PEH,override to accommodate old governance
default,STUDY_ID,A2581185,COST_DIVISION_FLAG,PEH,override to accommodate old governance
default,STUDY_ID,A2581186,COST_DIVISION_FLAG,PEH,override to accommodate old governance
default,STUDY_ID,A3191348,COST_DIVISION_FLAG,PEH,override to accommodate old governance
default,STUDY_ID,A3191352,COST_DIVISION_FLAG,PEH,override to accommodate old governance
default,STUDY_ID,A3191368,COST_DIVISION_FLAG,PEH,override to accommodate old governance
default,STUDY_ID,A3811007,COST_DIVISION_FLAG,PEH,override to accommodate old governance
default,STUDY_ID,A5751017,COST_DIVISION_FLAG,PEH,override to accommodate old governance
default,STUDY_ID,A5751019,COST_DIVISION_FLAG,PEH,override to accommodate old governance
default,STUDY_ID,A5751021,COST_DIVISION_FLAG,PEH,override to accommodate old governance
default,STUDY_ID,A5751028,COST_DIVISION_FLAG,PEH,override to accommodate old governance
default,STUDY_ID,A5751031,COST_DIVISION_FLAG,PEH,override to accommodate old governance
default,STUDY_ID,A5751032,COST_DIVISION_FLAG,PEH,override to accommodate old governance
default,STUDY_ID,A5751034,COST_DIVISION_FLAG,PEH,override to accommodate old governance
default,STUDY_ID,A5951001,COST_DIVISION_FLAG,PEH,override to accommodate old governance
default,STUDY_ID,A5951139,COST_DIVISION_FLAG,PEH,override to accommodate old governance
default,STUDY_ID,A5951142,COST_DIVISION_FLAG,PEH,override to accommodate old governance
default,STUDY_ID,A5951151,COST_DIVISION_FLAG,PEH,override to accommodate old governance
default,STUDY_ID,A5951152,COST_DIVISION_FLAG,PEH,override to accommodate old governance
default,STUDY_ID,A5951155,COST_DIVISION_FLAG,PEH,override to accommodate old governance
default,STUDY_ID,A5951157,COST_DIVISION_FLAG,PEH,override to accommodate old governance
default,STUDY_ID,A5951158,COST_DIVISION_FLAG,PEH,override to accommodate old governance
default,STUDY_ID,A5951164,COST_DIVISION_FLAG,PEH,override to accommodate old governance
default,STUDY_ID,A5991002,COST_DIVISION_FLAG,PEH,override to accommodate old governance
default,STUDY_ID,A5991088,COST_DIVISION_FLAG,PEH,override to accommodate old governance
default,STUDY_ID,A5991091,COST_DIVISION_FLAG,PEH,override to accommodate old governance
default,STUDY_ID,A5991092,COST_DIVISION_FLAG,PEH,override to accommodate old governance
default,STUDY_ID,A6111125,COST_DIVISION_FLAG,PEH,override to accommodate old governance
default,STUDY_ID,A6111152,COST_DIVISION_FLAG,PEH,override to accommodate old governance
default,STUDY_ID,A6121196,COST_DIVISION_FLAG,PEH,override to accommodate old governance
default,STUDY_ID,A6141119,COST_DIVISION_FLAG,PEH,override to accommodate old governance
default,STUDY_ID,A6821003,COST_DIVISION_FLAG,PEH,override to accommodate old governance
default,STUDY_ID,A7261002,COST_DIVISION_FLAG,PEH,override to accommodate old governance
default,STUDY_ID,A7331021,COST_DIVISION_FLAG,PIH,override to accommodate old governance
default,STUDY_ID,A8851009,COST_DIVISION_FLAG,PEH,override to accommodate old governance
default,STUDY_ID,A8851011,COST_DIVISION_FLAG,PEH,override to accommodate old governance
default,STUDY_ID,A8851019,COST_DIVISION_FLAG,PEH,override to accommodate old governance
default,STUDY_ID,A8851021,COST_DIVISION_FLAG,PEH,override to accommodate old governance
default,STUDY_ID,A8851022,COST_DIVISION_FLAG,PEH,override to accommodate old governance
default,STUDY_ID,A8851023,COST_DIVISION_FLAG,PEH,override to accommodate old governance
default,STUDY_ID,A9001364,COST_DIVISION_FLAG,PIH,override to accommodate old governance
default,STUDY_ID,A9001428,COST_DIVISION_FLAG,WRD,override to accommodate old governance
default,STUDY_ID,A9001433,COST_DIVISION_FLAG,WRD,override to accommodate old governance
default,STUDY_ID,A9001489,COST_DIVISION_FLAG,WRD,override to accommodate old governance
default,STUDY_ID,A9011085,COST_DIVISION_FLAG,PIH,override to accommodate old governance
default,STUDY_ID,A9061066,COST_DIVISION_FLAG,PEH,override to accommodate old governance
default,STUDY_ID,A9421016,COST_DIVISION_FLAG,WRD,override to accommodate old governance
default,STUDY_ID,A9821001,COST_DIVISION_FLAG,PEH,override to accommodate old governance
default,STUDY_ID,A9951011,COST_DIVISION_FLAG,WRD,override to accommodate old governance
default,STUDY_ID,B0401018,COST_DIVISION_FLAG,WRD,override to accommodate old governance
default,STUDY_ID,B0501002,COST_DIVISION_FLAG,WRD,override to accommodate old governance
default,STUDY_ID,B1341001,COST_DIVISION_FLAG,PIH,override to accommodate old governance
default,STUDY_ID,B1371018,COST_DIVISION_FLAG,PIH,override to accommodate old governance
default,STUDY_ID,B1481007,COST_DIVISION_FLAG,PIH,override to accommodate old governance
default,STUDY_ID,B1811002,COST_DIVISION_FLAG,PEH,override to accommodate old governance
default,STUDY_ID,B1811003,COST_DIVISION_FLAG,PEH,override to accommodate old governance
default,STUDY_ID,B1811004,COST_DIVISION_FLAG,PEH,override to accommodate old governance
default,STUDY_ID,B1811005,COST_DIVISION_FLAG,PEH,override to accommodate old governance
default,STUDY_ID,B1811012,COST_DIVISION_FLAG,PEH,override to accommodate old governance
default,STUDY_ID,B1811014,COST_DIVISION_FLAG,PEH,override to accommodate old governance
default,STUDY_ID,B1811030,COST_DIVISION_FLAG,PEH,override to accommodate old governance
default,STUDY_ID,B1811039,COST_DIVISION_FLAG,PEH,override to accommodate old governance
default,STUDY_ID,B1811040,COST_DIVISION_FLAG,PEH,override to accommodate old governance
default,STUDY_ID,B1811046,COST_DIVISION_FLAG,PEH,override to accommodate old governance
default,STUDY_ID,B1811047,COST_DIVISION_FLAG,PEH,override to accommodate old governance
default,STUDY_ID,B1811048,COST_DIVISION_FLAG,PEH,override to accommodate old governance
default,STUDY_ID,B1811054,COST_DIVISION_FLAG,PEH,override to accommodate old governance
default,STUDY_ID,B1811060,COST_DIVISION_FLAG,PEH,override to accommodate old governance
default,STUDY_ID,B1811061,COST_DIVISION_FLAG,PEH,override to accommodate old governance
default,STUDY_ID,B1811062,COST_DIVISION_FLAG,PEH,override to accommodate old governance
default,STUDY_ID,B1811213,COST_DIVISION_FLAG,PEH,override to accommodate old governance
default,STUDY_ID,B1851134,COST_DIVISION_FLAG,PIH,override to accommodate old governance
default,STUDY_ID,B1861002,COST_DIVISION_FLAG,WRD,override to accommodate old governance
default,STUDY_ID,C1231004,COST_DIVISION_FLAG,PEH,override to accommodate missing Funding source pft- 10/22/2018
default,STUDY_ID,B2061135,COST_DIVISION_FLAG,PEH,override to accommodate old governance
default,STUDY_ID,B2251002,COST_DIVISION_FLAG,WRD,override to accommodate old governance
default,STUDY_ID,B2311055,COST_DIVISION_FLAG,PEH,override to accommodate old governance
default,STUDY_ID,B2311056,COST_DIVISION_FLAG,PEH,override to accommodate old governance
default,STUDY_ID,B2341001,COST_DIVISION_FLAG,WRD,override to accommodate old governance
default,STUDY_ID,B2481004,COST_DIVISION_FLAG,PEH,override to accommodate old governance
default,STUDY_ID,B2481006,COST_DIVISION_FLAG,PEH,override to accommodate old governance
default,STUDY_ID,B2481007,COST_DIVISION_FLAG,PEH,override to accommodate old governance
default,STUDY_ID,B2511001,COST_DIVISION_FLAG,WRD,override to accommodate old governance
default,STUDY_ID,B2731002,COST_DIVISION_FLAG,PEH,override to accommodate old governance
default,STUDY_ID,B2781001,COST_DIVISION_FLAG,PEH,override to accommodate old governance
default,STUDY_ID,B2831002,COST_DIVISION_FLAG,PEH,override to accommodate old governance
default,STUDY_ID,B2841001,COST_DIVISION_FLAG,PEH,override to accommodate old governance
default,STUDY_ID,B2841002,COST_DIVISION_FLAG,PEH,override to accommodate old governance
default,STUDY_ID,B2841003,COST_DIVISION_FLAG,PEH,override to accommodate old governance
default,STUDY_ID,B2841006,COST_DIVISION_FLAG,PEH,override to accommodate old governance
default,STUDY_ID,B2851001,COST_DIVISION_FLAG,PEH,override to accommodate old governance
default,STUDY_ID,B2861001,COST_DIVISION_FLAG,PEH,override to accommodate old governance
default,STUDY_ID,B2861004,COST_DIVISION_FLAG,PEH,override to accommodate old governance
default,STUDY_ID,B2871001,COST_DIVISION_FLAG,PEH,override to accommodate old governance
default,STUDY_ID,B2881001,COST_DIVISION_FLAG,PEH,override to accommodate old governance
default,STUDY_ID,B2881002,COST_DIVISION_FLAG,PEH,override to accommodate old governance
default,STUDY_ID,B2891001,COST_DIVISION_FLAG,PEH,override to accommodate old governance
default,STUDY_ID,B2891003,COST_DIVISION_FLAG,PEH,override to accommodate old governance
default,STUDY_ID,B2891005,COST_DIVISION_FLAG,PEH,override to accommodate old governance
default,STUDY_ID,B2941001,COST_DIVISION_FLAG,PEH,override to accommodate old governance
default,STUDY_ID,B2941002,COST_DIVISION_FLAG,PEH,override to accommodate old governance
default,STUDY_ID,B2981001,COST_DIVISION_FLAG,PEH,override to accommodate old governance
default,STUDY_ID,B3011003,COST_DIVISION_FLAG,PEH,override to accommodate old governance
default,STUDY_ID,B3051001,COST_DIVISION_FLAG,WRD,override to accommodate old governance
default,STUDY_ID,B3261004,COST_DIVISION_FLAG,PEH,override to accommodate old governance
default,STUDY_ID,B3271006,COST_DIVISION_FLAG,PEH,override to accommodate old governance
default,STUDY_ID,B3401002,COST_DIVISION_FLAG,PEH,override to accommodate old governance
default,STUDY_ID,B3401003,COST_DIVISION_FLAG,PEH,override to accommodate old governance
default,STUDY_ID,B3451001,COST_DIVISION_FLAG,WRD,override to accommodate old governance
default,STUDY_ID,B3451002,COST_DIVISION_FLAG,WRD,override to accommodate old governance
default,STUDY_ID,B3451011,COST_DIVISION_FLAG,WRD,override to accommodate old governance
default,STUDY_ID,B3461009,COST_DIVISION_FLAG,PIH,override to accommodate old governance
default,STUDY_ID,B3801003,COST_DIVISION_FLAG,PEH,override to accommodate old governance
default,STUDY_ID,B3801004,COST_DIVISION_FLAG,PEH,override to accommodate old governance
default,STUDY_ID,B4441001,COST_DIVISION_FLAG,PEH,override to accommodate old governance
default,STUDY_ID,B4471001,COST_DIVISION_FLAG,PEH,override to accommodate old governance
default,STUDY_ID,B4591002,COST_DIVISION_FLAG,PEH,override to accommodate old governance
default,STUDY_ID,B4591003,COST_DIVISION_FLAG,PEH,override to accommodate old governance
default,STUDY_ID,B4681001,COST_DIVISION_FLAG,PEH,override to accommodate old governance
default,STUDY_ID,B4881001,COST_DIVISION_FLAG,PEH,override to accommodate old governance
default,STUDY_ID,B5091002,COST_DIVISION_FLAG,WRD,override to accommodate old governance
default,STUDY_ID,B5091003,COST_DIVISION_FLAG,WRD,override to accommodate old governance
default,STUDY_ID,B5091009,COST_DIVISION_FLAG,WRD,override to accommodate old governance
default,STUDY_ID,B5141001,COST_DIVISION_FLAG,PEH,override to accommodate old governance
default,STUDY_ID,B5201007,COST_DIVISION_FLAG,WRD,override to accommodate old governance
default,STUDY_ID,B5301012,COST_DIVISION_FLAG,WRD,override to accommodate old governance
default,STUDY_ID,B7411001,COST_DIVISION_FLAG,WRD,override to accommodate old governance
default,STUDY_ID,B7451008,COST_DIVISION_FLAG,WRD,override to accommodate old governance
default,STUDY_ID,B7451009,COST_DIVISION_FLAG,WRD,override to accommodate old governance
default,STUDY_ID,B7451028,COST_DIVISION_FLAG,WRD,override to accommodate old governance
default,STUDY_ID,B7451037,COST_DIVISION_FLAG,PIH,override to accommodate old governance
default,STUDY_ID,B7471004,COST_DIVISION_FLAG,WRD,override to accommodate old governance
default,STUDY_ID,B7471005,COST_DIVISION_FLAG,WRD,override to accommodate old governance
default,STUDY_ID,B7601010,COST_DIVISION_FLAG,WRD,override to accommodate old governance
default,STUDY_ID,B7601011,COST_DIVISION_FLAG,WRD,override to accommodate old governance
default,STUDY_ID,B7601013,COST_DIVISION_FLAG,WRD,override to accommodate old governance
default,STUDY_ID,B7601014,COST_DIVISION_FLAG,WRD,override to accommodate old governance
default,STUDY_ID,B7601015,COST_DIVISION_FLAG,WRD,override to accommodate old governance
default,STUDY_ID,B7921019,COST_DIVISION_FLAG,WRD,override to accommodate old governance
default,STUDY_ID,B7921020,COST_DIVISION_FLAG,WRD,override to accommodate old governance
default,STUDY_ID,B7921021,COST_DIVISION_FLAG,WRD,override to accommodate old governance
default,STUDY_ID,B7931006,COST_DIVISION_FLAG,WRD,override to accommodate old governance
default,STUDY_ID,B7931011,COST_DIVISION_FLAG,WRD,override to accommodate old governance
default,STUDY_ID,B7931014,COST_DIVISION_FLAG,WRD,override to accommodate old governance
default,STUDY_ID,B7931015,COST_DIVISION_FLAG,WRD,override to accommodate old governance
default,STUDY_ID,B7931019,COST_DIVISION_FLAG,WRD,override to accommodate old governance
default,STUDY_ID,B7931021,COST_DIVISION_FLAG,WRD,override to accommodate old governance
default,STUDY_ID,B7931023,COST_DIVISION_FLAG,WRD,override to accommodate old governance
default,STUDY_ID,B7931025,COST_DIVISION_FLAG,WRD,override to accommodate old governance
default,STUDY_ID,B7931026,COST_DIVISION_FLAG,WRD,override to accommodate old governance
default,STUDY_ID,B7931027,COST_DIVISION_FLAG,WRD,override to accommodate old governance
default,STUDY_ID,B7931028,COST_DIVISION_FLAG,WRD,override to accommodate old governance
default,STUDY_ID,B7981011,COST_DIVISION_FLAG,WRD,override to accommodate old governance
default,STUDY_ID,B7981031,COST_DIVISION_FLAG,PIH,override to accommodate old governance
default,STUDY_ID,B7991016,COST_DIVISION_FLAG,WRD,override to accommodate old governance
default,STUDY_ID,B8011001,COST_DIVISION_FLAG,WRD,override to accommodate old governance
default,STUDY_ID,C0221003,COST_DIVISION_FLAG,WRD,override to accommodate old governance
default,STUDY_ID,C0891002,COST_DIVISION_FLAG,WRD,override to accommodate old governance
default,STUDY_ID,C1061013,COST_DIVISION_FLAG,WRD,override to accommodate old governance
default,STUDY_ID,C1061014,COST_DIVISION_FLAG,WRD,override to accommodate old governance
default,STUDY_ID,C1171004,COST_DIVISION_FLAG,WRD,override to accommodate old governance
default,STUDY_ID,C1171005,COST_DIVISION_FLAG,WRD,override to accommodate old governance
default,STUDY_ID,C1171008,COST_DIVISION_FLAG,WRD,override to accommodate old governance
default,STUDY_ID,C1171009,COST_DIVISION_FLAG,WRD,override to accommodate old governance
default,STUDY_ID,C1171011,COST_DIVISION_FLAG,WRD,override to accommodate old governance
default,STUDY_ID,C1171012,COST_DIVISION_FLAG,WRD,override to accommodate old governance
default,STUDY_ID,C1171013,COST_DIVISION_FLAG,WRD,override to accommodate old governance
default,STUDY_ID,C1171014,COST_DIVISION_FLAG,WRD,override to accommodate old governance
default,STUDY_ID,C1171015,COST_DIVISION_FLAG,WRD,override to accommodate old governance
default,STUDY_ID,C1171017,COST_DIVISION_FLAG,WRD,override to accommodate old governance
default,STUDY_ID,C1171018,COST_DIVISION_FLAG,WRD,override to accommodate old governance
default,STUDY_ID,C1171019,COST_DIVISION_FLAG,WRD,override to accommodate old governance
default,STUDY_ID,C1171020,COST_DIVISION_FLAG,WRD,override to accommodate old governance
default,STUDY_ID,C1171021,COST_DIVISION_FLAG,WRD,override to accommodate old governance
default,STUDY_ID,C1171022,COST_DIVISION_FLAG,WRD,override to accommodate old governance
default,STUDY_ID,C2541006,COST_DIVISION_FLAG,WRD,override to accommodate old governance
default,STUDY_ID,C2541008,COST_DIVISION_FLAG,WRD,override to accommodate old governance
default,STUDY_ID,C3421005,COST_DIVISION_FLAG,WRD,override to accommodate old governance
default,STUDY_ID,C3421007,COST_DIVISION_FLAG,WRD,override to accommodate old governance
default,STUDY_ID,C3421010,COST_DIVISION_FLAG,WRD,override to accommodate old governance
default,STUDY_ID,C3421012,COST_DIVISION_FLAG,WRD,override to accommodate old governance
default,STUDY_ID,C3421014,COST_DIVISION_FLAG,WRD,override to accommodate old governance
default,STUDY_ID,C3711002,COST_DIVISION_FLAG,WRD,override to accommodate old governance
default,STUDY_ID,A0081075,BIC_SCOPE,Exclude,5/31/17: MANUAL PASS study; not sure why logic didn't catch it?
default,STUDY_ID,A4061071,BIC_SCOPE,Exclude,11/1/16: MANUAL SFJ is running this study
default,STUDY_ID,A4091064,BIC_SCOPE,Exclude,10/14/16: MANUAL appears to be roll over; should manually exclude
default,STUDY_ID,A4091065,BIC_SCOPE,Exclude,8/3/16: MANUAL should be considered NI
default,STUDY_ID,A5481053,BIC_SCOPE,Exclude,14-Oct-16: MANUAL appears to be compassionate; we should exclude; likely needs to be updated in registry; will manage manually for now.
default,STUDY_ID,A7471050,BIC_SCOPE,Exclude,3/2/17: MANUAL SFJ is running this study
default,STUDY_ID,A9001498,COMMERCIAL_BU,WRD,RL EDITS
default,STUDY_ID,A9001500,COMMERCIAL_BU,WRD,RL EDITS
default,STUDY_ID,A9001498,COMMERCIAL_BU_RU,PTx Research,RL EDITS
default,STUDY_ID,A4091064,MOP_FLAG,NO: manual; NI safety,Aug 2016: non-interventional safety required follow up studies
default,STUDY_ID,A4091065,MOP_FLAG,NO: manual; NI safety,Aug 2016: non-interventional safety required follow up studies
default,STUDY_ID,B1371017,MOP_FLAG,NO: manual; renal impairment HV,Study design is to match healthy volunteers with otherwise healthy subjects that have some level of renal impairment.
default,STUDY_ID,C3431002,MOP_FLAG,NO: manual; in-lic closeout,Xtandi C3431002 (MDV3100-06) Ph 1b mCRPC (+docetaxel)
default,STUDY_ID,C3431003,MOP_FLAG,NO: manual; in-lic closeout,Xtandi C3431003 (MDV3100-03) Ph 3 Progressive CRPC (PREVAIL)
default,STUDY_ID,A3921086,WRD_FLAG,EXCLUDE,Manual overrides for projects with mixed LEGACY STUDY DIVISION AND STUDY_SUB_DIVISION LABELS
default,STUDY_ID,A3921245,WRD_FLAG,EXCLUDE,Manual overrides for projects with mixed LEGACY STUDY DIVISION AND STUDY_SUB_DIVISION LABELS
default,STUDY_ID,A3921246,WRD_FLAG,EXCLUDE,Manual overrides for projects with mixed LEGACY STUDY DIVISION AND STUDY_SUB_DIVISION LABELS
default,STUDY_ID,A3921247,WRD_FLAG,EXCLUDE,Manual overrides for projects with mixed LEGACY STUDY DIVISION AND STUDY_SUB_DIVISION LABELS
default,STUDY_ID,A3921261,WRD_FLAG,EXCLUDE,Manual overrides for projects with mixed LEGACY STUDY DIVISION AND STUDY_SUB_DIVISION LABELS
default,STUDY_ID,A3921262,WRD_FLAG,EXCLUDE,Manual overrides for projects with mixed LEGACY STUDY DIVISION AND STUDY_SUB_DIVISION LABELS
default,STUDY_ID,A3921268,WRD_FLAG,EXCLUDE,Manual overrides for projects with mixed LEGACY STUDY DIVISION AND STUDY_SUB_DIVISION LABELS
default,STUDY_ID,A3921282,WRD_FLAG,EXCLUDE,Manual overrides for projects with mixed LEGACY STUDY DIVISION AND STUDY_SUB_DIVISION LABELS
default,STUDY_ID,A9001493,WRD_FLAG,EXCLUDE,Correction for Der Phase (removed Der Phase from logic)
default,STUDY_ID,A9421018,WRD_FLAG,WRD_INCLUDE_ONC,Legacy Study Division update from oncology- May change
default,STUDY_ID,B0601002,WRD_FLAG,WRD_INCLUDE_ONC,Legacy RINAT- May change
default,STUDY_ID,B1131001,WRD_FLAG,WRD_INCLUDE_ONC,Accounts for Legacy study division of BBC
default,STUDY_ID,B1131004,WRD_FLAG,WRD_INCLUDE_ONC,Accounts for Legacy study division of BBC
default,STUDY_ID,B1181002,WRD_FLAG,WRD_INCLUDE,Project is actaully ophthalmology Amd project NOT Onc
default,STUDY_ID,B1261022,WRD_FLAG,EXCLUDE,JPN BRIDGING STUDY-Manual overrides for projects with mixed LEGACY STUDY DIVISION AND STUDY_SUB_DIVISION LABELS
default,STUDY_ID,B1261024,WRD_FLAG,EXCLUDE,Correction for Der Phase (removed Der Phase from logic)
default,STUDY_ID,B1561001,WRD_FLAG,WRD_INCLUDE_ONC,Accounts for Legacy study division of BBC
default,STUDY_ID,B1741035,WRD_FLAG,EXCLUDE,RAPAMUNE_WYETH acq
default,STUDY_ID,B1761015,WRD_FLAG,EXCLUDE,PLW STATUS LOGIC correction
default,STUDY_ID,B1841054,WRD_FLAG,WRD_INCLUDE_VAC,Accounts for Legacy study division of BBC
default,STUDY_ID,B1871019,WRD_FLAG,WRD_INCLUDE_ONC,Accounts for Legacy study division of BBC
default,STUDY_ID,B1971017,WRD_FLAG,EXCLUDE,MnB Ph 2B_study
default,STUDY_ID,B1971035,WRD_FLAG,EXCLUDE,Correction for Der Phase (removed Der Phase from logic)
default,STUDY_ID,B2361021,WRD_FLAG,EXCLUDE,PLW STATUS LOGIC correction
default,STUDY_ID,B2411153,WRD_FLAG,EXCLUDE,PLW STATUS LOGIC correction
default,STUDY_ID,B2411155,WRD_FLAG,EXCLUDE,PLW STATUS LOGIC correction
default,STUDY_ID,B2571008,WRD_FLAG,EXCLUDE,Manual override to account for older Vac Study out of scope
default,STUDY_ID,B3461056,WRD_FLAG,EXCLUDE,HOSPIRA PROJECT
default,STUDY_ID,B4481001,WRD_FLAG,WRD_INCLUDE_ONC,Accounts for Legacy study division of BBC
default,STUDY_ID,B4901001,WRD_FLAG,WRD_INCLUDE_VAC,Accounts for Legacy study division of BBC
default,STUDY_ID,B5201005,WRD_FLAG,EXCLUDE,Manual overrides for projects with mixed LEGACY STUDY DIVISION AND STUDY_SUB_DIVISION LABELS
default,STUDY_ID,B5201006,WRD_FLAG,EXCLUDE,Manual overrides for projects with mixed LEGACY STUDY DIVISION AND STUDY_SUB_DIVISION LABELS
default,STUDY_ID,B5201014,WRD_FLAG,EXCLUDE,Manual overrides for projects with mixed LEGACY STUDY DIVISION AND STUDY_SUB_DIVISION LABELS
default,STUDY_ID,B5301004,WRD_FLAG,EXCLUDE,PLW STATUS LOGIC correction
default,STUDY_ID,B7451016,WRD_FLAG,EXCLUDE,Accounts for GIPM_INNOVATIVE PHARMA_Logic-pft-2/26/2018
default,STUDY_ID,B7451017,WRD_FLAG,EXCLUDE,Accounts for GIPM_INNOVATIVE PHARMA_Logic-pft-2/26/2018
default,STUDY_ID,B7451018,WRD_FLAG,EXCLUDE,Accounts for GIPM_INNOVATIVE PHARMA_Logic-pft-2/26/2018
default,STUDY_ID,B7451019,WRD_FLAG,EXCLUDE,Accounts for GIPM_INNOVATIVE PHARMA_Logic-pft-2/26/2018
default,STUDY_ID,B7451020,WRD_FLAG,EXCLUDE,Accounts for GIPM_INNOVATIVE PHARMA_Logic-pft-2/26/2018
default,STUDY_ID,B7451021,WRD_FLAG,EXCLUDE,Accounts for GIPM_INNOVATIVE PHARMA_Logic-pft-2/26/2018
default,STUDY_ID,B7451022,WRD_FLAG,EXCLUDE,Accounts for GIPM_INNOVATIVE PHARMA_Logic-pft-2/26/2018
default,STUDY_ID,B7451027,WRD_FLAG,EXCLUDE,Manual overrides for projects with mixed LEGACY STUDY DIVISION AND STUDY_SUB_DIVISION LABELS
default,STUDY_ID,B7471003,WRD_FLAG,WRD_INCLUDE_VAC,Override to include Vaccines Study Div 
default,STUDY_ID,B7521001,WRD_FLAG,WRD_INCLUDE_ONC,Legacy Study Division update from oncology- May change
default,STUDY_ID,B7541001,WRD_FLAG,WRD_INCLUDE,Correction for Der Phase (removed Der Phase from logic)
default,STUDY_ID,B7661001,WRD_FLAG,WRD_INCLUDE_ONC,Legacy Study Division update from oncology- May change
default,STUDY_ID,B7831001,WRD_FLAG,WRD_INCLUDE_ONC,Legacy Study Division update from oncology- May change
default,STUDY_ID,B7861002,WRD_FLAG,WRD_INCLUDE_ONC,Correction for Oncology Study Division- run by WRD: pft Aug 30
default,STUDY_ID,B7931006,WRD_FLAG,WRD_INCLUDE,Manual overide- run to overwrite GPD Study Division
default,STUDY_ID,B8011001,WRD_FLAG,WRD_INCLUDE_ONC,Legacy Study Division update from oncology- May change
default,STUDY_ID,B8271010,WRD_FLAG,WRD_INCLUDE,Correction for Der Phase (removed Der Phase from logic)- May change
default,STUDY_ID,B9991007,WRD_FLAG,EXCLUDE,Manual overrides for projects with mixed LEGACY STUDY DIVISION AND STUDY_SUB_DIVISION LABELS
default,STUDY_ID,C0311004,WRD_FLAG,EXCLUDE,PLW STATUS LOGIC correction
default,STUDY_ID,C0311005,WRD_FLAG,EXCLUDE,PLW STATUS LOGIC correction
default,STUDY_ID,C0591001,WRD_FLAG,WRD_INCLUDE_ONC,Legacy Study Division update from oncology- May change
default,STUDY_ID,C0921016,WRD_FLAG,EXCLUDE,Medivation acquistion studies 10/11/17
default,STUDY_ID,C0921024,WRD_FLAG,EXCLUDE,Medivation acquistion studies 10/11/17
default,STUDY_ID,C1171014,WRD_FLAG,WRD_INCLUDE,Correction for Der Phase (removed Der Phase from logic)- May change
default,STUDY_ID,C3241001,WRD_FLAG,EXCLUDE,Accounts for BRDU exclusion for biosimilars   12/18/2017
default,STUDY_ID,C3291001,WRD_FLAG,EXCLUDE,Manual overrides for projects with mixed LEGACY STUDY DIVISION AND STUDY_SUB_DIVISION LABELS
default,STUDY_ID,C3291006,WRD_FLAG,EXCLUDE,Crisaborole- Approved 
default,STUDY_ID,C3291009,WRD_FLAG,EXCLUDE,Crisaborole- Approved 
default,STUDY_ID,C3291018,WRD_FLAG,EXCLUDE,Crisaborole- Approved 
default,STUDY_ID,C3291019,WRD_FLAG,EXCLUDE,Crisaborole- Approved 
default,STUDY_ID,C3401001,WRD_FLAG,EXCLUDE,Anacor project acquired- BU funded
default,STUDY_ID,C3401002,WRD_FLAG,EXCLUDE,Anacor project acquired- BU funded
default,STUDY_ID,C3401003,WRD_FLAG,EXCLUDE,Anacor project acquired- BU funded
default,STUDY_ID,C3401004,WRD_FLAG,EXCLUDE,Anacor project acquired- BU funded
default,STUDY_ID,C3401005,WRD_FLAG,EXCLUDE,Anacor project acquired- BU funded
default,STUDY_ID,C3401006,WRD_FLAG,EXCLUDE,Anacor project acquired- BU funded
default,STUDY_ID,C3451005,WRD_FLAG,EXCLUDE,PLW STATUS LOGIC correction
default,STUDY_ID,C3531001,WRD_FLAG,EXCLUDE,PLW STATUS LOGIC correction
default,STUDY_ID,C3531003,WRD_FLAG,EXCLUDE,PLW STATUS LOGIC correction
default,STUDY_ID,C3531004,WRD_FLAG,EXCLUDE,PLW STATUS LOGIC correction
default,STUDY_ID,C3531007,WRD_FLAG,EXCLUDE,PLW STATUS LOGIC correction
default,STUDY_ID,C3531008,WRD_FLAG,EXCLUDE,PLW STATUS LOGIC correction
default,STUDY_ID,C3531009,WRD_FLAG,EXCLUDE,PLW STATUS LOGIC correction
default,STUDY_ID,C3531010,WRD_FLAG,EXCLUDE,PLW STATUS LOGIC correction
default,STUDY_ID,C3541001,WRD_FLAG,EXCLUDE,PLW STATUS LOGIC correction
default,STUDY_ID,C3571001,WRD_FLAG,WRD_INCLUDE_VAC,Accounts for VACCINES Study Div and Sub division 10/11/17
default,STUDY_ID,C3621001,WRD_FLAG,WRD_INCLUDE_VAC,Accounts for VACCINES Study Div and Sub division 10/19/17
default,STUDY_ID,C3661001,WRD_FLAG,WRD_INCLUDE_ONC,Accounts for Oncology/Oncology Study Division
default,STUDY_ID,C3821001,WRD_FLAG,WRD_INCLUDE_ONC,Accounts for Oncology/Oncology Study Division
default,STUDY_ID,A3921086,WRD_WORKING,Manual-BU_FUNDED-TOFA,Manual overrides for projects with mixed LEGACY STUDY DIVISION AND STUDY_SUB_DIVISION LABELS
default,STUDY_ID,A3921245,WRD_WORKING,Manual-BU_FUNDED-TOFA,Manual overrides for projects with mixed LEGACY STUDY DIVISION AND STUDY_SUB_DIVISION LABELS
default,STUDY_ID,A3921246,WRD_WORKING,Manual-BU_FUNDED-TOFA,Manual overrides for projects with mixed LEGACY STUDY DIVISION AND STUDY_SUB_DIVISION LABELS
default,STUDY_ID,A3921247,WRD_WORKING,Manual-BU_FUNDED-TOFA,Manual overrides for projects with mixed LEGACY STUDY DIVISION AND STUDY_SUB_DIVISION LABELS
default,STUDY_ID,A3921261,WRD_WORKING,Manual-BU_FUNDED-TOFA,Manual overrides for projects with mixed LEGACY STUDY DIVISION AND STUDY_SUB_DIVISION LABELS
default,STUDY_ID,A3921262,WRD_WORKING,Manual-BU_FUNDED-TOFA,Manual overrides for projects with mixed LEGACY STUDY DIVISION AND STUDY_SUB_DIVISION LABELS
default,STUDY_ID,A3921268,WRD_WORKING,Manual-BU_FUNDED-TOFA,Manual overrides for projects with mixed LEGACY STUDY DIVISION AND STUDY_SUB_DIVISION LABELS
default,STUDY_ID,A3921282,WRD_WORKING,Manual-BU_FUNDED,Manual overrides for projects with mixed LEGACY STUDY DIVISION AND STUDY_SUB_DIVISION LABELS
default,STUDY_ID,A9001493,WRD_WORKING,Manual-Methodology_Study,Correction for Der Phase (removed Der Phase from logic)
default,STUDY_ID,A9421018,WRD_WORKING,WRD_INCLUDE_ONC,Legacy Study Division update from oncology- May change
default,STUDY_ID,B0601002,WRD_WORKING,WRD_INCLUDE_ONC,Legacy RINAT- May change
default,STUDY_ID,B1131001,WRD_WORKING,WRD_INCLUDE_ONC,Accounts for Legacy study division of BBC
default,STUDY_ID,B1131004,WRD_WORKING,WRD_INCLUDE_ONC,Accounts for Legacy study division of BBC
default,STUDY_ID,B1181002,WRD_WORKING,WRD_INCLUDE,Project is actaully ophthalmology Amd project NOT Onc
default,STUDY_ID,B1261022,WRD_WORKING,Manual-STUDY_DIV_DEV_JPN,JPN BRIDGING STUDY-Manual overrides for projects with mixed LEGACY STUDY DIVISION AND STUDY_SUB_DIVISION LABELS
default,STUDY_ID,B1261024,WRD_WORKING,Manual-PHIIb/PH3,Correction for Der Phase (removed Der Phase from logic)
default,STUDY_ID,B1561001,WRD_WORKING,WRD_INCLUDE_ONC,Accounts for Legacy study division of BBC
default,STUDY_ID,B1741035,WRD_WORKING,Manual- Rapamune,RAPAMUNE_WYETH acq
default,STUDY_ID,B1761015,WRD_WORKING,Manual- Wyeth Acq,PLW STATUS LOGIC correction
default,STUDY_ID,B1841054,WRD_WORKING,WRD_INCLUDE_VAC,Accounts for Legacy study division of BBC
default,STUDY_ID,B1871019,WRD_WORKING,WRD_INCLUDE_ONC,Accounts for Legacy study division of BBC
default,STUDY_ID,B1971017,WRD_WORKING,Manual-P2b_Study,MnB Ph 2B_study
default,STUDY_ID,B1971035,WRD_WORKING,Manual-PH3_Trumenba,Correction for Der Phase (removed Der Phase from logic)
default,STUDY_ID,B2361021,WRD_WORKING,Manual- Wyeth Acq,PLW STATUS LOGIC correction
default,STUDY_ID,B2411153,WRD_WORKING,Manual- Wyeth Acq,PLW STATUS LOGIC correction
default,STUDY_ID,B2411155,WRD_WORKING,Manual- Wyeth Acq,PLW STATUS LOGIC correction
default,STUDY_ID,B2571008,WRD_WORKING,Manual-Terminated,Manual override to account for older Vac Study out of scope
default,STUDY_ID,B3461056,WRD_WORKING,Manual-Vyndaqel,HOSPIRA PROJECT
default,STUDY_ID,B4481001,WRD_WORKING,WRD_INCLUDE_ONC,Accounts for Legacy study division of BBC
default,STUDY_ID,B4901001,WRD_WORKING,WRD_INCLUDE_VAC,Accounts for Legacy study division of BBC
default,STUDY_ID,B5201005,WRD_WORKING,Manual-STUDY_DIV_GIPM,Manual overrides for projects with mixed LEGACY STUDY DIVISION AND STUDY_SUB_DIVISION LABELS
default,STUDY_ID,B5201006,WRD_WORKING,Manual-BU_FUNDED,Manual overrides for projects with mixed LEGACY STUDY DIVISION AND STUDY_SUB_DIVISION LABELS
default,STUDY_ID,B5201014,WRD_WORKING,Manual-BU_FUNDED,Manual overrides for projects with mixed LEGACY STUDY DIVISION AND STUDY_SUB_DIVISION LABELS
default,STUDY_ID,B5301004,WRD_WORKING,Manaul- Excalliard- FAP before ACQ,PLW STATUS LOGIC correction
default,STUDY_ID,B7451016,WRD_WORKING,Manual-BU_FUNDED,Accounts for GIPM_INNOVATIVE PHARMA_Logic-pft-2/26/2018
default,STUDY_ID,B7451017,WRD_WORKING,Manual-BU_FUNDED,Accounts for GIPM_INNOVATIVE PHARMA_Logic-pft-2/26/2018
default,STUDY_ID,B7451018,WRD_WORKING,Manual-BU_FUNDED,Accounts for GIPM_INNOVATIVE PHARMA_Logic-pft-2/26/2018
default,STUDY_ID,B7451019,WRD_WORKING,Manual-BU_FUNDED,Accounts for GIPM_INNOVATIVE PHARMA_Logic-pft-2/26/2018
default,STUDY_ID,B7451020,WRD_WORKING,Manual-BU_FUNDED,Accounts for GIPM_INNOVATIVE PHARMA_Logic-pft-2/26/2018
default,STUDY_ID,B7451021,WRD_WORKING,Manual-BU_FUNDED,Accounts for GIPM_INNOVATIVE PHARMA_Logic-pft-2/26/2018
default,STUDY_ID,B7451022,WRD_WORKING,Manual-BU_FUNDED,Accounts for GIPM_INNOVATIVE PHARMA_Logic-pft-2/26/2018
default,STUDY_ID,B7451027,WRD_WORKING,Manual-BU_FUNDED,Manual overrides for projects with mixed LEGACY STUDY DIVISION AND STUDY_SUB_DIVISION LABELS
default,STUDY_ID,B7471003,WRD_WORKING,WRD_INCLUDE_VAC,Override to include Vaccines Study Div 
default,STUDY_ID,B7521001,WRD_WORKING,WRD_INCLUDE_ONC,Legacy Study Division update from oncology- May change
default,STUDY_ID,B7541001,WRD_WORKING,WRD_INCLUDE,Correction for Der Phase (removed Der Phase from logic)
default,STUDY_ID,B7661001,WRD_WORKING,WRD_INCLUDE_ONC,Legacy Study Division update from oncology- May change
default,STUDY_ID,B7831001,WRD_WORKING,WRD_INCLUDE_ONC,Legacy Study Division update from oncology- May change
default,STUDY_ID,B7861002,WRD_WORKING,WRD_INCLUDE_ONC,Correction for Oncology Study Division- run by WRD: pft Aug 30
default,STUDY_ID,B7931006,WRD_WORKING,WRD_INCLUDE,Manual overide- run to overwrite GPD Study Division
default,STUDY_ID,B8011001,WRD_WORKING,WRD_INCLUDE_ONC,Legacy Study Division update from oncology- May change
default,STUDY_ID,B8271010,WRD_WORKING,WRD_INCLUDE,Correction for Der Phase (removed Der Phase from logic)- May change
default,STUDY_ID,B9991007,WRD_WORKING,Manual-BU_FUNDED,Manual overrides for projects with mixed LEGACY STUDY DIVISION AND STUDY_SUB_DIVISION LABELS
default,STUDY_ID,C0311004,WRD_WORKING,Manual- OPKO Health in lic,PLW STATUS LOGIC correction
default,STUDY_ID,C0311005,WRD_WORKING,Manual- OPKO Health in lic,PLW STATUS LOGIC correction
default,STUDY_ID,C0591001,WRD_WORKING,WRD_INCLUDE_ONC,Legacy Study Division update from oncology- May change
default,STUDY_ID,C0921016,WRD_WORKING,Manual- Medivation ACQ,Medivation acquistion studies 10/11/17
default,STUDY_ID,C0921024,WRD_WORKING,Manual- Medivation ACQ,Medivation acquistion studies 10/11/17
default,STUDY_ID,C1171014,WRD_WORKING,WRD_INCLUDE,Correction for Der Phase (removed Der Phase from logic)- May change
default,STUDY_ID,C3241001,WRD_WORKING,Manual-BRDU,Accounts for BRDU exclusion for biosimilars   12/18/2017
default,STUDY_ID,C3291001,WRD_WORKING,Manual-BU_FUNDED,Manual overrides for projects with mixed LEGACY STUDY DIVISION AND STUDY_SUB_DIVISION LABELS
default,STUDY_ID,C3291006,WRD_WORKING,Manual- Crisaborole,Crisaborole- Approved 
default,STUDY_ID,C3291009,WRD_WORKING,Manual- Crisaborole,Crisaborole- Approved 
default,STUDY_ID,C3291018,WRD_WORKING,Manual- Crisaborole,Crisaborole- Approved 
default,STUDY_ID,C3291019,WRD_WORKING,Manual- Crisaborole,Crisaborole- Approved 
default,STUDY_ID,C3401001,WRD_WORKING,Manual- Anacor project,Anacor project acquired- BU funded
default,STUDY_ID,C3401002,WRD_WORKING,Manual- Anacor project,Anacor project acquired- BU funded
default,STUDY_ID,C3401003,WRD_WORKING,Manual- Anacor project,Anacor project acquired- BU funded
default,STUDY_ID,C3401004,WRD_WORKING,Manual- Anacor project,Anacor project acquired- BU funded
default,STUDY_ID,C3401005,WRD_WORKING,Manual- Anacor project,Anacor project acquired- BU funded
default,STUDY_ID,C3401006,WRD_WORKING,Manual- Anacor project,Anacor project acquired- BU funded
default,STUDY_ID,C3451005,WRD_WORKING,Manual- Medivation ACQ,PLW STATUS LOGIC correction
default,STUDY_ID,C3531001,WRD_WORKING,Manual- Medivation ACQ,PLW STATUS LOGIC correction
default,STUDY_ID,C3531003,WRD_WORKING,Manual- Medivation ACQ,PLW STATUS LOGIC correction
default,STUDY_ID,C3531004,WRD_WORKING,Manual- Medivation ACQ,PLW STATUS LOGIC correction
default,STUDY_ID,C3531007,WRD_WORKING,Manual- Medivation ACQ,PLW STATUS LOGIC correction
default,STUDY_ID,C3531008,WRD_WORKING,Manual- Medivation ACQ,PLW STATUS LOGIC correction
default,STUDY_ID,C3531009,WRD_WORKING,Manual- Medivation ACQ,PLW STATUS LOGIC correction
default,STUDY_ID,C3531010,WRD_WORKING,Manual- Medivation ACQ,PLW STATUS LOGIC correction
default,STUDY_ID,C3541001,WRD_WORKING,Manual- Medivation ACQ,PLW STATUS LOGIC correction
default,STUDY_ID,C3571001,WRD_WORKING,WRD_INCLUDE_VAC,Accounts for VACCINES Study Div and Sub division 10/11/17
default,STUDY_ID,C3621001,WRD_WORKING,WRD_INCLUDE_VAC,Accounts for VACCINES Study Div and Sub division 10/19/17
default,STUDY_ID,C3661001,WRD_WORKING,WRD_INCLUDE_ONC,Accounts for Oncology/Oncology Study Division
default,STUDY_ID,C3821001,WRD_WORKING,WRD_INCLUDE_ONC,Accounts for Oncology/Oncology Study Division
default,STUDY_ID,C3221001,WRD_FLAG,EXCLUDE,Accounts for PEH project Ph I work pft-3/26/2018
default,STUDY_ID,C3221001,WRD_WORKING,Manual-BU_FUNDED,Accounts for PEH project Ph I work pft-3/26/2018
default,STUDY_ID,C3601010,WRD_FLAG,EXCLUDE,Accounts for PEH Project work-pft 6/27/2018
default,STUDY_ID,C3601010,WRD_WORKING,Manual-BU_FUNDED,Accounts for PEH Project work-pft 6/27/2018
default,STUDY_ID,A5481044,WRD_FLAG,WRD_INCLUDE_ONC,Accounts for GPDy/Oncology Study SUB Division Manual update as per Budetti
default,STUDY_ID,A5481044,WRD_WORKING,WRD_INCLUDE_ONC,Accounts for GPDy/Oncology Study SUB Division Manual update as per Budetti
default,STUDY_ID,B1371003,WRD_FLAG,WRD_INCLUDE_ONC,Accounts for GPDy/Oncology Study SUB Division Manual update as per Budetti
default,STUDY_ID,B1371003,WRD_WORKING,WRD_INCLUDE_ONC,Accounts for GPDy/Oncology Study SUB Division Manual update as per Budetti
default,STUDY_ID,B1371013,WRD_FLAG,WRD_INCLUDE_ONC,Accounts for GPDy/Oncology Study SUB Division Manual update as per Budetti
default,STUDY_ID,B1371013,WRD_WORKING,WRD_INCLUDE_ONC,Accounts for GPDy/Oncology Study SUB Division Manual update as per Budetti
default,STUDY_ID,C3671002,WRD_FLAG,WRD_INCLUDE_VAC,Accounts for VACCINES/VACCINES pft-8/1/2018
default,STUDY_ID,C3671002,WRD_WORKING,WRD_INCLUDE_VAC,Accounts for VACCINES/VACCINES pft-8/1/2018
default,STUDY_ID,B5201003,BIC_SCOPE,Exclude,6/6/18 MANUAL: rollover
default,STUDY_ID,B7841003,BIC_SCOPE,Exclude,June 2018: MANUAL rollover
default,STUDY_ID,C0371003,BIC_SCOPE,Exclude,4/26/17: MANUAL: spark run study
default,STUDY_ID,C3451005,BIC_SCOPE,Exclude,8/28/17:  MANUAL missing FAP date so Acquisition logic not working
default,STUDY_ID,C3431006,MOP_FLAG,NO: manual; in-lic closeout,Xtandi C3431006 (MDV3100-08) Ph 1 BC (+/- anastrazole
default,STUDY_ID,C3431007,MOP_FLAG,NO: manual; in-lic closeout,Xtandi C3431007 (MDV3100-11) Ph 2 AR+ mTNBC
default,STUDY_ID,C3431009,MOP_FLAG,NO: manual; in-lic closeout,Xtandi C3431009 (S-3100-1-01) Ph 1/2 Dose Esc/PK CRPC
default,STUDY_ID,C3431010,MOP_FLAG,NO: manual; in-lic closeout,Xtandi C3431010 (CRPC2OLE) Ph 3 Progressive CRPC (AFFIRM)
default,STUDY_ID,C3431014,MOP_FLAG,NO: manual; in-lic closeout,Xtandi C3431014 (MDV3100-09) Ph 2 PC post-primary ADT (STRIVE)
default,STUDY_ID,C3441001,MOP_FLAG,NO: manual; in-lic closeout,talazoparib C3441001 (MDV3800-01) Ph 1 Renal Impairment
default,STUDY_ID,C3441002,MOP_FLAG,NO: manual; in-lic closeout,talazoparib C3441002 (MDV3800-02) Ph 1 Hepatic Impairment
default,STUDY_ID,C3441003,MOP_FLAG,NO: manual; in-lic closeout,talazoparib C3441003 (MDV3800-03) Ph 1 ADME Mass Balance
default,STUDY_ID,C3441004,MOP_FLAG,NO: manual; in-lic closeout,talazoparib C3441004 (MDV3800-04) Ph 1 DDI Study
default,STUDY_ID,C3441005,MOP_FLAG,NO: manual; in-lic closeout,talazoparib C3441005 (MDV3800-14) Ph 1 Cardiac Repolarization in Pts w Adv Solid Tumors
default,STUDY_ID,C3441010,MOP_FLAG,NO: manual; in-lic closeout,talazoparib C3441010 (MDV3800-13) Ph 1 OLE 
default,STUDY_ID,A0351068,COST_DIVISION_FLAG,PEH,override to accommodate old governance
default,STUDY_ID,A0531098,COST_DIVISION_FLAG,PEH,override to accommodate old governance
default,STUDY_ID,A0531099,COST_DIVISION_FLAG,PEH,override to accommodate old governance
default,STUDY_ID,A0531100,COST_DIVISION_FLAG,PEH,override to accommodate old governance
default,STUDY_ID,A0531103,COST_DIVISION_FLAG,PEH,override to accommodate old governance
default,STUDY_ID,A0531105,COST_DIVISION_FLAG,PEH,override to accommodate old governance
default,STUDY_ID,A0531107,COST_DIVISION_FLAG,PEH,override to accommodate old governance
default,STUDY_ID,A0661097,COST_DIVISION_FLAG,PEH,override to accommodate old governance
default,STUDY_ID,A0661157,COST_DIVISION_FLAG,PEH,override to accommodate old governance
default,STUDY_ID,A0661179,COST_DIVISION_FLAG,PEH,override to accommodate old governance
default,STUDY_ID,A0661186,COST_DIVISION_FLAG,PEH,override to accommodate old governance
default,STUDY_ID,A0661191,COST_DIVISION_FLAG,PEH,override to accommodate old governance
default,STUDY_ID,A0661192,COST_DIVISION_FLAG,PEH,override to accommodate old governance
default,STUDY_ID,A0661195,COST_DIVISION_FLAG,PEH,override to accommodate old governance
default,STUDY_ID,A0661199,COST_DIVISION_FLAG,PEH,override to accommodate old governance
default,STUDY_ID,A0661200,COST_DIVISION_FLAG,PEH,override to accommodate old governance
default,STUDY_ID,A0661204,COST_DIVISION_FLAG,PEH,override to accommodate old governance
default,STUDY_ID,A1281024,COST_DIVISION_FLAG,PEH,override to accommodate old governance
default,STUDY_ID,A1281061,COST_DIVISION_FLAG,PEH,override to accommodate old governance
default,STUDY_ID,A1281135,COST_DIVISION_FLAG,PEH,override to accommodate old governance
default,STUDY_ID,A1281140,COST_DIVISION_FLAG,PEH,override to accommodate old governance
default,STUDY_ID,A1281173,COST_DIVISION_FLAG,PEH,override to accommodate old governance
default,STUDY_ID,A1281181,COST_DIVISION_FLAG,PEH,override to accommodate old governance
default,STUDY_ID,A1281190,COST_DIVISION_FLAG,PEH,override to accommodate old governance
default,STUDY_ID,A1481156,COST_DIVISION_FLAG,PEH,override to accommodate old governance
default,STUDY_ID,A1481244,COST_DIVISION_FLAG,PEH,override to accommodate old governance
default,STUDY_ID,A1481276,COST_DIVISION_FLAG,PEH,override to accommodate old governance
default,STUDY_ID,A1481293,COST_DIVISION_FLAG,PEH,override to accommodate old governance
default,STUDY_ID,A1481294,COST_DIVISION_FLAG,PEH,override to accommodate old governance
default,STUDY_ID,A1481295,COST_DIVISION_FLAG,PEH,override to accommodate old governance
default,STUDY_ID,A1481299,COST_DIVISION_FLAG,PEH,override to accommodate old governance
default,STUDY_ID,A1481313,COST_DIVISION_FLAG,PEH,override to accommodate old governance
default,STUDY_ID,C3711003,COST_DIVISION_FLAG,WRD,override to accommodate old governance
default,STUDY_ID,C3751002,COST_DIVISION_FLAG,WRD,override to accommodate old governance
default,STUDY_ID,C3751003,COST_DIVISION_FLAG,WRD,override to accommodate old governance
default,STUDY_ID,C3911001,COST_DIVISION_FLAG,WRD,override to accommodate old governance
default,STUDY_ID,NRA5990024,COST_DIVISION_FLAG,PEH,override to accommodate old governance
default,STUDY_ID,A9001502,COMMERCIAL_BU,PIH,RL EDITS
default,STUDY_ID,C0251002,COST_DIVISION_FLAG,WRD,override to accommodate missing Funding source pft- 10/30/2018
default,STUDY_ID,C0251002,WRD_WORKING,WRD_INCLUDE,Override to account for Divison logic
default,STUDY_ID,C0251002,WRD_FLAG,WRD_INCLUDE,Override to account for Divison logic
default,STUDY_ID,C3601007,WRD_WORKING,Manual-BU_Funded,Override to account for study division pft-10/31/2018
default,STUDY_ID,C3601007,WRD_FLAG,EXCLUDE,Override to account for study division pft-10/31/2018
default,STUDY_ID,C3601007,COST_DIVISION_FLAG,PEH,Override to account for study division pft-10/31/2018
default,STUDY_ID,A4061075,MOP_FLAG,No: manual; korea pms,11/7/18: per roanna
default,STUDY_ID,A5481065,MOP_FLAG,No: manual; korea pms,11/7/18: per roanna
default,STUDY_ID,A3921249,MOP_FLAG,No: manual; korea pms,11/7/18: per roanna
default,STUDY_ID,B2311067,MOP_FLAG,No: manual; korea pms,11/7/18: per roanna
default,STUDY_ID,B2061143,MOP_FLAG,No: manual; korea pms,11/7/18: per roanna
default,STUDY_ID,C3731001,BIC_SCOPE,Exclude,12/4/18: MANUAL Sangano is running this study; mis-tagged in study mgt layer report