<workflow-app
 xmlns="uri:oozie:workflow:0.1" name="Curate Transform GWPL Daily">
    <start to="RunPolicy"/>
         <fork name="RunPolicy">
         <path start="GWPL_AccountLoad"/>
         <path start="GWPL_PolicyLookupLoad"/>
         <path start="GWPL_Coverage_Term_Load"/>
         <path start="GWPL_Policy_Detail_Link_pc_patransaction"/>
         <path start="GWPL_Policy_Detail_Link_pcx_hotransaction_hoe"/>
         <path start="GWPL_Policy_Detail_Link_pcx_puptransaction_pue"/>
     </fork>
  <join name="GWPL_FORK_JOB" to="PC_Reconciliation"/>

    <action name="GWPL_AccountLoad">
          <ssh xmlns="uri:oozie:ssh-action:0.1">
             <host>${focusNodeLogin}</host>
             <command>${spark_run_script_path}</command>
             <args>TABLE_NAME=gwpl_gwpc_account</args>
         <args>LAYER_NAME=TRANSFORMATION</args>
          </ssh>
          <ok to="GWPL_FORK_JOB"/>
          <error to="GWPL_TRANSFORMATION_LOAD_FAILURE"/>
    </action>
    <action name="GWPL_PolicyLookupLoad">
          <ssh xmlns="uri:oozie:ssh-action:0.1">
            <host>${focusNodeLogin}</host>
            <command>${spark_run_script_path}</command>
            <args>TABLE_NAME=gwpl_gwpc_policy_lookup</args>
        <args>LAYER_NAME=TRANSFORMATION</args>
          </ssh>
          <ok to="GWPL_PolicyCommonLoad"/>
          <error to="GWPL_TRANSFORMATION_LOAD_FAILURE"/>
    </action>
    <action name="GWPL_Coverage_Term_Load">
          <ssh xmlns="uri:oozie:ssh-action:0.1">
             <host>${focusNodeLogin}</host>
             <command>${spark_run_script_path_ct_wave2}</command>
             <args>JAR_FILE_PATH=${jar_file_path}</args>
         <args>SOURCE_FILE_PATH=${converage_term_config_source_path}</args>
                 <args>SOURCE_SYSTEM=${line_of_business}</args>
        <args>CLASS_NAME=com.stateauto.coverageTerm.CoverageTerm</args>
          </ssh>
          <ok to="GWPL_FORK_JOB"/>
          <error to="GWPL_TRANSFORMATION_LOAD_FAILURE"/>
    </action>
    <action name="GWPL_Policy_Detail_Link_pc_patransaction">
          <ssh xmlns="uri:oozie:ssh-action:0.1">
             <host>${focusNodeLogin}</host>
             <command>${spark_run_script_path_wave2}</command>
             <args>JAR_FILE_PATH=${jar_file_path}</args>
         <args>SOURCE_FILE_PATH=${config_source_path}</args>
                 <args>DB_FILE_PATH=${db_path}</args>
        <args>CLASS_NAME=com.stateauto.policyDetailLink.PolicyDetailLink</args>
        <args>SOURCE_SYSTEM=pc_patransaction</args>
          </ssh>
          <ok to="GWPL_FORK_JOB"/>
          <error to="GWPL_TRANSFORMATION_LOAD_FAILURE"/>
    </action>
    <action name="GWPL_Policy_Detail_Link_pcx_hotransaction_hoe">
          <ssh xmlns="uri:oozie:ssh-action:0.1">
             <host>${focusNodeLogin}</host>
             <command>${spark_run_script_path_wave2}</command>
             <args>JAR_FILE_PATH=${jar_file_path}</args>
         <args>SOURCE_FILE_PATH=${config_source_path}</args>
                 <args>DB_FILE_PATH=${db_path}</args>
        <args>CLASS_NAME=com.stateauto.policyDetailLink.PolicyDetailLink</args>
        <args>SOURCE_SYSTEM=pcx_hotransaction_hoe</args>
          </ssh>
          <ok to="GWPL_FORK_JOB"/>
          <error to="GWPL_TRANSFORMATION_LOAD_FAILURE"/>
    </action>
    <action name="GWPL_Policy_Detail_Link_pcx_puptransaction_pue">
          <ssh xmlns="uri:oozie:ssh-action:0.1">
             <host>${focusNodeLogin}</host>
             <command>${spark_run_script_path_wave2}</command>
             <args>JAR_FILE_PATH=${jar_file_path}</args>
         <args>SOURCE_FILE_PATH=${config_source_path}</args>
                 <args>DB_FILE_PATH=${db_path}</args>
        <args>CLASS_NAME=com.stateauto.policyDetailLink.PolicyDetailLink</args>
        <args>SOURCE_SYSTEM=pcx_puptransaction_pue</args>
          </ssh>
          <ok to="GWPL_FORK_JOB"/>
          <error to="GWPL_TRANSFORMATION_LOAD_FAILURE"/>
    </action>
    <action name="GWPL_PolicyCommonLoad">
          <ssh xmlns="uri:oozie:ssh-action:0.1">
            <host>${focusNodeLogin}</host>
            <command>${spark_run_script_path}</command>
            <args>TABLE_NAME=gwpl_policy_common</args>
        <args>LAYER_NAME=TRANSFORMATION</args>
          </ssh>
          <ok to="GWPL_PremTrnsDetailLoad"/>
        <error to="GWPL_TRANSFORMATION_LOAD_FAILURE"/>
    </action>
    <action name="GWPL_PremTrnsDetailLoad">
          <ssh xmlns="uri:oozie:ssh-action:0.1">
            <host>${focusNodeLogin}</host>
            <command>${spark_run_script_path}</command>
            <args>TABLE_NAME=gwpl_gwpc_prem_trans_detail</args>
        <args>LAYER_NAME=TRANSFORMATION</args>
          </ssh>
          <ok to="GWPL_EarnedPremLoad"/>
          <error to="GWPL_TRANSFORMATION_LOAD_FAILURE"/>
    </action>
    <action name="GWPL_EarnedPremLoad">
          <ssh xmlns="uri:oozie:ssh-action:0.1">
             <host>${focusNodeLogin}</host>
             <command>${spark_run_script_path}</command>
             <args>TABLE_NAME=gwpl_gwpc_earned_prem</args>
         <args>LAYER_NAME=TRANSFORMATION</args>
          </ssh>
          <ok to="GWPL_FORK_JOB"/>
          <error to="GWPL_TRANSFORMATION_LOAD_FAILURE"/>
    </action>
          <action name="PC_Reconciliation">
          <ssh xmlns="uri:oozie:ssh-action:0.1">
            <host>${focusNodeLogin}</host>
            <command>${spark_run_script_path2}</command>
            <args>TABLE_NAME=gwpl_transform</args>
        <args>LAYER_NAME=Reconciliation</args>
          </ssh>
           <ok to="GWPL_TRANSFORMATION_LOAD_SUCCESS"/>
          <error to="KILL"/>
    </action>
    <action name="GWPL_TRANSFORMATION_LOAD_SUCCESS">
         <email xmlns="uri:oozie:email-action:0.1">
            <to>${emailToAddress}</to>
            <subject>${mode} - New Account GWPL Transformation Success Notification</subject>
            <body>GWPL Transformation Workflow is completed.</body>
         </email>
         <ok to="END"/>
         <error to="KILL"/>
    </action>
    <action name="GWPL_TRANSFORMATION_LOAD_FAILURE">
         <email xmlns="uri:oozie:email-action:0.1">
            <to>${emailToAddress}</to>
            <subject>${mode} : New Account Failure GWPL Transformation Notification</subject>
            <body>The wf ${wf:id()} has been failed, error message ${wf:errorMessage(wf:lastErrorNode())}.</body>
         </email>
         <ok to="GWPL_FORK_JOB"/>
         <error to="KILL"/>
    </action>
    <kill name="KILL">
        <!-- <message>"Killed job due to error"</message> -->
        <message>Job failed for Policy Curation Tables, error message ${wf:errorMessage(wf:lastErrorNode())}.</message>
    </kill>
   <end name="END"/>
</workflow-app>