<workflow-app
 xmlns="uri:oozie:workflow:0.1" name="Curate Transform GWCL Daily">
    <start to="RunPolicy"/>
        <fork name="RunPolicy">
         <path start="GWCL_AccountLoad"/>
         <path start="GWCL_PolicyLookupLoad"/>
        </fork>

        <join name="GWCL_FORK_JOB_JOIN1" to="RunPolicy2"/>

        <fork name="RunPolicy2">
         <path start="GWCL_Coverage_Term_Load_FR"/>
         <path start="GWCL_Coverage_Term_Load"/>
		</fork>

        <join name="GWCL_FORK_JOB_JOIN2" to="RunPolicy3"/>

        <fork name="RunPolicy3">
         <path start="GWCL_Policy_Detail_Link_pcx_ca7transaction"/>
         <path start="GWCL_Policy_Detail_Link_pcx_bp7transaction"/>
		</fork>

		<join name="GWCL_FORK_JOB_JOIN3" to="RunPolicy4"/>

        <fork name="RunPolicy4">
         <path start="GWCL_Policy_Detail_Link_pcx_cutransaction"/>
         <path start="GWCL_Policy_Detail_Link_pcx_futransaction"/>
		</fork>

        <join name="GWCL_FORK_JOB_JOIN4" to="RunPolicy5"/>

        <fork name="RunPolicy5">
         <path start="GWCL_Policy_Detail_Link_pcx_fatransaction"/>
         <path start="GWCL_Policy_Detail_Link_pcx_frmtransaction"/>
		 <path start="GWCL_Coverage_Term_Load_CPP"/>
		</fork>

		<join name="GWCL_FORK_JOB_JOIN5" to="RunPolicy6"/>
		
		<fork name="RunPolicy6">
         <path start="GWCL_Policy_Detail_Link_pcx_gl7transaction"/>
         <path start="GWCL_Policy_Detail_Link_pcx_cp7transaction"/>
		 <path start="GWCL_Policy_Detail_Link_pc_imtransaction"/>
		</fork>
		
		<join name="GWCL_FORK_JOB" to="RunPolicy7"/>
		
		<fork name="RunPolicy7">
         <path start="PC_Reconciliation"/>
         <path start="Condition_Exclusion_GWCL"/>
		</fork>	
		
		<join name="GWCL_FORK_JOB_FINAL" to="GWCL_TRANSFORMATION_LOAD_SUCCESS"/>
    
	<action name="GWCL_AccountLoad">
          <ssh xmlns="uri:oozie:ssh-action:0.1">
             <host>${focusNodeLogin}</host>
             <command>${spark_run_script_path}</command>
             <args>TABLE_NAME=gwcl_gwpc_account</args>
         <args>LAYER_NAME=TRANSFORMATION</args>
          </ssh>
          <ok to="GWCL_FORK_JOB_JOIN1"/>
          <error to="GWCL_TRANSFORMATION_LOAD_FAILURE"/>
    </action>

    <action name="GWCL_PolicyLookupLoad">
          <ssh xmlns="uri:oozie:ssh-action:0.1">
            <host>${focusNodeLogin}</host>
            <command>${spark_run_script_path}</command>
            <args>TABLE_NAME=gwcl_gwpc_policy_lookup</args>
        <args>LAYER_NAME=TRANSFORMATION</args>
          </ssh>
          <ok to="GWCL_PolicyCommonLoad"/>
          <error to="GWCL_TRANSFORMATION_LOAD_FAILURE"/>
    </action>
	
    <action name="GWCL_Coverage_Term_Load">
          <ssh xmlns="uri:oozie:ssh-action:0.1">
             <host>${focusNodeLogin}</host>
             <command>${spark_run_script_path_ct_wave2}</command>
             <args>JAR_FILE_PATH=${jar_file_path}</args>
         <args>SOURCE_FILE_PATH=${converage_term_config_source_path}</args>
                 <args>SOURCE_SYSTEM=${line_of_business}</args>
        <args>CLASS_NAME=com.stateauto.coverageTerm.CoverageTerm</args>
          </ssh>
          <ok to="GWCL_FORK_JOB_JOIN2"/>
          <error to="GWCL_TRANSFORMATION_LOAD_FAILURE"/>
    </action>

    <action name="GWCL_Coverage_Term_Load_FR">
          <ssh xmlns="uri:oozie:ssh-action:0.1">
             <host>${focusNodeLogin}</host>
             <command>${spark_run_script_path_ct_wave2}</command>
             <args>JAR_FILE_PATH=${jar_file_path}</args>
         <args>SOURCE_FILE_PATH=${converage_term_config_source_path}</args>
                 <args>SOURCE_SYSTEM=${line_of_business_fr}</args>
        <args>CLASS_NAME=com.stateauto.coverageTerm.CoverageTerm</args>
          </ssh>
          <ok to="GWCL_FORK_JOB_JOIN2"/>
          <error to="GWCL_TRANSFORMATION_LOAD_FAILURE"/>
    </action>
    
	<action name="GWCL_Policy_Detail_Link_pcx_ca7transaction">
          <ssh xmlns="uri:oozie:ssh-action:0.1">
             <host>${focusNodeLogin}</host>
             <command>${spark_run_script_path_wave2}</command>
             <args>JAR_FILE_PATH=${jar_file_path}</args>
         <args>SOURCE_FILE_PATH=${config_source_path}</args>
                 <args>DB_FILE_PATH=${db_path}</args>
        <args>CLASS_NAME=com.stateauto.policyDetailLink.PolicyDetailLink</args>
        <args>SOURCE_SYSTEM=pcx_ca7transaction</args>
          </ssh>
          <ok to="GWCL_FORK_JOB_JOIN3"/>
          <error to="GWCL_TRANSFORMATION_LOAD_FAILURE"/>
    </action>
    
	<action name="GWCL_Policy_Detail_Link_pcx_bp7transaction">
          <ssh xmlns="uri:oozie:ssh-action:0.1">
             <host>${focusNodeLogin}</host>
             <command>${spark_run_script_path_wave2}</command>
             <args>JAR_FILE_PATH=${jar_file_path}</args>
         <args>SOURCE_FILE_PATH=${config_source_path}</args>
                 <args>DB_FILE_PATH=${db_path}</args>
        <args>CLASS_NAME=com.stateauto.policyDetailLink.PolicyDetailLink</args>
        <args>SOURCE_SYSTEM=pcx_bp7transaction</args>
          </ssh>
          <ok to="GWCL_FORK_JOB_JOIN3"/>
          <error to="GWCL_TRANSFORMATION_LOAD_FAILURE"/>
    </action>
    
	<action name="GWCL_Policy_Detail_Link_pcx_cutransaction">
          <ssh xmlns="uri:oozie:ssh-action:0.1">
             <host>${focusNodeLogin}</host>
             <command>${spark_run_script_path_wave2}</command>
             <args>JAR_FILE_PATH=${jar_file_path}</args>
         <args>SOURCE_FILE_PATH=${config_source_path}</args>
                 <args>DB_FILE_PATH=${db_path}</args>
        <args>CLASS_NAME=com.stateauto.policyDetailLink.PolicyDetailLink</args>
        <args>SOURCE_SYSTEM=pcx_cutransaction</args>
          </ssh>
          <ok to="GWCL_FORK_JOB_JOIN4"/>
          <error to="GWCL_TRANSFORMATION_LOAD_FAILURE"/>
    </action>
    
	<action name="GWCL_Policy_Detail_Link_pcx_frmtransaction">
          <ssh xmlns="uri:oozie:ssh-action:0.1">
             <host>${focusNodeLogin}</host>
             <command>${spark_run_script_path_wave2}</command>
             <args>JAR_FILE_PATH=${jar_file_path}</args>
         <args>SOURCE_FILE_PATH=${config_source_path}</args>
                 <args>DB_FILE_PATH=${db_path}</args>
        <args>CLASS_NAME=com.stateauto.policyDetailLink.PolicyDetailLink</args>
        <args>SOURCE_SYSTEM=pcx_frmtransaction</args>
          </ssh>
          <ok to="GWCL_FORK_JOB_JOIN5"/>
          <error to="GWCL_TRANSFORMATION_LOAD_FAILURE"/>
    </action>

	<action name="GWCL_Coverage_Term_Load_CPP">
          <ssh xmlns="uri:oozie:ssh-action:0.1">
             <host>${focusNodeLogin}</host>
             <command>${spark_run_script_path_ct_wave2}</command>
             <args>JAR_FILE_PATH=${jar_file_path}</args>
             <args>SOURCE_FILE_PATH=${converage_term_config_source_path}</args>
             <args>SOURCE_SYSTEM=${line_of_business_cpp}</args>
             <args>CLASS_NAME=com.stateauto.coverageTerm.CoverageTerm</args>
          </ssh>
          <ok to="GWCL_FORK_JOB_JOIN5"/>
          <error to="GWCL_TRANSFORMATION_LOAD_FAILURE"/>
    </action>
	
	<action name="GWCL_Policy_Detail_Link_pcx_fatransaction">
          <ssh xmlns="uri:oozie:ssh-action:0.1">
             <host>${focusNodeLogin}</host>
             <command>${spark_run_script_path_wave2}</command>
             <args>JAR_FILE_PATH=${jar_file_path}</args>
         <args>SOURCE_FILE_PATH=${config_source_path}</args>
                 <args>DB_FILE_PATH=${db_path}</args>
        <args>CLASS_NAME=com.stateauto.policyDetailLink.PolicyDetailLink</args>
        <args>SOURCE_SYSTEM=pcx_fatransaction</args>
          </ssh>
          <ok to="GWCL_FORK_JOB_JOIN5"/>
          <error to="GWCL_TRANSFORMATION_LOAD_FAILURE"/>
    </action>

	<action name="GWCL_Policy_Detail_Link_pcx_futransaction">
          <ssh xmlns="uri:oozie:ssh-action:0.1">
             <host>${focusNodeLogin}</host>
             <command>${spark_run_script_path_wave2}</command>
             <args>JAR_FILE_PATH=${jar_file_path}</args>
         <args>SOURCE_FILE_PATH=${config_source_path}</args>
                 <args>DB_FILE_PATH=${db_path}</args>
        <args>CLASS_NAME=com.stateauto.policyDetailLink.PolicyDetailLink</args>
        <args>SOURCE_SYSTEM=pcx_futransaction</args>
          </ssh>
          <ok to="GWCL_FORK_JOB_JOIN4"/>
          <error to="GWCL_TRANSFORMATION_LOAD_FAILURE"/>
    </action>
	
	<action name="GWCL_Policy_Detail_Link_pcx_gl7transaction">
          <ssh xmlns="uri:oozie:ssh-action:0.1">
             <host>${focusNodeLogin}</host>
             <command>${spark_run_script_path_wave2}</command>
             <args>JAR_FILE_PATH=${jar_file_path}</args>
             <args>SOURCE_FILE_PATH=${config_source_path}</args>
             <args>DB_FILE_PATH=${db_path}</args>
             <args>CLASS_NAME=com.stateauto.policyDetailLink.PolicyDetailLink</args>
        <args>SOURCE_SYSTEM=pcx_gl7transaction</args>
          </ssh>
          <ok to="GWCL_FORK_JOB"/>
          <error to="GWCL_TRANSFORMATION_LOAD_FAILURE"/>
    </action>
	
	<action name="GWCL_Policy_Detail_Link_pcx_cp7transaction">
          <ssh xmlns="uri:oozie:ssh-action:0.1">
             <host>${focusNodeLogin}</host>
             <command>${spark_run_script_path_wave2}</command>
             <args>JAR_FILE_PATH=${jar_file_path}</args>
             <args>SOURCE_FILE_PATH=${config_source_path}</args>
             <args>DB_FILE_PATH=${db_path}</args>
             <args>CLASS_NAME=com.stateauto.policyDetailLink.PolicyDetailLink</args>
             <args>SOURCE_SYSTEM=pcx_cp7transaction</args>
          </ssh>
          <ok to="GWCL_FORK_JOB"/>
          <error to="GWCL_TRANSFORMATION_LOAD_FAILURE"/>
    </action>
	
	<action name="GWCL_Policy_Detail_Link_pc_imtransaction">
          <ssh xmlns="uri:oozie:ssh-action:0.1">
             <host>${focusNodeLogin}</host>
             <command>${spark_run_script_path_wave2}</command>
             <args>JAR_FILE_PATH=${jar_file_path}</args>
             <args>SOURCE_FILE_PATH=${config_source_path}</args>
             <args>DB_FILE_PATH=${db_path}</args>
             <args>CLASS_NAME=com.stateauto.policyDetailLink.PolicyDetailLink</args>
             <args>SOURCE_SYSTEM=pc_imtransaction</args>
          </ssh>
          <ok to="GWCL_FORK_JOB"/>
          <error to="GWCL_TRANSFORMATION_LOAD_FAILURE"/>
    </action>
	
	<action name="GWCL_PolicyCommonLoad">
          <ssh xmlns="uri:oozie:ssh-action:0.1">
            <host>${focusNodeLogin}</host>
            <command>${spark_run_script_path}</command>
            <args>TABLE_NAME=gwcl_policy_common</args>
        <args>LAYER_NAME=TRANSFORMATION</args>
          </ssh>
          <ok to="GWCL_PremTrnsDetailLoad"/>
        <error to="GWCL_TRANSFORMATION_LOAD_FAILURE"/>
    </action>

    <action name="GWCL_PremTrnsDetailLoad">
          <ssh xmlns="uri:oozie:ssh-action:0.1">
            <host>${focusNodeLogin}</host>
            <command>${spark_run_script_path}</command>
            <args>TABLE_NAME=gwcl_gwpc_prem_trans_detail</args>
        <args>LAYER_NAME=TRANSFORMATION</args>
          </ssh>
          <ok to="GWCL_EarnedPremLoad"/>
          <error to="GWCL_TRANSFORMATION_LOAD_FAILURE"/>
    </action>

    <action name="GWCL_EarnedPremLoad">
          <ssh xmlns="uri:oozie:ssh-action:0.1">
             <host>${focusNodeLogin}</host>
             <command>${spark_run_script_path}</command>
             <args>TABLE_NAME=gwcl_gwpc_earned_prem</args>
         <args>LAYER_NAME=TRANSFORMATION</args>
          </ssh>
          <ok to="GWCL_FORK_JOB_JOIN1"/>
          <error to="GWCL_TRANSFORMATION_LOAD_FAILURE"/>
    </action>

	<action name="PC_Reconciliation">
          <ssh xmlns="uri:oozie:ssh-action:0.1">
            <host>${focusNodeLogin}</host>
            <command>${spark_run_script_path2}</command>
            <args>TABLE_NAME=gwcl_transform</args>
        <args>LAYER_NAME=Reconciliation</args>
          </ssh>
           <ok to="GWCL_FORK_JOB_FINAL"/>
          <error to="GWCL_TRANSFORMATION_RECON_LOAD_FAILURE"/>
    </action>

	<action name="Condition_Exclusion_GWCL">
	    <ssh xmlns="uri:oozie:ssh-action:0.1">
             <host>${focusNodeLogin}</host>
             <command>${spark_run_script_path_ct_wave2}</command>
             <args>JAR_FILE_PATH=${jar_file_path}</args>
         <args>SOURCE_FILE_PATH=${conditn_exclusion_config_source_path}</args>
		 <args>SOURCE_SYSTEM=${line_of_business}</args>
	<args>CLASS_NAME=com.stateauto.conditionExclusion.ConditionExclusion</args>
          </ssh>
          <ok to="GWCL_FORK_JOB_FINAL"/>
          <error to="GWCL_TRANSFORMATION_LOAD_FAILURE"/>
    </action>
	
	<action name="GWCL_TRANSFORMATION_LOAD_SUCCESS">
         <email xmlns="uri:oozie:email-action:0.1">
            <to>${emailToAddress}</to>
            <subject>${mode} - New Account GWCL Transformation Success Notification</subject>
            <body>GWCL Transformation Workflow is completed.</body>
         </email>
         <ok to="END"/>
         <error to="KILL"/>
    </action>

    <action name="GWCL_TRANSFORMATION_LOAD_FAILURE">
         <email xmlns="uri:oozie:email-action:0.1">
            <to>${emailToAddress}</to>
            <subject>${mode} : New Account Failure GWCL Transformation Notification</subject>
            <body>The wf ${wf:id()} has been failed, error message ${wf:errorMessage(wf:lastErrorNode())}.</body>
         </email>
         <ok to="KILL"/>
         <error to="KILL"/>
    </action>

	<action name="GWCL_TRANSFORMATION_RECON_LOAD_SUCCESS">
         <email xmlns="uri:oozie:email-action:0.1">
            <to>${emailToAddress}</to>
            <subject>${mode} - New Account GWCL Transformation Recon Success Notification</subject>
            <body>GWCL Transformation Workflow is completed.</body>
         </email>
         <ok to="END"/>
         <error to="KILL"/>
    </action>

    <action name="GWCL_TRANSFORMATION_RECON_LOAD_FAILURE">
         <email xmlns="uri:oozie:email-action:0.1">
            <to>${emailToAddress}</to>
            <subject>${mode} : New Account Failure GWCL Transformation Recon Notification</subject>
            <body>The wf ${wf:id()} has been failed, error message ${wf:errorMessage(wf:lastErrorNode())}.</body>
         </email>
         <ok to="KILL"/>
         <error to="KILL"/>
    </action>
	
    <kill name="KILL">
        <!-- <message>"Killed job due to error"</message> -->
        <message>Job failed for Policy Curation Tables, error message ${wf:errorMessage(wf:lastErrorNode())}.</message>
    </kill>
   <end name="END"/>
</workflow-app>


