<workflow-app
 xmlns="uri:oozie:workflow:0.1" name="Curate Transform GWCC Daily">	
    <start to="RunClaim"/> 
	 <fork name="RunClaim">
	     <path start="GWCC_PaymentLoad"/>
		 <path start="GWPL_PolicyClaimLinkLoad"/>
	 </fork>
  <join name="GWCC_FORK_JOB" to="GWCC_TRANSFORMATION_LOAD_SUCCESS"/>
    <action name="GWCC_stgRecon">
 	  <ssh xmlns="uri:oozie:ssh-action:0.1">
	     <host>${focusNodeLogin}</host>
	     <command>${spark_run_script_path_stgRecon}</command>
	     <args>TABLE_NAME=stg_reconc</args>
       <args>LAYER_NAME=TRANSFORMATION</args>
	  </ssh>
	  <ok to="RunClaim"/>
	  <error to="KILL"/>
    </action>
	    <action name="GWCC_PaymentLoad">
	  <ssh xmlns="uri:oozie:ssh-action:0.1">
	     <host>${focusNodeLogin}</host>
	     <command>${spark_run_script_path}</command>
	     <args>TABLE_NAME=gwcc_payment</args>
          <args>LAYER_NAME=TRANSFORMATION</args>
	  </ssh>
	  <ok to="GWCC_LossExpoCommonLoad"/>
	  <error to="GWCC_TRANSFORMATION_LOAD_FAILURE"/>
    </action>
    <action name="GWCC_ClaimCommonLoad">
	  <ssh xmlns="uri:oozie:ssh-action:0.1">
	     <host>${focusNodeLogin}</host>
	     <command>${spark_run_script_path}</command>
	     <args>TABLE_NAME=gwcc_claim_common</args>
         <args>LAYER_NAME=TRANSFORMATION</args>
	  </ssh>
	  <ok to="GWCC_FORK_JOB"/>
	  <error to="GWCC_TRANSFORMATION_LOAD_FAILURE"/>
    </action>    
	<action name="GWPL_PolicyClaimLinkLoad">
	  <ssh xmlns="uri:oozie:ssh-action:0.1">
	    <host>${focusNodeLogin}</host>
	    <command>${spark_run_script_path}</command>
	    <args>TABLE_NAME=gwpl_policy_claim_expsr_link</args>
        <args>LAYER_NAME=TRANSFORMATION</args>
	  </ssh>
      <ok to="GWCL_PolicyClaimLinkLoad"/>
	  <error to="GWCC_TRANSFORMATION_LOAD_FAILURE"/>
    </action>
	<action name="GWCL_PolicyClaimLinkLoad">
	  <ssh xmlns="uri:oozie:ssh-action:0.1">
	    <host>${focusNodeLogin}</host>
	    <command>${spark_run_script_path}</command>
	    <args>TABLE_NAME=gwcl_policy_claim_expsr_link</args>
        <args>LAYER_NAME=TRANSFORMATION</args>
	  </ssh>
      <ok to="GWCC_ClaimCommonLoad"/>
	  <error to="GWCC_TRANSFORMATION_LOAD_FAILURE"/>
    </action>
    <action name="GWCC_LossExpoCommonLoad">
	  <ssh xmlns="uri:oozie:ssh-action:0.1">
	    <host>${focusNodeLogin}</host>
	    <command>${spark_run_script_path}</command>
	    <args>TABLE_NAME=gwcc_loss_exposure_common</args>
        <args>LAYER_NAME=TRANSFORMATION</args>
	  </ssh>
	  <ok to="GWCC_ClaimTrnsLoad"/>
	  <error to="GWCC_TRANSFORMATION_LOAD_FAILURE"/>
    </action>
   <fork name="RunClaimPart2">
         <path start="GWCC_LossExpStatus"/>
		 <path start="GWCC_ExpoResLoad"/>
		 <path start="GWCC_FinLosExpLoad"/>
		 <path start="GWCC_ReserveEODLoad"/>
    </fork>
    <join name="GWCC_FORK_JOB2" to="CC_Reconciliation"/>
    <action name="GWCC_ClaimTrnsLoad">
	  <ssh xmlns="uri:oozie:ssh-action:0.1">
	    <host>${focusNodeLogin}</host>
	    <command>${spark_run_script_path}</command>
	    <args>TABLE_NAME=gwcc_claim_trans_detail</args>
        <args>LAYER_NAME=TRANSFORMATION</args>
	  </ssh>
	  <ok to="RunClaimPart2"/>
	  <error to="KILL"/>
    </action>
    <action name="GWCC_ExpoResLoad">
	  <ssh xmlns="uri:oozie:ssh-action:0.1">
	    <host>${focusNodeLogin}</host>
	    <command>${spark_run_script_path}</command>
	    <args>TABLE_NAME=gwcc_exposure_reserve_eom</args>
        <args>LAYER_NAME=TRANSFORMATION</args>
	  </ssh>
	  <ok to="GWCC_FORK_JOB2"/>
	  <error to="GWCC_TF_LOAD_FAILURE"/>
    </action>
	<action name="GWCC_LossExpStatus">
	  <ssh xmlns="uri:oozie:ssh-action:0.1">
	    <host>${focusNodeLogin}</host>
	    <command>${spark_run_script_path}</command>
	    <args>TABLE_NAME=gwcc_loss_expsr_status_eod</args>
        <args>LAYER_NAME=TRANSFORMATION</args>
	  </ssh>
	  <ok to="GWCC_FORK_JOB2"/>
	  <error to="GWCC_TF_LOAD_FAILURE"/>
    </action>
    <action name="GWCC_FinLosExpLoad">
	  <ssh xmlns="uri:oozie:ssh-action:0.1">
	    <host>${focusNodeLogin}</host>
	    <command>${spark_run_script_path}</command>
	    <args>TABLE_NAME=gwcc_fin_loss_expsr_cnt</args>
        <args>LAYER_NAME=TRANSFORMATION</args>
	  </ssh>
	  <ok to="GWCC_FORK_JOB2"/>
	  <error to="GWCC_TF_LOAD_FAILURE"/>
    </action>
	<action name="GWCC_ReserveEODLoad">
	  <ssh xmlns="uri:oozie:ssh-action:0.1">
	    <host>${focusNodeLogin}</host>
	    <command>${spark_run_script_path}</command>
	    <args>TABLE_NAME=gwcc_exposure_reserve_eod</args>
        <args>LAYER_NAME=TRANSFORMATION</args>
	  </ssh>
	  <ok to="GWCC_FORK_JOB2"/>
	  <error to="GWCC_TF_LOAD_FAILURE"/>
    </action>
     <action name="CC_Reconciliation">
	  <ssh xmlns="uri:oozie:ssh-action:0.1">
	    <host>${focusNodeLogin}</host>
	    <command>${spark_run_script_path_cc_recon}</command>
	    <args>TABLE_NAME=cc_transform_reconc</args>
        <args>LAYER_NAME=TRANSFORMATION</args>		
	  </ssh>
	  <ok to="GWCC_FORK_JOB"/>
	  <error to="KILL"/>
    </action>
    <action name="GWCC_TRANSFORMATION_LOAD_SUCCESS">
         <email xmlns="uri:oozie:email-action:0.1">
            <to>${emailToAddress}</to>
            <subject>${mode} - GWCC Transformation Success notification</subject>
            <body>GWCC Transformation Workflow is completed</body>
         </email>
         <ok to="END"/>
         <error to="KILL"/>
    </action>
    <action name="GWCC_TRANSFORMATION_LOAD_FAILURE">
         <email xmlns="uri:oozie:email-action:0.1">
            <to>${emailToAddress}</to>
            <subject>${mode} : Failure GWCC Transformation Notification</subject>
            <body>The wf ${wf:id()} has been failed , error message ${wf:errorMessage(wf:lastErrorNode())}</body>
         </email>
         <ok to="GWCC_FORK_JOB"/>
         <error to="KILL"/>
    </action>
    <action name="GWCC_TF_LOAD_FAILURE">
         <email xmlns="uri:oozie:email-action:0.1">
            <to>${emailToAddress}</to>
            <subject>${mode} : Failure GWCC Transformation Notification</subject>
            <body>The wf ${wf:id()} has been failed , error message ${wf:errorMessage(wf:lastErrorNode())}</body>
         </email>
         <ok to="GWCC_FORK_JOB2"/>
         <error to="KILL"/>
    </action>
    <kill name="KILL">
        <!-- <message>"Killed job due to error"</message> -->
        <message>Job failed for Claim Curation Tables , error message[${wf:errorMessage(wf:lastErrorNode())}]</message>
    </kill>
   <end name="END"/>
</workflow-app>
