<workflow-app
 xmlns="uri:oozie:workflow:0.1" name="PL QUOTES Daily">	
    <start to="new_bussiness"/> 
    <action name="new_bussiness">
	  <ssh xmlns="uri:oozie:ssh-action:0.1">
	     <host>${focusNodeLogin}</host>
	     <command>${spark_run_script_path}</command>
	     <args>TABLE_NAME=new_business_count</args>
         <args>LAYER_NAME=TRANSFORMATION</args>
	  </ssh>
	  <ok to="quotes_pc"/>
	  <error to="new_bussiness_Fail"/>
    </action>
	<action name="quotes_pc">
	  <ssh xmlns="uri:oozie:ssh-action:0.1">
	     <host>${focusNodeLogin}</host>
	     <command>${spark_run_script_path}</command>
	     <args>TABLE_NAME=quotes_pc</args>
         <args>LAYER_NAME=TRANSFORMATION</args>
	  </ssh>
	  <ok to="quotes_pclite"/>
	  <error to="quotes_pc_Fail"/>
    </action>
    <action name="quotes_pclite">
	  <ssh xmlns="uri:oozie:ssh-action:0.1">
	     <host>${focusNodeLogin}</host>
	     <command>${spark_run_script_path}</command>
	     <args>TABLE_NAME=quotes_pclite</args>
         <args>LAYER_NAME=TRANSFORMATION</args>
	  </ssh>
	  <ok to="quotes_pcagg"/>
	  <error to="quotes_pclite_Fail"/>
    </action>    
	<action name="quotes_pcagg">
	  <ssh xmlns="uri:oozie:ssh-action:0.1">
	    <host>${focusNodeLogin}</host>
	    <command>${spark_run_script_path}</command>
	    <args>TABLE_NAME=quotes_pcagg</args>
        <args>LAYER_NAME=TRANSFORMATION</args>
	  </ssh>
      <ok to="quotes_all"/>
	  <error to="quotes_pcagg_Fail"/>
    </action>
    <action name="quotes_all">
	  <ssh xmlns="uri:oozie:ssh-action:0.1">
	    <host>${focusNodeLogin}</host>
	    <command>${spark_run_script_path}</command>
	    <args>TABLE_NAME=quotes_all</args>
        <args>LAYER_NAME=TRANSFORMATION</args>
	  </ssh>
	  <ok to="quotes_counts"/>
	  <error to="quotes_all_Fail"/>
    </action>
    <action name="quotes_counts">
	  <ssh xmlns="uri:oozie:ssh-action:0.1">
	    <host>${focusNodeLogin}</host>
	    <command>${spark_run_script_path_counts}</command>
	    <args>TABLE_NAME=Quotes</args>
        <args>LAYER_NAME=RECONCILIATION</args>
	  </ssh>
	  <ok to="QUOTES_LOAD_SUCCESS"/>
	  <error to="KILL"/>
    </action>
    <action name="QUOTES_LOAD_SUCCESS">
         <email xmlns="uri:oozie:email-action:0.1">
            <to>${emailToAddress}</to>
            <subject>PL Quotes Success notification (${mode})</subject>
            <body>PL Quotes Workflow is completed. All tables Loaded</body>
         </email>
         <ok to="END"/>
         <error to="KILL"/>
    </action>
    <action name="new_bussiness_Fail">
         <email xmlns="uri:oozie:email-action:0.1">
            <to>${emailToAddress}</to>
            <subject>PL Quotes LOAD Failure Notification (${mode})</subject>
            <body>New Bussiness count Load Failed.The wf ${wf:id()} has been failed , error message ${wf:errorMessage(wf:lastErrorNode())}</body>
         </email>
         <ok to="KILL"/>
         <error to="KILL"/>
    </action>
    <action name="quotes_pc_Fail">
         <email xmlns="uri:oozie:email-action:0.1">
            <to>${emailToAddress}</to>
            <subject>PL Quotes LOAD Failure Notification (${mode})</subject>
            <body>Quotes PC Load Failed.The wf ${wf:id()} has been failed , error message ${wf:errorMessage(wf:lastErrorNode())}</body>
         </email>
         <ok to="KILL"/>
         <error to="KILL"/>
    </action>
    <action name="quotes_pclite_Fail">
         <email xmlns="uri:oozie:email-action:0.1">
            <to>${emailToAddress}</to>
            <subject>PL Quotes LOAD Failure Notification (${mode})</subject>
            <body>Quotes PCLITE Load Failed.The wf ${wf:id()} has been failed , error message ${wf:errorMessage(wf:lastErrorNode())}</body>
         </email>
         <ok to="KILL"/>
         <error to="KILL"/>
    </action>
    <action name="quotes_pcagg_Fail">
         <email xmlns="uri:oozie:email-action:0.1">
            <to>${emailToAddress}</to>
            <subject>PL Quotes LOAD Failure Notification (${mode})</subject>
            <body>Quotes PCAGG Load Failed.The wf ${wf:id()} has been failed , error message ${wf:errorMessage(wf:lastErrorNode())}</body>
         </email>
         <ok to="KILL"/>
         <error to="KILL"/>
    </action>
    <action name="quotes_all_Fail">
         <email xmlns="uri:oozie:email-action:0.1">
            <to>${emailToAddress}</to>
            <subject>PL Quotes LOAD Failure Notification (${mode})</subject>
            <body>Quotes ALL Load Failed.The wf ${wf:id()} has been failed , error message ${wf:errorMessage(wf:lastErrorNode())}</body>
         </email>
         <ok to="KILL"/>
         <error to="KILL"/>
    </action>	
    <kill name="KILL">
        <!-- <message>"Killed job due to error"</message> -->
        <message>Job failed for PL Quotes Tables , error message[${wf:errorMessage(wf:lastErrorNode())}]</message>
    </kill>
   <end name="END"/>
</workflow-app>
